Time (sec),Ti575 Flash Thickness,Ti64 Flash Thickness,,Time (sec),Oscillation stroke 
0.711,0,0.12,,0.001,0.004731
0.822,0,0.15,,0.002,-0.01066
0.911,0,0.22,,0.003,0.013488
1.089,0,0.33,,0.004,0.002469
1.267,0,0.55,,0.005,0.0035
1.355,0,0.59,,0.006,-0.00975
1.511,0,0.68,,0.007,0.002949
1.622,0,0.7,,0.008,0.007489
1.667,0.03,0.81,,0.009,0.00012
1.733,0.2,1.31,,0.01,-0.00469
1.778,0.23,1.49,,0.011,-0.00078
1.844,0.2,1.79,,0.012,0.000962
1.911,0.27,1.95,,0.013,-0.00194
2.022,0.25,1.98,,0.014,-0.00982
2.178,0.46,2.23,,0.015,0.0004
2.289,0.55,2,,0.016,-0.00049
2.467,0.67,2.34,,0.017,0.000768
2.6,0.71,2.14,,0.018,0.000291
2.711,0.75,2.47,,0.019,0.001048
2.778,0.79,2.29,,0.02,0.000243
2.822,0.86,2.08,,0.021,-0.00413
,,,,0.022,-0.00248
,,,,0.023,0.000567
,,,,0.024,-0.00767
,,,,0.025,-0.00135
,,,,0.026,-0.00147
,,,,0.027,0.002764
,,,,0.028,0.005729
,,,,0.029,-0.01115
,,,,0.03,0.004903
,,,,0.031,-0.00247
,,,,0.032,0.002451
,,,,0.033,-0.00399
,,,,0.034,0.006299
,,,,0.035,-0.00281
,,,,0.036,-0.00315
,,,,0.037,0.000309
,,,,0.038,-0.00454
,,,,0.039,0.003616
,,,,0.04,-0.01531
,,,,0.041,-0.00473
,,,,0.042,0.007847
,,,,0.043,0.000152
,,,,0.044,0.009021
,,,,0.045,-0.00502
,,,,0.046,-0.0018
,,,,0.047,0.013551
,,,,0.048,-0.00548
,,,,0.049,-0.0082
,,,,0.05,0.005374
,,,,0.051,0.002319
,,,,0.052,-0.00291
,,,,0.053,0.006064
,,,,0.054,0.003827
,,,,0.055,0.004749
,,,,0.056,-0.00209
,,,,0.057,-0.00104
,,,,0.058,0.009619
,,,,0.059,0.006318
,,,,0.06,0.00013
,,,,0.061,-0.00297
,,,,0.062,0.005808
,,,,0.063,0.002584
,,,,0.064,-0.00699
,,,,0.065,-0.00177
,,,,0.066,0.007635
,,,,0.067,0.0000786
,,,,0.068,-0.00943
,,,,0.069,-0.00513
,,,,0.07,0.006702
,,,,0.071,0.001411
,,,,0.072,-0.00583
,,,,0.073,0.001971
,,,,0.074,-0.00013
,,,,0.075,-0.01288
,,,,0.076,-0.00561
,,,,0.077,0.000291
,,,,0.078,0.000671
,,,,0.079,-0.00466
,,,,0.08,-0.00325
,,,,0.081,0.001655
,,,,0.082,0.006491
,,,,0.083,-0.01066
,,,,0.084,-0.00476
,,,,0.085,-0.000042
,,,,0.086,0.003137
,,,,0.087,-0.00095
,,,,0.088,0.0033
,,,,0.089,0.002257
,,,,0.09,-0.00316
,,,,0.091,-0.00261
,,,,0.092,0.000742
,,,,0.093,0.001379
,,,,0.094,0.008033
,,,,0.095,-0.00554
,,,,0.096,-0.00669
,,,,0.097,0.003322
,,,,0.098,-0.00294
,,,,0.099,-0.00068
,,,,0.1,-0.01196
,,,,0.101,0.003678
,,,,0.102,-0.00542
,,,,0.103,-0.0045
,,,,0.104,0.008556
,,,,0.105,-0.00285
,,,,0.106,0.007677
,,,,0.107,-0.00285
,,,,0.108,0.011761
,,,,0.109,0.005378
,,,,0.11,-0.00192
,,,,0.111,-0.01022
,,,,0.112,0.005702
,,,,0.113,0.000134
,,,,0.114,0.000299
,,,,0.115,-0.00503
,,,,0.116,0.005784
,,,,0.117,0.011988
,,,,0.118,-0.0093
,,,,0.119,-0.00636
,,,,0.12,0.004873
,,,,0.121,-0.00519
,,,,0.122,0.003453
,,,,0.123,0.000529
,,,,0.124,0.015681
,,,,0.125,0.007092
,,,,0.126,-0.00607
,,,,0.127,0.017912
,,,,0.128,0.006992
,,,,0.129,-0.01051
,,,,0.13,-0.00387
,,,,0.131,0.007668
,,,,0.132,0.006799
,,,,0.133,-0.00039
,,,,0.134,-0.00727
,,,,0.135,-0.00202
,,,,0.136,0.00119
,,,,0.137,0.002812
,,,,0.138,-0.00252
,,,,0.139,0.008228
,,,,0.14,0.001378
,,,,0.141,0.003845
,,,,0.142,-0.00595
,,,,0.143,0.007705
,,,,0.144,0.00772
,,,,0.145,-0.00472
,,,,0.146,-0.00369
,,,,0.147,-0.00478
,,,,0.148,0.004149
,,,,0.149,-0.00027
,,,,0.15,-0.00312
,,,,0.151,-0.000076
,,,,0.152,0.008197
,,,,0.153,-0.00745
,,,,0.154,-0.00193
,,,,0.155,0.008964
,,,,0.156,-0.00912
,,,,0.157,-0.0012
,,,,0.158,-0.00884
,,,,0.159,-0.00307
,,,,0.16,0.001964
,,,,0.161,-0.01292
,,,,0.162,-0.00161
,,,,0.163,0.002358
,,,,0.164,-0.00571
,,,,0.165,-0.0097
,,,,0.166,-0.00215
,,,,0.167,-0.00861
,,,,0.168,-0.00125
,,,,0.169,0.003417
,,,,0.17,-0.00351
,,,,0.171,-0.00165
,,,,0.172,-0.00667
,,,,0.173,-0.00181
,,,,0.174,0.009581
,,,,0.175,-0.0039
,,,,0.176,-0.00561
,,,,0.177,-0.01237
,,,,0.178,0.000444
,,,,0.179,-0.00439
,,,,0.18,0.005304
,,,,0.181,-0.00449
,,,,0.182,0.001617
,,,,0.183,0.004598
,,,,0.184,-0.00439
,,,,0.185,0.000619
,,,,0.186,0.003095
,,,,0.187,-0.00589
,,,,0.188,-0.00836
,,,,0.189,0.000495
,,,,0.19,0.011062
,,,,0.191,0.001125
,,,,0.192,-0.00716
,,,,0.193,-0.00626
,,,,0.194,-0.00121
,,,,0.195,-0.00703
,,,,0.196,-0.00657
,,,,0.197,-0.00253
,,,,0.198,0.003795
,,,,0.199,-0.00732
,,,,0.2,-0.00537
,,,,0.201,-0.00444
,,,,0.202,0.006633
,,,,0.203,-0.00556
,,,,0.204,0.011847
,,,,0.205,-0.00257
,,,,0.206,0.003086
,,,,0.207,-0.00893
,,,,0.208,-0.00418
,,,,0.209,0.003184
,,,,0.21,0.003066
,,,,0.211,0.006815
,,,,0.212,-0.001
,,,,0.213,-0.00743
,,,,0.214,0.001761
,,,,0.215,-0.00571
,,,,0.216,0.005979
,,,,0.217,0.003797
,,,,0.218,-0.00301
,,,,0.219,-0.00012
,,,,0.22,-0.00493
,,,,0.221,0.002831
,,,,0.222,0.00033
,,,,0.223,-0.0133
,,,,0.224,-0.00051
,,,,0.225,-0.00048
,,,,0.226,-0.00451
,,,,0.227,0.0000235
,,,,0.228,-0.00099
,,,,0.229,0.014913
,,,,0.23,-0.00142
,,,,0.231,-0.00515
,,,,0.232,-0.00067
,,,,0.233,0.003492
,,,,0.234,-0.00428
,,,,0.235,-0.01152
,,,,0.236,0.001534
,,,,0.237,0.000287
,,,,0.238,0.001485
,,,,0.239,-0.0018
,,,,0.24,-0.00154
,,,,0.241,0.001196
,,,,0.242,-0.00215
,,,,0.243,-0.00349
,,,,0.244,0.000854
,,,,0.245,0.006066
,,,,0.246,0.006676
,,,,0.247,-0.00365
,,,,0.248,0.002045
,,,,0.249,0.005606
,,,,0.25,-0.01147
,,,,0.251,0.000356
,,,,0.252,0.004844
,,,,0.253,0.00935
,,,,0.254,-0.00144
,,,,0.255,0.008498
,,,,0.256,0.008528
,,,,0.257,0.00555
,,,,0.258,-0.00458
,,,,0.259,0.006773
,,,,0.26,0.003268
,,,,0.261,-0.00613
,,,,0.262,-0.00351
,,,,0.263,0.004801
,,,,0.264,-0.00072
,,,,0.265,0.003635
,,,,0.266,-0.00918
,,,,0.267,-0.00271
,,,,0.268,-0.00154
,,,,0.269,-0.00062
,,,,0.27,-0.00681
,,,,0.271,0.00461
,,,,0.272,0.014807
,,,,0.273,-0.00174
,,,,0.274,-0.00702
,,,,0.275,0.00188
,,,,0.276,0.004082
,,,,0.277,-0.00716
,,,,0.278,-0.00411
,,,,0.279,0.00109
,,,,0.28,0.006714
,,,,0.281,0.001268
,,,,0.282,0.000855
,,,,0.283,0.000112
,,,,0.284,0.001191
,,,,0.285,-0.00835
,,,,0.286,-0.00481
,,,,0.287,0.008972
,,,,0.288,0.002434
,,,,0.289,-0.00668
,,,,0.29,0.002212
,,,,0.291,0.003058
,,,,0.292,-0.00529
,,,,0.293,-0.00848
,,,,0.294,0.000595
,,,,0.295,0.00699
,,,,0.296,-0.00178
,,,,0.297,-0.00068
,,,,0.298,0.003718
,,,,0.299,0.006571
,,,,0.3,0.010322
,,,,0.301,-0.00264
,,,,0.302,-0.00462
,,,,0.303,-0.00243
,,,,0.304,-0.0006
,,,,0.305,-0.00605
,,,,0.306,0.003053
,,,,0.307,0.005727
,,,,0.308,-0.00848
,,,,0.309,-0.00357
,,,,0.31,0.005558
,,,,0.311,0.013685
,,,,0.312,-0.00389
,,,,0.313,-0.00456
,,,,0.314,-0.00184
,,,,0.315,0.001297
,,,,0.316,-0.00666
,,,,0.317,-0.00094
,,,,0.318,0.0000595
,,,,0.319,0.003626
,,,,0.32,-0.00258
,,,,0.321,-0.00309
,,,,0.322,0.009467
,,,,0.323,0.000532
,,,,0.324,-0.00017
,,,,0.325,0.002568
,,,,0.326,0.008972
,,,,0.327,0.011901
,,,,0.328,-0.00332
,,,,0.329,0.000334
,,,,0.33,0.008065
,,,,0.331,-0.00305
,,,,0.332,-0.000062
,,,,0.333,0.000356
,,,,0.334,0.00506
,,,,0.335,0.001255
,,,,0.336,-0.001
,,,,0.337,0.000668
,,,,0.338,0.012336
,,,,0.339,-0.00594
,,,,0.34,-0.00038
,,,,0.341,0.001756
,,,,0.342,-0.00029
,,,,0.343,-0.00781
,,,,0.344,0.001392
,,,,0.345,0.01429
,,,,0.346,0.00437
,,,,0.347,-0.00471
,,,,0.348,0.004607
,,,,0.349,0.005541
,,,,0.35,0.009151
,,,,0.351,-0.0013
,,,,0.352,0.002258
,,,,0.353,0.00502
,,,,0.354,0.00469
,,,,0.355,0.007673
,,,,0.356,-0.00317
,,,,0.357,0.01351
,,,,0.358,0.010107
,,,,0.359,-0.00678
,,,,0.36,-0.0018
,,,,0.361,0.000737
,,,,0.362,-0.00283
,,,,0.363,0.004474
,,,,0.364,0.002572
,,,,0.365,0.000443
,,,,0.366,-0.00104
,,,,0.367,-0.00727
,,,,0.368,0.004768
,,,,0.369,0.002502
,,,,0.37,0.00051
,,,,0.371,-0.00092
,,,,0.372,-0.00052
,,,,0.373,0.008569
,,,,0.374,0.001835
,,,,0.375,-0.0076
,,,,0.376,-0.0019
,,,,0.377,0.001062
,,,,0.378,-0.00654
,,,,0.379,-0.00668
,,,,0.38,0.000593
,,,,0.381,0.006226
,,,,0.382,-0.01659
,,,,0.383,-0.00073
,,,,0.384,-0.0017
,,,,0.385,0.003581
,,,,0.386,0.006846
,,,,0.387,-0.00446
,,,,0.388,0.003221
,,,,0.389,0.001873
,,,,0.39,-0.00875
,,,,0.391,-0.00969
,,,,0.392,0.005685
,,,,0.393,-0.00765
,,,,0.394,-0.01016
,,,,0.395,0.006136
,,,,0.396,0.006298
,,,,0.397,0.006084
,,,,0.398,0.001682
,,,,0.399,0.002514
,,,,0.4,0.008047
,,,,0.401,-0.00564
,,,,0.402,-0.0073
,,,,0.403,0.002481
,,,,0.404,0.003542
,,,,0.405,-0.00457
,,,,0.406,-0.0068
,,,,0.407,-0.00456
,,,,0.408,0.004471
,,,,0.409,-0.00481
,,,,0.41,-0.00575
,,,,0.411,0.009308
,,,,0.412,0.000962
,,,,0.413,-0.00277
,,,,0.414,-0.00205
,,,,0.415,0.004084
,,,,0.416,0.001127
,,,,0.417,-0.00804
,,,,0.418,-0.0028
,,,,0.419,0.001036
,,,,0.42,-0.00219
,,,,0.421,-0.00406
,,,,0.422,0.00024
,,,,0.423,0.009269
,,,,0.424,0.001304
,,,,0.425,-0.00781
,,,,0.426,0.002161
,,,,0.427,0.002074
,,,,0.428,-0.00345
,,,,0.429,-0.01439
,,,,0.43,-0.00371
,,,,0.431,0.008405
,,,,0.432,0.004395
,,,,0.433,-0.00467
,,,,0.434,-0.0091
,,,,0.435,0.000951
,,,,0.436,-0.00097
,,,,0.437,-0.01156
,,,,0.438,0.003905
,,,,0.439,0.009098
,,,,0.44,-0.00327
,,,,0.441,0.000284
,,,,0.442,-0.0036
,,,,0.443,0.001477
,,,,0.444,-0.00233
,,,,0.445,-0.00797
,,,,0.446,-0.00182
,,,,0.447,-0.00312
,,,,0.448,-0.00579
,,,,0.449,-0.00498
,,,,0.45,-0.01007
,,,,0.451,-0.01433
,,,,0.452,-0.02689
,,,,0.453,-0.0263
,,,,0.454,-0.01929
,,,,0.455,-0.02475
,,,,0.456,-0.01967
,,,,0.457,-0.02224
,,,,0.458,-0.00361
,,,,0.459,0.006353
,,,,0.46,0.002653
,,,,0.461,0.020182
,,,,0.462,0.034264
,,,,0.463,0.039983
,,,,0.464,0.048538
,,,,0.465,0.052242
,,,,0.466,0.056302
,,,,0.467,0.037114
,,,,0.468,0.016598
,,,,0.469,0.017969
,,,,0.47,-0.00499
,,,,0.471,-0.0304
,,,,0.472,-0.07634
,,,,0.473,-0.10854
,,,,0.474,-0.14454
,,,,0.475,-0.19088
,,,,0.476,-0.22265
,,,,0.477,-0.21836
,,,,0.478,-0.2
,,,,0.479,-0.16926
,,,,0.48,-0.12954
,,,,0.481,-0.06393
,,,,0.482,0.014051
,,,,0.483,0.090283
,,,,0.484,0.184042
,,,,0.485,0.261056
,,,,0.486,0.322289
,,,,0.487,0.359643
,,,,0.488,0.371995
,,,,0.489,0.341585
,,,,0.49,0.291595
,,,,0.491,0.218674
,,,,0.492,0.114176
,,,,0.493,-0.00417
,,,,0.494,-0.14941
,,,,0.495,-0.28489
,,,,0.496,-0.40615
,,,,0.497,-0.48788
,,,,0.498,-0.5416
,,,,0.499,-0.54452
,,,,0.5,-0.48065
,,,,0.501,-0.39413
,,,,0.502,-0.27741
,,,,0.503,-0.10328
,,,,0.504,0.082949
,,,,0.505,0.273899
,,,,0.506,0.454729
,,,,0.507,0.640706
,,,,0.508,0.783364
,,,,0.509,0.861062
,,,,0.51,0.860419
,,,,0.511,0.80284
,,,,0.512,0.713385
,,,,0.513,0.561254
,,,,0.514,0.349722
,,,,0.515,0.120334
,,,,0.516,-0.1249
,,,,0.517,-0.36608
,,,,0.518,-0.57824
,,,,0.519,-0.73988
,,,,0.52,-0.83713
,,,,0.521,-0.86557
,,,,0.522,-0.81575
,,,,0.523,-0.69165
,,,,0.524,-0.54268
,,,,0.525,-0.34728
,,,,0.526,-0.1065
,,,,0.527,0.146691
,,,,0.528,0.382953
,,,,0.529,0.605761
,,,,0.53,0.775435
,,,,0.531,0.903146
,,,,0.532,0.971021
,,,,0.533,0.938511
,,,,0.534,0.853451
,,,,0.535,0.737308
,,,,0.536,0.573003
,,,,0.537,0.353952
,,,,0.538,0.114605
,,,,0.539,-0.17012
,,,,0.54,-0.44223
,,,,0.541,-0.6711
,,,,0.542,-0.8556
,,,,0.543,-0.97813
,,,,0.544,-1.01301
,,,,0.545,-0.9484
,,,,0.546,-0.82486
,,,,0.547,-0.65603
,,,,0.548,-0.4343
,,,,0.549,-0.16184
,,,,0.55,0.144174
,,,,0.551,0.438055
,,,,0.552,0.693292
,,,,0.553,0.892161
,,,,0.554,1.053116
,,,,0.555,1.123302
,,,,0.556,1.100027
,,,,0.557,0.992618
,,,,0.558,0.833481
,,,,0.559,0.622333
,,,,0.56,0.300866
,,,,0.561,-0.03032
,,,,0.562,-0.38079
,,,,0.563,-0.68859
,,,,0.564,-0.96676
,,,,0.565,-1.18698
,,,,0.566,-1.27616
,,,,0.567,-1.25061
,,,,0.568,-1.13931
,,,,0.569,-0.94327
,,,,0.57,-0.66372
,,,,0.571,-0.33513
,,,,0.572,0.043636
,,,,0.573,0.399515
,,,,0.574,0.763145
,,,,0.575,1.028782
,,,,0.576,1.238225
,,,,0.577,1.368972
,,,,0.578,1.391375
,,,,0.579,1.25925
,,,,0.58,1.070091
,,,,0.581,0.819083
,,,,0.582,0.471145
,,,,0.583,0.071455
,,,,0.584,-0.35681
,,,,0.585,-0.73821
,,,,0.586,-1.07859
,,,,0.587,-1.34103
,,,,0.588,-1.48305
,,,,0.589,-1.49074
,,,,0.59,-1.38476
,,,,0.591,-1.1882
,,,,0.592,-0.89175
,,,,0.593,-0.53461
,,,,0.594,-0.12339
,,,,0.595,0.272525
,,,,0.596,0.674995
,,,,0.597,1.020386
,,,,0.598,1.269287
,,,,0.599,1.434921
,,,,0.6,1.511029
,,,,0.601,1.428671
,,,,0.602,1.262253
,,,,0.603,1.015057
,,,,0.604,0.679971
,,,,0.605,0.273749
,,,,0.606,-0.183
,,,,0.607,-0.64005
,,,,0.608,-1.04173
,,,,0.609,-1.39807
,,,,0.61,-1.63519
,,,,0.611,-1.71164
,,,,0.612,-1.65632
,,,,0.613,-1.46606
,,,,0.614,-1.17566
,,,,0.615,-0.78627
,,,,0.616,-0.34916
,,,,0.617,0.151793
,,,,0.618,0.642723
,,,,0.619,1.041493
,,,,0.62,1.40244
,,,,0.621,1.664284
,,,,0.622,1.772455
,,,,0.623,1.732455
,,,,0.624,1.562351
,,,,0.625,1.292181
,,,,0.626,0.91738
,,,,0.627,0.420591
,,,,0.628,-0.09928
,,,,0.629,-0.64389
,,,,0.63,-1.13586
,,,,0.631,-1.54887
,,,,0.632,-1.85588
,,,,0.633,-1.98377
,,,,0.634,-1.9325
,,,,0.635,-1.73318
,,,,0.636,-1.39565
,,,,0.637,-0.97384
,,,,0.638,-0.48638
,,,,0.639,0.066838
,,,,0.64,0.606017
,,,,0.641,1.069341
,,,,0.642,1.473731
,,,,0.643,1.724439
,,,,0.644,1.865965
,,,,0.645,1.84681
,,,,0.646,1.675883
,,,,0.647,1.436496
,,,,0.648,1.05401
,,,,0.649,0.565751
,,,,0.65,0.024186
,,,,0.651,-0.52897
,,,,0.652,-1.05039
,,,,0.653,-1.49447
,,,,0.654,-1.86563
,,,,0.655,-2.05689
,,,,0.656,-2.05712
,,,,0.657,-1.90835
,,,,0.658,-1.60504
,,,,0.659,-1.20342
,,,,0.66,-0.70376
,,,,0.661,-0.16724
,,,,0.662,0.387181
,,,,0.663,0.915731
,,,,0.664,1.37522
,,,,0.665,1.682606
,,,,0.666,1.900069
,,,,0.667,1.945616
,,,,0.668,1.820058
,,,,0.669,1.591532
,,,,0.67,1.215731
,,,,0.671,0.777171
,,,,0.672,0.224226
,,,,0.673,-0.35481
,,,,0.674,-0.88154
,,,,0.675,-1.35791
,,,,0.676,-1.74853
,,,,0.677,-2.0124
,,,,0.678,-2.05413
,,,,0.679,-1.93569
,,,,0.68,-1.66026
,,,,0.681,-1.28662
,,,,0.682,-0.8091
,,,,0.683,-0.26443
,,,,0.684,0.273726
,,,,0.685,0.805573
,,,,0.686,1.25644
,,,,0.687,1.60737
,,,,0.688,1.832623
,,,,0.689,1.888277
,,,,0.69,1.799815
,,,,0.691,1.591651
,,,,0.692,1.261944
,,,,0.693,0.841677
,,,,0.694,0.333335
,,,,0.695,-0.20711
,,,,0.696,-0.74807
,,,,0.697,-1.23735
,,,,0.698,-1.64331
,,,,0.699,-1.9252
,,,,0.7,-2.02558
,,,,0.701,-1.9488
,,,,0.702,-1.70963
,,,,0.703,-1.36784
,,,,0.704,-0.9281
,,,,0.705,-0.42746
,,,,0.706,0.128148
,,,,0.707,0.675479
,,,,0.708,1.127836
,,,,0.709,1.518796
,,,,0.71,1.794157
,,,,0.711,1.902098
,,,,0.712,1.850692
,,,,0.713,1.667607
,,,,0.714,1.374679
,,,,0.715,0.979849
,,,,0.716,0.465721
,,,,0.717,-0.0661
,,,,0.718,-0.62209
,,,,0.719,-1.13283
,,,,0.72,-1.56068
,,,,0.721,-1.89338
,,,,0.722,-2.02995
,,,,0.723,-1.99006
,,,,0.724,-1.79115
,,,,0.725,-1.45318
,,,,0.726,-1.01493
,,,,0.727,-0.52938
,,,,0.728,0.030568
,,,,0.729,0.587601
,,,,0.73,1.076964
,,,,0.731,1.476849
,,,,0.732,1.784971
,,,,0.733,1.937662
,,,,0.734,1.910889
,,,,0.735,1.737672
,,,,0.736,1.454007
,,,,0.737,1.085236
,,,,0.738,0.609289
,,,,0.739,0.058828
,,,,0.74,-0.51142
,,,,0.741,-1.02456
,,,,0.742,-1.47057
,,,,0.743,-1.83244
,,,,0.744,-2.02125
,,,,0.745,-2.00239
,,,,0.746,-1.83881
,,,,0.747,-1.53188
,,,,0.748,-1.11015
,,,,0.749,-0.61297
,,,,0.75,-0.072
,,,,0.751,0.472717
,,,,0.752,1.004989
,,,,0.753,1.426061
,,,,0.754,1.704648
,,,,0.755,1.891033
,,,,0.756,1.91275
,,,,0.757,1.738871
,,,,0.758,1.490702
,,,,0.759,1.135599
,,,,0.76,0.702213
,,,,0.761,0.183787
,,,,0.762,-0.36532
,,,,0.763,-0.90044
,,,,0.764,-1.35285
,,,,0.765,-1.73943
,,,,0.766,-1.9698
,,,,0.767,-2.00682
,,,,0.768,-1.86604
,,,,0.769,-1.58692
,,,,0.77,-1.2273
,,,,0.771,-0.73944
,,,,0.772,-0.19387
,,,,0.773,0.333656
,,,,0.774,0.873127
,,,,0.775,1.310686
,,,,0.776,1.646651
,,,,0.777,1.869571
,,,,0.778,1.873612
,,,,0.779,1.767409
,,,,0.78,1.557248
,,,,0.781,1.224685
,,,,0.782,0.808557
,,,,0.783,0.314837
,,,,0.784,-0.2049
,,,,0.785,-0.73665
,,,,0.786,-1.22959
,,,,0.787,-1.6229
,,,,0.788,-1.91284
,,,,0.789,-2.01024
,,,,0.79,-1.9117
,,,,0.791,-1.67389
,,,,0.792,-1.31251
,,,,0.793,-0.84876
,,,,0.794,-0.33933
,,,,0.795,0.229364
,,,,0.796,0.775856
,,,,0.797,1.224882
,,,,0.798,1.583969
,,,,0.799,1.829595
,,,,0.8,1.887095
,,,,0.801,1.779565
,,,,0.802,1.574937
,,,,0.803,1.301803
,,,,0.804,0.909174
,,,,0.805,0.414528
,,,,0.806,-0.10172
,,,,0.807,-0.63795
,,,,0.808,-1.13876
,,,,0.809,-1.5534
,,,,0.81,-1.87393
,,,,0.811,-2.00274
,,,,0.812,-1.9319
,,,,0.813,-1.73569
,,,,0.814,-1.39496
,,,,0.815,-0.95916
,,,,0.816,-0.45401
,,,,0.817,0.110858
,,,,0.818,0.655427
,,,,0.819,1.127986
,,,,0.82,1.509968
,,,,0.821,1.775595
,,,,0.822,1.886397
,,,,0.823,1.83828
,,,,0.824,1.643168
,,,,0.825,1.376399
,,,,0.826,1.037614
,,,,0.827,0.588876
,,,,0.828,0.074229
,,,,0.829,-0.48086
,,,,0.83,-0.98758
,,,,0.831,-1.42421
,,,,0.832,-1.79402
,,,,0.833,-1.97773
,,,,0.834,-1.9525
,,,,0.835,-1.77817
,,,,0.836,-1.47087
,,,,0.837,-1.04488
,,,,0.838,-0.55985
,,,,0.839,-0.00611
,,,,0.84,0.538147
,,,,0.841,1.038918
,,,,0.842,1.472046
,,,,0.843,1.73272
,,,,0.844,1.882413
,,,,0.845,1.854362
,,,,0.846,1.677075
,,,,0.847,1.429061
,,,,0.848,1.080709
,,,,0.849,0.641756
,,,,0.85,0.147579
,,,,0.851,-0.42975
,,,,0.852,-0.94299
,,,,0.853,-1.40354
,,,,0.854,-1.77899
,,,,0.855,-2.00356
,,,,0.856,-2.003
,,,,0.857,-1.83323
,,,,0.858,-1.53446
,,,,0.859,-1.14775
,,,,0.86,-0.66076
,,,,0.861,-0.10261
,,,,0.862,0.451845
,,,,0.863,0.962756
,,,,0.864,1.393789
,,,,0.865,1.711353
,,,,0.866,1.893698
,,,,0.867,1.867353
,,,,0.868,1.717931
,,,,0.869,1.491076
,,,,0.87,1.180955
,,,,0.871,0.765739
,,,,0.872,0.250713
,,,,0.873,-0.27526
,,,,0.874,-0.79668
,,,,0.875,-1.29063
,,,,0.876,-1.68273
,,,,0.877,-1.9537
,,,,0.878,-2.00317
,,,,0.879,-1.86996
,,,,0.88,-1.60726
,,,,0.881,-1.23458
,,,,0.882,-0.76861
,,,,0.883,-0.24174
,,,,0.884,0.321487
,,,,0.885,0.866477
,,,,0.886,1.296492
,,,,0.887,1.644126
,,,,0.888,1.857359
,,,,0.889,1.917389
,,,,0.89,1.775759
,,,,0.891,1.55474
,,,,0.892,1.275669
,,,,0.893,0.883094
,,,,0.894,0.373148
,,,,0.895,-0.15945
,,,,0.896,-0.69622
,,,,0.897,-1.20566
,,,,0.898,-1.62493
,,,,0.899,-1.93899
,,,,0.9,-2.03434
,,,,0.901,-1.92659
,,,,0.902,-1.70189
,,,,0.903,-1.34479
,,,,0.904,-0.86224
,,,,0.905,-0.35793
,,,,0.906,0.20349
,,,,0.907,0.766646
,,,,0.908,1.253136
,,,,0.909,1.61344
,,,,0.91,1.851101
,,,,0.911,1.938559
,,,,0.912,1.835109
,,,,0.913,1.612727
,,,,0.914,1.35365
,,,,0.915,0.972279
,,,,0.916,0.477004
,,,,0.917,-0.04627
,,,,0.918,-0.60862
,,,,0.919,-1.1171
,,,,0.92,-1.55391
,,,,0.921,-1.89539
,,,,0.922,-2.03949
,,,,0.923,-1.96976
,,,,0.924,-1.7502
,,,,0.925,-1.42037
,,,,0.926,-0.98206
,,,,0.927,-0.48445
,,,,0.928,0.08479
,,,,0.929,0.619883
,,,,0.93,1.117596
,,,,0.931,1.542318
,,,,0.932,1.804919
,,,,0.933,1.925843
,,,,0.934,1.873198
,,,,0.935,1.678034
,,,,0.936,1.415853
,,,,0.937,1.062686
,,,,0.938,0.594501
,,,,0.939,0.082655
,,,,0.94,-0.47929
,,,,0.941,-1.00465
,,,,0.942,-1.47039
,,,,0.943,-1.83151
,,,,0.944,-2.02713
,,,,0.945,-2.00078
,,,,0.946,-1.82128
,,,,0.947,-1.49565
,,,,0.948,-1.09323
,,,,0.949,-0.60852
,,,,0.95,-0.04117
,,,,0.951,0.499963
,,,,0.952,1.03015
,,,,0.953,1.458035
,,,,0.954,1.750549
,,,,0.955,1.921748
,,,,0.956,1.875646
,,,,0.957,1.710677
,,,,0.958,1.489184
,,,,0.959,1.157537
,,,,0.96,0.723185
,,,,0.961,0.20826
,,,,0.962,-0.32035
,,,,0.963,-0.84365
,,,,0.964,-1.33417
,,,,0.965,-1.70518
,,,,0.966,-1.93508
,,,,0.967,-1.95014
,,,,0.968,-1.80274
,,,,0.969,-1.53212
,,,,0.97,-1.15594
,,,,0.971,-0.69234
,,,,0.972,-0.16586
,,,,0.973,0.384201
,,,,0.974,0.923028
,,,,0.975,1.36869
,,,,0.976,1.689252
,,,,0.977,1.896122
,,,,0.978,1.932783
,,,,0.979,1.76676
,,,,0.98,1.541157
,,,,0.981,1.248735
,,,,0.982,0.841375
,,,,0.983,0.313146
,,,,0.984,-0.2257
,,,,0.985,-0.77956
,,,,0.986,-1.27481
,,,,0.987,-1.69099
,,,,0.988,-1.99462
,,,,0.989,-2.04668
,,,,0.99,-1.92916
,,,,0.991,-1.67213
,,,,0.992,-1.31638
,,,,0.993,-0.82214
,,,,0.994,-0.29315
,,,,0.995,0.261492
,,,,0.996,0.833441
,,,,0.997,1.320549
,,,,0.998,1.687729
,,,,0.999,1.90384
,,,,1,1.970742
,,,,1.001,1.857319
,,,,1.002,1.636163
,,,,1.003,1.327157
,,,,1.004,0.940797
,,,,1.005,0.456961
,,,,1.006,-0.0714
,,,,1.007,-0.61594
,,,,1.008,-1.11141
,,,,1.009,-1.51973
,,,,1.01,-1.84236
,,,,1.011,-1.95615
,,,,1.012,-1.85775
,,,,1.013,-1.65339
,,,,1.014,-1.33336
,,,,1.015,-0.89517
,,,,1.016,-0.40341
,,,,1.017,0.159314
,,,,1.018,0.691771
,,,,1.019,1.150401
,,,,1.02,1.58672
,,,,1.021,1.830594
,,,,1.022,1.932443
,,,,1.023,1.866312
,,,,1.024,1.665481
,,,,1.025,1.399167
,,,,1.026,1.009576
,,,,1.027,0.525614
,,,,1.028,-0.00985
,,,,1.029,-0.57209
,,,,1.03,-1.10717
,,,,1.031,-1.54923
,,,,1.032,-1.9126
,,,,1.033,-2.06236
,,,,1.034,-2.00962
,,,,1.035,-1.79913
,,,,1.036,-1.46692
,,,,1.037,-1.03374
,,,,1.038,-0.52997
,,,,1.039,0.048158
,,,,1.04,0.614873
,,,,1.041,1.119946
,,,,1.042,1.54343
,,,,1.043,1.837348
,,,,1.044,1.985292
,,,,1.045,1.923284
,,,,1.046,1.740905
,,,,1.047,1.484931
,,,,1.048,1.109611
,,,,1.049,0.643652
,,,,1.05,0.087506
,,,,1.051,-0.48225
,,,,1.052,-1.00522
,,,,1.053,-1.48906
,,,,1.054,-1.87561
,,,,1.055,-2.06407
,,,,1.056,-2.04004
,,,,1.057,-1.86478
,,,,1.058,-1.56667
,,,,1.059,-1.15973
,,,,1.06,-0.66088
,,,,1.061,-0.12489
,,,,1.062,0.429511
,,,,1.063,0.989181
,,,,1.064,1.441711
,,,,1.065,1.727036
,,,,1.066,1.938238
,,,,1.067,1.936289
,,,,1.068,1.79896
,,,,1.069,1.536972
,,,,1.07,1.217236
,,,,1.071,0.799326
,,,,1.072,0.272162
,,,,1.073,-0.28351
,,,,1.074,-0.82548
,,,,1.075,-1.32192
,,,,1.076,-1.71985
,,,,1.077,-1.9887
,,,,1.078,-2.02127
,,,,1.079,-1.86593
,,,,1.08,-1.60548
,,,,1.081,-1.25128
,,,,1.082,-0.77118
,,,,1.083,-0.25099
,,,,1.084,0.300118
,,,,1.085,0.839249
,,,,1.086,1.31948
,,,,1.087,1.670872
,,,,1.088,1.883742
,,,,1.089,1.94668
,,,,1.09,1.830127
,,,,1.091,1.596489
,,,,1.092,1.30071
,,,,1.093,0.899853
,,,,1.094,0.381863
,,,,1.095,-0.12932
,,,,1.096,-0.68659
,,,,1.097,-1.19172
,,,,1.098,-1.59728
,,,,1.099,-1.90352
,,,,1.1,-1.99731
,,,,1.101,-1.87974
,,,,1.102,-1.64724
,,,,1.103,-1.30583
,,,,1.104,-0.85589
,,,,1.105,-0.34274
,,,,1.106,0.220491
,,,,1.107,0.769974
,,,,1.108,1.231299
,,,,1.109,1.63281
,,,,1.11,1.897291
,,,,1.111,1.974384
,,,,1.112,1.877752
,,,,1.113,1.665969
,,,,1.114,1.377822
,,,,1.115,0.977889
,,,,1.116,0.476232
,,,,1.117,-0.05042
,,,,1.118,-0.6144
,,,,1.119,-1.1252
,,,,1.12,-1.5633
,,,,1.121,-1.89211
,,,,1.122,-2.01615
,,,,1.123,-1.94213
,,,,1.124,-1.73269
,,,,1.125,-1.39454
,,,,1.126,-0.95854
,,,,1.127,-0.46785
,,,,1.128,0.111191
,,,,1.129,0.652659
,,,,1.13,1.14143
,,,,1.131,1.555707
,,,,1.132,1.839786
,,,,1.133,1.992321
,,,,1.134,1.916854
,,,,1.135,1.727382
,,,,1.136,1.47123
,,,,1.137,1.092258
,,,,1.138,0.596497
,,,,1.139,0.02743
,,,,1.14,-0.54245
,,,,1.141,-1.07145
,,,,1.142,-1.52807
,,,,1.143,-1.89629
,,,,1.144,-2.06445
,,,,1.145,-2.01645
,,,,1.146,-1.82368
,,,,1.147,-1.50492
,,,,1.148,-1.0834
,,,,1.149,-0.59155
,,,,1.15,-0.03725
,,,,1.151,0.529004
,,,,1.152,1.047521
,,,,1.153,1.488132
,,,,1.154,1.803323
,,,,1.155,1.942658
,,,,1.156,1.946321
,,,,1.157,1.788387
,,,,1.158,1.53354
,,,,1.159,1.172009
,,,,1.16,0.716911
,,,,1.161,0.168
,,,,1.162,-0.41058
,,,,1.163,-0.94963
,,,,1.164,-1.42423
,,,,1.165,-1.81437
,,,,1.166,-2.03545
,,,,1.167,-2.03889
,,,,1.168,-1.8706
,,,,1.169,-1.58536
,,,,1.17,-1.2096
,,,,1.171,-0.71328
,,,,1.172,-0.16895
,,,,1.173,0.377639
,,,,1.174,0.912367
,,,,1.175,1.379066
,,,,1.176,1.710351
,,,,1.177,1.918939
,,,,1.178,1.948156
,,,,1.179,1.815024
,,,,1.18,1.591137
,,,,1.181,1.273544
,,,,1.182,0.835566
,,,,1.183,0.308327
,,,,1.184,-0.24223
,,,,1.185,-0.80339
,,,,1.186,-1.31345
,,,,1.187,-1.71291
,,,,1.188,-1.99155
,,,,1.189,-2.04028
,,,,1.19,-1.90948
,,,,1.191,-1.64464
,,,,1.192,-1.29308
,,,,1.193,-0.82681
,,,,1.194,-0.31395
,,,,1.195,0.237605
,,,,1.196,0.789344
,,,,1.197,1.274777
,,,,1.198,1.643629
,,,,1.199,1.895379
,,,,1.2,1.987344
,,,,1.201,1.863218
,,,,1.202,1.6459
,,,,1.203,1.374326
,,,,1.204,0.949185
,,,,1.205,0.418596
,,,,1.206,-0.1367
,,,,1.207,-0.69756
,,,,1.208,-1.22336
,,,,1.209,-1.64678
,,,,1.21,-1.97311
,,,,1.211,-2.0578
,,,,1.212,-1.95884
,,,,1.213,-1.72636
,,,,1.214,-1.38275
,,,,1.215,-0.93297
,,,,1.216,-0.43083
,,,,1.217,0.133015
,,,,1.218,0.695469
,,,,1.219,1.177698
,,,,1.22,1.576413
,,,,1.221,1.860026
,,,,1.222,1.990608
,,,,1.223,1.902276
,,,,1.224,1.698568
,,,,1.225,1.435696
,,,,1.226,1.045222
,,,,1.227,0.557207
,,,,1.228,-0.01554
,,,,1.229,-0.57496
,,,,1.23,-1.09795
,,,,1.231,-1.55064
,,,,1.232,-1.89491
,,,,1.233,-2.04371
,,,,1.234,-1.97289
,,,,1.235,-1.77234
,,,,1.236,-1.45405
,,,,1.237,-1.0333
,,,,1.238,-0.53138
,,,,1.239,0.008575
,,,,1.24,0.558045
,,,,1.241,1.07193
,,,,1.242,1.490822
,,,,1.243,1.792623
,,,,1.244,1.959666
,,,,1.245,1.939927
,,,,1.246,1.757447
,,,,1.247,1.502695
,,,,1.248,1.123427
,,,,1.249,0.663817
,,,,1.25,0.12428
,,,,1.251,-0.46156
,,,,1.252,-1.00302
,,,,1.253,-1.46898
,,,,1.254,-1.83741
,,,,1.255,-2.03976
,,,,1.256,-2.01065
,,,,1.257,-1.82756
,,,,1.258,-1.53503
,,,,1.259,-1.14401
,,,,1.26,-0.65682
,,,,1.261,-0.12753
,,,,1.262,0.42288
,,,,1.263,0.957453
,,,,1.264,1.402114
,,,,1.265,1.748617
,,,,1.266,1.926823
,,,,1.267,1.951624
,,,,1.268,1.793513
,,,,1.269,1.584734
,,,,1.27,1.23319
,,,,1.271,0.757236
,,,,1.272,0.217956
,,,,1.273,-0.34735
,,,,1.274,-0.89335
,,,,1.275,-1.39944
,,,,1.276,-1.78432
,,,,1.277,-2.02781
,,,,1.278,-2.03673
,,,,1.279,-1.88132
,,,,1.28,-1.60515
,,,,1.281,-1.2328
,,,,1.282,-0.76009
,,,,1.283,-0.24306
,,,,1.284,0.317656
,,,,1.285,0.866911
,,,,1.286,1.302918
,,,,1.287,1.664115
,,,,1.288,1.918289
,,,,1.289,1.977421
,,,,1.29,1.84908
,,,,1.291,1.646364
,,,,1.292,1.336618
,,,,1.293,0.909623
,,,,1.294,0.366261
,,,,1.295,-0.20373
,,,,1.296,-0.75398
,,,,1.297,-1.27361
,,,,1.298,-1.69846
,,,,1.299,-1.97296
,,,,1.3,-2.04869
,,,,1.301,-1.92676
,,,,1.302,-1.68265
,,,,1.303,-1.33
,,,,1.304,-0.87388
,,,,1.305,-0.37456
,,,,1.306,0.180032
,,,,1.307,0.739234
,,,,1.308,1.244747
,,,,1.309,1.610673
,,,,1.31,1.885068
,,,,1.311,2.008295
,,,,1.312,1.905947
,,,,1.313,1.701328
,,,,1.314,1.400355
,,,,1.315,0.986856
,,,,1.316,0.487259
,,,,1.317,-0.07925
,,,,1.318,-0.65634
,,,,1.319,-1.16715
,,,,1.32,-1.59963
,,,,1.321,-1.92845
,,,,1.322,-2.04836
,,,,1.323,-1.9479
,,,,1.324,-1.72466
,,,,1.325,-1.40657
,,,,1.326,-0.97481
,,,,1.327,-0.47948
,,,,1.328,0.069841
,,,,1.329,0.615421
,,,,1.33,1.095015
,,,,1.331,1.522777
,,,,1.332,1.829814
,,,,1.333,1.989662
,,,,1.334,1.947382
,,,,1.335,1.769362
,,,,1.336,1.492585
,,,,1.337,1.094423
,,,,1.338,0.602837
,,,,1.339,0.039351
,,,,1.34,-0.53299
,,,,1.341,-1.0789
,,,,1.342,-1.52965
,,,,1.343,-1.8789
,,,,1.344,-2.05671
,,,,1.345,-2.01062
,,,,1.346,-1.80277
,,,,1.347,-1.48976
,,,,1.348,-1.08091
,,,,1.349,-0.59974
,,,,1.35,-0.05563
,,,,1.351,0.493606
,,,,1.352,1.032812
,,,,1.353,1.466444
,,,,1.354,1.796023
,,,,1.355,1.99462
,,,,1.356,1.978154
,,,,1.357,1.824182
,,,,1.358,1.566825
,,,,1.359,1.197077
,,,,1.36,0.731352
,,,,1.361,0.163217
,,,,1.362,-0.41503
,,,,1.363,-0.95513
,,,,1.364,-1.44361
,,,,1.365,-1.8207
,,,,1.366,-2.02905
,,,,1.367,-2.02149
,,,,1.368,-1.85722
,,,,1.369,-1.55674
,,,,1.37,-1.17178
,,,,1.371,-0.6979
,,,,1.372,-0.16375
,,,,1.373,0.381799
,,,,1.374,0.904446
,,,,1.375,1.398762
,,,,1.376,1.709388
,,,,1.377,1.961925
,,,,1.378,2.014052
,,,,1.379,1.881172
,,,,1.38,1.638533
,,,,1.381,1.306569
,,,,1.382,0.847735
,,,,1.383,0.274079
,,,,1.384,-0.30516
,,,,1.385,-0.86956
,,,,1.386,-1.37248
,,,,1.387,-1.77821
,,,,1.388,-2.0417
,,,,1.389,-2.05289
,,,,1.39,-1.91756
,,,,1.391,-1.65146
,,,,1.392,-1.28491
,,,,1.393,-0.8062
,,,,1.394,-0.285
,,,,1.395,0.255637
,,,,1.396,0.816873
,,,,1.397,1.284886
,,,,1.398,1.648959
,,,,1.399,1.924994
,,,,1.4,2.028076
,,,,1.401,1.940999
,,,,1.402,1.72521
,,,,1.403,1.384423
,,,,1.404,0.957445
,,,,1.405,0.408235
,,,,1.406,-0.16633
,,,,1.407,-0.75539
,,,,1.408,-1.26881
,,,,1.409,-1.69257
,,,,1.41,-1.99121
,,,,1.411,-2.07253
,,,,1.412,-1.95064
,,,,1.413,-1.71186
,,,,1.414,-1.36339
,,,,1.415,-0.91983
,,,,1.416,-0.42161
,,,,1.417,0.11714
,,,,1.418,0.6901
,,,,1.419,1.14898
,,,,1.42,1.561642
,,,,1.421,1.866122
,,,,1.422,2.010517
,,,,1.423,1.964298
,,,,1.424,1.778817
,,,,1.425,1.484482
,,,,1.426,1.066504
,,,,1.427,0.545924
,,,,1.428,-0.03186
,,,,1.429,-0.62382
,,,,1.43,-1.17069
,,,,1.431,-1.60124
,,,,1.432,-1.94273
,,,,1.433,-2.06375
,,,,1.434,-1.99804
,,,,1.435,-1.78266
,,,,1.436,-1.44752
,,,,1.437,-1.032
,,,,1.438,-0.54912
,,,,1.439,0.017099
,,,,1.44,0.565173
,,,,1.441,1.075126
,,,,1.442,1.50531
,,,,1.443,1.82345
,,,,1.444,2.002184
,,,,1.445,2.002474
,,,,1.446,1.821194
,,,,1.447,1.56029
,,,,1.448,1.163641
,,,,1.449,0.657359
,,,,1.45,0.084865
,,,,1.451,-0.50169
,,,,1.452,-1.05781
,,,,1.453,-1.5189
,,,,1.454,-1.88863
,,,,1.455,-2.06371
,,,,1.456,-2.01682
,,,,1.457,-1.83576
,,,,1.458,-1.52906
,,,,1.459,-1.12457
,,,,1.46,-0.64906
,,,,1.461,-0.11464
,,,,1.462,0.426295
,,,,1.463,0.971592
,,,,1.464,1.41339
,,,,1.465,1.722287
,,,,1.466,1.951017
,,,,1.467,2.004046
,,,,1.468,1.861254
,,,,1.469,1.635839
,,,,1.47,1.279058
,,,,1.471,0.791551
,,,,1.472,0.237826
,,,,1.473,-0.36079
,,,,1.474,-0.91832
,,,,1.475,-1.41066
,,,,1.476,-1.80524
,,,,1.477,-2.04509
,,,,1.478,-2.04705
,,,,1.479,-1.88518
,,,,1.48,-1.61252
,,,,1.481,-1.23555
,,,,1.482,-0.75246
,,,,1.483,-0.2201
,,,,1.484,0.31546
,,,,1.485,0.843248
,,,,1.486,1.323766
,,,,1.487,1.688473
,,,,1.488,1.933573
,,,,1.489,2.010031
,,,,1.49,1.908586
,,,,1.491,1.692563
,,,,1.492,1.347957
,,,,1.493,0.901814
,,,,1.494,0.340591
,,,,1.495,-0.22041
,,,,1.496,-0.79607
,,,,1.497,-1.32383
,,,,1.498,-1.72318
,,,,1.499,-2.00935
,,,,1.5,-2.06803
,,,,1.501,-1.94492
,,,,1.502,-1.67961
,,,,1.503,-1.32912
,,,,1.504,-0.8725
,,,,1.505,-0.36515
,,,,1.506,0.188338
,,,,1.507,0.748607
,,,,1.508,1.218412
,,,,1.509,1.602835
,,,,1.51,1.896899
,,,,1.511,2.001203
,,,,1.512,1.903912
,,,,1.513,1.738584
,,,,1.514,1.43101
,,,,1.515,1.0105
,,,,1.516,0.46425
,,,,1.517,-0.10949
,,,,1.518,-0.67787
,,,,1.519,-1.23295
,,,,1.52,-1.65446
,,,,1.521,-1.97666
,,,,1.522,-2.07249
,,,,1.523,-1.98719
,,,,1.524,-1.76765
,,,,1.525,-1.41956
,,,,1.526,-0.98482
,,,,1.527,-0.5118
,,,,1.528,0.083177
,,,,1.529,0.622791
,,,,1.53,1.084376
,,,,1.531,1.526542
,,,,1.532,1.83044
,,,,1.533,2.007662
,,,,1.534,1.957605
,,,,1.535,1.785402
,,,,1.536,1.521426
,,,,1.537,1.134258
,,,,1.538,0.622542
,,,,1.539,0.048639
,,,,1.54,-0.53188
,,,,1.541,-1.05686
,,,,1.542,-1.52241
,,,,1.543,-1.89033
,,,,1.544,-2.0448
,,,,1.545,-1.99793
,,,,1.546,-1.80706
,,,,1.547,-1.49159
,,,,1.548,-1.07831
,,,,1.549,-0.59983
,,,,1.55,-0.05913
,,,,1.551,0.492916
,,,,1.552,1.013082
,,,,1.553,1.421856
,,,,1.554,1.767337
,,,,1.555,1.943458
,,,,1.556,1.980164
,,,,1.557,1.82108
,,,,1.558,1.560659
,,,,1.559,1.191539
,,,,1.56,0.718606
,,,,1.561,0.155764
,,,,1.562,-0.44578
,,,,1.563,-0.99015
,,,,1.564,-1.46241
,,,,1.565,-1.84171
,,,,1.566,-2.04912
,,,,1.567,-2.02244
,,,,1.568,-1.85526
,,,,1.569,-1.56499
,,,,1.57,-1.18685
,,,,1.571,-0.69974
,,,,1.572,-0.17134
,,,,1.573,0.371656
,,,,1.574,0.903954
,,,,1.575,1.346327
,,,,1.576,1.702247
,,,,1.577,1.923295
,,,,1.578,1.984669
,,,,1.579,1.855724
,,,,1.58,1.650667
,,,,1.581,1.292452
,,,,1.582,0.833255
,,,,1.583,0.29154
,,,,1.584,-0.27971
,,,,1.585,-0.85164
,,,,1.586,-1.34545
,,,,1.587,-1.74583
,,,,1.588,-2.01354
,,,,1.589,-2.05111
,,,,1.59,-1.91652
,,,,1.591,-1.65799
,,,,1.592,-1.26153
,,,,1.593,-0.83711
,,,,1.594,-0.3087
,,,,1.595,0.231938
,,,,1.596,0.785519
,,,,1.597,1.235329
,,,,1.598,1.623896
,,,,1.599,1.905216
,,,,1.6,2.003523
,,,,1.601,1.89894
,,,,1.602,1.694178
,,,,1.603,1.395363
,,,,1.604,0.950903
,,,,1.605,0.392346
,,,,1.606,-0.17612
,,,,1.607,-0.75876
,,,,1.608,-1.27956
,,,,1.609,-1.70035
,,,,1.61,-1.99962
,,,,1.611,-2.06882
,,,,1.612,-1.96806
,,,,1.613,-1.73224
,,,,1.614,-1.37831
,,,,1.615,-0.9174
,,,,1.616,-0.42988
,,,,1.617,0.144547
,,,,1.618,0.684027
,,,,1.619,1.158047
,,,,1.62,1.571989
,,,,1.621,1.837411
,,,,1.622,1.97666
,,,,1.623,1.944747
,,,,1.624,1.741606
,,,,1.625,1.451534
,,,,1.626,1.039362
,,,,1.627,0.517644
,,,,1.628,-0.04086
,,,,1.629,-0.62393
,,,,1.63,-1.1537
,,,,1.631,-1.59396
,,,,1.632,-1.92311
,,,,1.633,-2.06409
,,,,1.634,-1.98646
,,,,1.635,-1.78661
,,,,1.636,-1.47666
,,,,1.637,-1.05137
,,,,1.638,-0.56126
,,,,1.639,-0.01729
,,,,1.64,0.522212
,,,,1.641,1.024116
,,,,1.642,1.4547
,,,,1.643,1.772487
,,,,1.644,1.945408
,,,,1.645,1.946506
,,,,1.646,1.803112
,,,,1.647,1.539828
,,,,1.648,1.151222
,,,,1.649,0.66942
,,,,1.65,0.105186
,,,,1.651,-0.49998
,,,,1.652,-1.04137
,,,,1.653,-1.49229
,,,,1.654,-1.8577
,,,,1.655,-2.04127
,,,,1.656,-2.005
,,,,1.657,-1.82647
,,,,1.658,-1.52922
,,,,1.659,-1.13711
,,,,1.66,-0.65362
,,,,1.661,-0.09681
,,,,1.662,0.429759
,,,,1.663,0.938589
,,,,1.664,1.38831
,,,,1.665,1.739174
,,,,1.666,1.942353
,,,,1.667,1.96876
,,,,1.668,1.844962
,,,,1.669,1.614385
,,,,1.67,1.239496
,,,,1.671,0.775569
,,,,1.672,0.230367
,,,,1.673,-0.3612
,,,,1.674,-0.92167
,,,,1.675,-1.41223
,,,,1.676,-1.78748
,,,,1.677,-2.02619
,,,,1.678,-2.03865
,,,,1.679,-1.88641
,,,,1.68,-1.6149
,,,,1.681,-1.23535
,,,,1.682,-0.76126
,,,,1.683,-0.24614
,,,,1.684,0.318635
,,,,1.685,0.845197
,,,,1.686,1.306728
,,,,1.687,1.654993
,,,,1.688,1.924574
,,,,1.689,1.993777
,,,,1.69,1.895808
,,,,1.691,1.67102
,,,,1.692,1.36774
,,,,1.693,0.917347
,,,,1.694,0.358417
,,,,1.695,-0.2093
,,,,1.696,-0.77216
,,,,1.697,-1.29616
,,,,1.698,-1.69996
,,,,1.699,-1.99414
,,,,1.7,-2.04584
,,,,1.701,-1.92786
,,,,1.702,-1.69073
,,,,1.703,-1.32995
,,,,1.704,-0.87573
,,,,1.705,-0.36333
,,,,1.706,0.177383
,,,,1.707,0.73526
,,,,1.708,1.202718
,,,,1.709,1.591575
,,,,1.71,1.869578
,,,,1.711,1.995599
,,,,1.712,1.943292
,,,,1.713,1.729612
,,,,1.714,1.44294
,,,,1.715,1.012785
,,,,1.716,0.487104
,,,,1.717,-0.08736
,,,,1.718,-0.66492
,,,,1.719,-1.19361
,,,,1.72,-1.62169
,,,,1.721,-1.95217
,,,,1.722,-2.06234
,,,,1.723,-1.96464
,,,,1.724,-1.74985
,,,,1.725,-1.41594
,,,,1.726,-0.98
,,,,1.727,-0.48244
,,,,1.728,0.083802
,,,,1.729,0.625172
,,,,1.73,1.093111
,,,,1.731,1.537633
,,,,1.732,1.824205
,,,,1.733,1.979566
,,,,1.734,1.932131
,,,,1.735,1.773597
,,,,1.736,1.512756
,,,,1.737,1.08289
,,,,1.738,0.595126
,,,,1.739,0.04377
,,,,1.74,-0.56171
,,,,1.741,-1.09553
,,,,1.742,-1.53837
,,,,1.743,-1.89372
,,,,1.744,-2.05254
,,,,1.745,-1.99967
,,,,1.746,-1.80281
,,,,1.747,-1.49566
,,,,1.748,-1.08514
,,,,1.749,-0.60415
,,,,1.75,-0.05066
,,,,1.751,0.494955
,,,,1.752,0.993736
,,,,1.753,1.432616
,,,,1.754,1.758252
,,,,1.755,1.951523
,,,,1.756,1.95579
,,,,1.757,1.818458
,,,,1.758,1.582136
,,,,1.759,1.194623
,,,,1.76,0.73181
,,,,1.761,0.184917
,,,,1.762,-0.38477
,,,,1.763,-0.9225
,,,,1.764,-1.39094
,,,,1.765,-1.76596
,,,,1.766,-1.9648
,,,,1.767,-1.96944
,,,,1.768,-1.81798
,,,,1.769,-1.54153
,,,,1.77,-1.16753
,,,,1.771,-0.69819
,,,,1.772,-0.17947
,,,,1.773,0.365701
,,,,1.774,0.901254
,,,,1.775,1.327167
,,,,1.776,1.693497
,,,,1.777,1.939322
,,,,1.778,1.9756
,,,,1.779,1.878919
,,,,1.78,1.652944
,,,,1.781,1.327584
,,,,1.782,0.866658
,,,,1.783,0.295304
,,,,1.784,-0.27938
,,,,1.785,-0.83249
,,,,1.786,-1.36066
,,,,1.787,-1.7655
,,,,1.788,-2.02789
,,,,1.789,-2.06143
,,,,1.79,-1.91747
,,,,1.791,-1.66829
,,,,1.792,-1.28654
,,,,1.793,-0.80171
,,,,1.794,-0.29619
,,,,1.795,0.26827
,,,,1.796,0.816165
,,,,1.797,1.30211
,,,,1.798,1.666647
,,,,1.799,1.887234
,,,,1.8,1.980916
,,,,1.801,1.908857
,,,,1.802,1.677364
,,,,1.803,1.3617
,,,,1.804,0.944449
,,,,1.805,0.414305
,,,,1.806,-0.15038
,,,,1.807,-0.70207
,,,,1.808,-1.21915
,,,,1.809,-1.62058
,,,,1.81,-1.91217
,,,,1.811,-1.99245
,,,,1.812,-1.88141
,,,,1.813,-1.6527
,,,,1.814,-1.32763
,,,,1.815,-0.8891
,,,,1.816,-0.40216
,,,,1.817,0.141487
,,,,1.818,0.704871
,,,,1.819,1.163771
,,,,1.82,1.587732
,,,,1.821,1.867808
,,,,1.822,2.027823
,,,,1.823,1.983796
,,,,1.824,1.803704
,,,,1.825,1.52817
,,,,1.826,1.087191
,,,,1.827,0.561678
,,,,1.828,-0.01029
,,,,1.829,-0.59733
,,,,1.83,-1.15061
,,,,1.831,-1.57828
,,,,1.832,-1.90788
,,,,1.833,-2.05245
,,,,1.834,-1.97561
,,,,1.835,-1.76076
,,,,1.836,-1.43462
,,,,1.837,-1.01532
,,,,1.838,-0.52086
,,,,1.839,0.034813
,,,,1.84,0.58662
,,,,1.841,1.076008
,,,,1.842,1.495429
,,,,1.843,1.805314
,,,,1.844,1.971837
,,,,1.845,1.928257
,,,,1.846,1.778565
,,,,1.847,1.537685
,,,,1.848,1.142164
,,,,1.849,0.665397
,,,,1.85,0.118522
,,,,1.851,-0.45492
,,,,1.852,-0.97582
,,,,1.853,-1.42892
,,,,1.854,-1.7838
,,,,1.855,-1.96935
,,,,1.856,-1.94232
,,,,1.857,-1.76889
,,,,1.858,-1.49714
,,,,1.859,-1.11572
,,,,1.86,-0.64114
,,,,1.861,-0.12993
,,,,1.862,0.418912
,,,,1.863,0.958869
,,,,1.864,1.368003
,,,,1.865,1.716185
,,,,1.866,1.919955
,,,,1.867,1.964327
,,,,1.868,1.855888
,,,,1.869,1.600747
,,,,1.87,1.253059
,,,,1.871,0.789939
,,,,1.872,0.21955
,,,,1.873,-0.36139
,,,,1.874,-0.9171
,,,,1.875,-1.39737
,,,,1.876,-1.79809
,,,,1.877,-2.02641
,,,,1.878,-2.02883
,,,,1.879,-1.8802
,,,,1.88,-1.60862
,,,,1.881,-1.24302
,,,,1.882,-0.76091
,,,,1.883,-0.23739
,,,,1.884,0.311838
,,,,1.885,0.849504
,,,,1.886,1.313762
,,,,1.887,1.68228
,,,,1.888,1.910534
,,,,1.889,2.009063
,,,,1.89,1.897976
,,,,1.891,1.67685
,,,,1.892,1.348453
,,,,1.893,0.909851
,,,,1.894,0.355132
,,,,1.895,-0.22243
,,,,1.896,-0.78805
,,,,1.897,-1.30892
,,,,1.898,-1.71019
,,,,1.899,-1.99925
,,,,1.9,-2.05721
,,,,1.901,-1.91649
,,,,1.902,-1.67506
,,,,1.903,-1.32799
,,,,1.904,-0.86912
,,,,1.905,-0.35813
,,,,1.906,0.19934
,,,,1.907,0.748839
,,,,1.908,1.200216
,,,,1.909,1.606554
,,,,1.91,1.861188
,,,,1.911,1.997275
,,,,1.912,1.915373
,,,,1.913,1.721937
,,,,1.914,1.438938
,,,,1.915,0.991899
,,,,1.916,0.494287
,,,,1.917,-0.06122
,,,,1.918,-0.62116
,,,,1.919,-1.12972
,,,,1.92,-1.53241
,,,,1.921,-1.84442
,,,,1.922,-1.94955
,,,,1.923,-1.8694
,,,,1.924,-1.6693
,,,,1.925,-1.35097
,,,,1.926,-0.93669
,,,,1.927,-0.4782
,,,,1.928,0.071066
,,,,1.929,0.62222
,,,,1.93,1.095546
,,,,1.931,1.496943
,,,,1.932,1.81881
,,,,1.933,1.992967
,,,,1.934,1.925957
,,,,1.935,1.780595
,,,,1.936,1.514379
,,,,1.937,1.098392
,,,,1.938,0.596882
,,,,1.939,0.02767
,,,,1.94,-0.57143
,,,,1.941,-1.10757
,,,,1.942,-1.57465
,,,,1.943,-1.92257
,,,,1.944,-2.06812
,,,,1.945,-2.01175
,,,,1.946,-1.82438
,,,,1.947,-1.5067
,,,,1.948,-1.07719
,,,,1.949,-0.59861
,,,,1.95,-0.03264
,,,,1.951,0.516443
,,,,1.952,1.028648
,,,,1.953,1.464893
,,,,1.954,1.78672
,,,,1.955,1.957153
,,,,1.956,1.972789
,,,,1.957,1.82707
,,,,1.958,1.573309
,,,,1.959,1.204443
,,,,1.96,0.718171
,,,,1.961,0.129031
,,,,1.962,-0.46416
,,,,1.963,-1.00409
,,,,1.964,-1.48573
,,,,1.965,-1.86267
,,,,1.966,-2.07498
,,,,1.967,-2.0572
,,,,1.968,-1.88757
,,,,1.969,-1.60141
,,,,1.97,-1.20951
,,,,1.971,-0.72139
,,,,1.972,-0.18035
,,,,1.973,0.364088
,,,,1.974,0.898029
,,,,1.975,1.365065
,,,,1.976,1.709113
,,,,1.977,1.91885
,,,,1.978,1.988851
,,,,1.979,1.87377
,,,,1.98,1.657514
,,,,1.981,1.302564
,,,,1.982,0.844414
,,,,1.983,0.311657
,,,,1.984,-0.26653
,,,,1.985,-0.83889
,,,,1.986,-1.35194
,,,,1.987,-1.74622
,,,,1.988,-2.02565
,,,,1.989,-2.06505
,,,,1.99,-1.92672
,,,,1.991,-1.67514
,,,,1.992,-1.3106
,,,,1.993,-0.84323
,,,,1.994,-0.33617
,,,,1.995,0.235287
,,,,1.996,0.778472
,,,,1.997,1.243458
,,,,1.998,1.630301
,,,,1.999,1.882761
,,,,2,1.993953
,,,,2.001,1.887771
,,,,2.002,1.686185
,,,,2.003,1.391543
,,,,2.004,0.942874
,,,,2.005,0.408403
,,,,2.006,-0.14496
,,,,2.007,-0.72707
,,,,2.008,-1.24202
,,,,2.009,-1.66713
,,,,2.01,-1.97481
,,,,2.011,-2.06375
,,,,2.012,-1.96476
,,,,2.013,-1.73319
,,,,2.014,-1.38746
,,,,2.015,-0.93861
,,,,2.016,-0.43812
,,,,2.017,0.124653
,,,,2.018,0.675404
,,,,2.019,1.165973
,,,,2.02,1.55581
,,,,2.021,1.842337
,,,,2.022,1.965257
,,,,2.023,1.909361
,,,,2.024,1.729661
,,,,2.025,1.425644
,,,,2.026,1.036911
,,,,2.027,0.515171
,,,,2.028,-0.0514
,,,,2.029,-0.62919
,,,,2.03,-1.14069
,,,,2.031,-1.58512
,,,,2.032,-1.92767
,,,,2.033,-2.05238
,,,,2.034,-1.99071
,,,,2.035,-1.78664
,,,,2.036,-1.45989
,,,,2.037,-1.04058
,,,,2.038,-0.55551
,,,,2.039,-0.00768
,,,,2.04,0.538841
,,,,2.041,1.051613
,,,,2.042,1.456258
,,,,2.043,1.780578
,,,,2.044,1.962543
,,,,2.045,1.940587
,,,,2.046,1.775918
,,,,2.047,1.502273
,,,,2.048,1.139689
,,,,2.049,0.653625
,,,,2.05,0.079929
,,,,2.051,-0.50314
,,,,2.052,-1.03586
,,,,2.053,-1.49405
,,,,2.054,-1.85193
,,,,2.055,-2.05467
,,,,2.056,-2.01568
,,,,2.057,-1.83727
,,,,2.058,-1.54645
,,,,2.059,-1.14723
,,,,2.06,-0.66026
,,,,2.061,-0.11215
,,,,2.062,0.43201
,,,,2.063,0.94412
,,,,2.064,1.400125
,,,,2.065,1.751488
,,,,2.066,1.931972
,,,,2.067,1.951618
,,,,2.068,1.852926
,,,,2.069,1.621135
,,,,2.07,1.265784
,,,,2.071,0.801078
,,,,2.072,0.244984
,,,,2.073,-0.32693
,,,,2.074,-0.87743
,,,,2.075,-1.36845
,,,,2.076,-1.74032
,,,,2.077,-1.99208
,,,,2.078,-2.01095
,,,,2.079,-1.85424
,,,,2.08,-1.58401
,,,,2.081,-1.22755
,,,,2.082,-0.76102
,,,,2.083,-0.23583
,,,,2.084,0.300323
,,,,2.085,0.864246
,,,,2.086,1.296748
,,,,2.087,1.637679
,,,,2.088,1.914893
,,,,2.089,1.980318
,,,,2.09,1.852243
,,,,2.091,1.656944
,,,,2.092,1.340985
,,,,2.093,0.898315
,,,,2.094,0.346343
,,,,2.095,-0.22533
,,,,2.096,-0.79
,,,,2.097,-1.3004
,,,,2.098,-1.70652
,,,,2.099,-1.99666
,,,,2.1,-2.05276
,,,,2.101,-1.94131
,,,,2.102,-1.6975
,,,,2.103,-1.33326
,,,,2.104,-0.87112
,,,,2.105,-0.36255
,,,,2.106,0.197127
,,,,2.107,0.754824
,,,,2.108,1.2243
,,,,2.109,1.57982
,,,,2.11,1.881757
,,,,2.111,1.99347
,,,,2.112,1.908191
,,,,2.113,1.711025
,,,,2.114,1.424106
,,,,2.115,1.005123
,,,,2.116,0.502086
,,,,2.117,-0.0738
,,,,2.118,-0.63448
,,,,2.119,-1.15033
,,,,2.12,-1.56482
,,,,2.121,-1.87788
,,,,2.122,-1.98625
,,,,2.123,-1.9029
,,,,2.124,-1.69951
,,,,2.125,-1.38171
,,,,2.126,-0.95827
,,,,2.127,-0.48123
,,,,2.128,0.055399
,,,,2.129,0.618025
,,,,2.13,1.109361
,,,,2.131,1.523171
,,,,2.132,1.815717
,,,,2.133,1.972983
,,,,2.134,1.952067
,,,,2.135,1.788985
,,,,2.136,1.521039
,,,,2.137,1.11482
,,,,2.138,0.614864
,,,,2.139,0.047558
,,,,2.14,-0.55214
,,,,2.141,-1.0761
,,,,2.142,-1.5214
,,,,2.143,-1.87426
,,,,2.144,-2.03193
,,,,2.145,-1.97718
,,,,2.146,-1.7771
,,,,2.147,-1.46354
,,,,2.148,-1.06324
,,,,2.149,-0.56781
,,,,2.15,-0.02023
,,,,2.151,0.521582
,,,,2.152,1.017612
,,,,2.153,1.448238
,,,,2.154,1.77393
,,,,2.155,1.960967
,,,,2.156,1.965413
,,,,2.157,1.830354
,,,,2.158,1.575278
,,,,2.159,1.194855
,,,,2.16,0.711755
,,,,2.161,0.147524
,,,,2.162,-0.42939
,,,,2.163,-0.99001
,,,,2.164,-1.46244
,,,,2.165,-1.83346
,,,,2.166,-2.04821
,,,,2.167,-2.0372
,,,,2.168,-1.88101
,,,,2.169,-1.57629
,,,,2.17,-1.19263
,,,,2.171,-0.71778
,,,,2.172,-0.19007
,,,,2.173,0.38437
,,,,2.174,0.904626
,,,,2.175,1.339894
,,,,2.176,1.711918
,,,,2.177,1.930454
,,,,2.178,1.984403
,,,,2.179,1.87314
,,,,2.18,1.635968
,,,,2.181,1.327213
,,,,2.182,0.856118
,,,,2.183,0.293406
,,,,2.184,-0.27285
,,,,2.185,-0.82655
,,,,2.186,-1.321
,,,,2.187,-1.69694
,,,,2.188,-1.95525
,,,,2.189,-1.98407
,,,,2.19,-1.85852
,,,,2.191,-1.6221
,,,,2.192,-1.26652
,,,,2.193,-0.80406
,,,,2.194,-0.28469
,,,,2.195,0.265007
,,,,2.196,0.804947
,,,,2.197,1.256032
,,,,2.198,1.651851
,,,,2.199,1.902563
,,,,2.2,2.022904
,,,,2.201,1.912951
,,,,2.202,1.722503
,,,,2.203,1.399869
,,,,2.204,0.967487
,,,,2.205,0.436149
,,,,2.206,-0.13714
,,,,2.207,-0.71146
,,,,2.208,-1.23262
,,,,2.209,-1.6399
,,,,2.21,-1.94517
,,,,2.211,-2.01664
,,,,2.212,-1.9014
,,,,2.213,-1.68407
,,,,2.214,-1.3594
,,,,2.215,-0.90576
,,,,2.216,-0.41735
,,,,2.217,0.146145
,,,,2.218,0.680417
,,,,2.219,1.149253
,,,,2.22,1.565196
,,,,2.221,1.841848
,,,,2.222,1.971051
,,,,2.223,1.920444
,,,,2.224,1.760933
,,,,2.225,1.482048
,,,,2.226,1.056469
,,,,2.227,0.547491
,,,,2.228,-0.02027
,,,,2.229,-0.60968
,,,,2.23,-1.1556
,,,,2.231,-1.57922
,,,,2.232,-1.90997
,,,,2.233,-2.05233
,,,,2.234,-1.97728
,,,,2.235,-1.77119
,,,,2.236,-1.44612
,,,,2.237,-1.01898
,,,,2.238,-0.54244
,,,,2.239,0.017643
,,,,2.24,0.572124
,,,,2.241,1.054426
,,,,2.242,1.46769
,,,,2.243,1.79886
,,,,2.244,1.973648
,,,,2.245,1.952324
,,,,2.246,1.779135
,,,,2.247,1.526053
,,,,2.248,1.156998
,,,,2.249,0.654782
,,,,2.25,0.085003
,,,,2.251,-0.49555
,,,,2.252,-1.05254
,,,,2.253,-1.51601
,,,,2.254,-1.87896
,,,,2.255,-2.06158
,,,,2.256,-2.03535
,,,,2.257,-1.86433
,,,,2.258,-1.56992
,,,,2.259,-1.15888
,,,,2.26,-0.67322
,,,,2.261,-0.13695
,,,,2.262,0.416038
,,,,2.263,0.954028
,,,,2.264,1.390792
,,,,2.265,1.72017
,,,,2.266,1.947244
,,,,2.267,1.980192
,,,,2.268,1.832784
,,,,2.269,1.588541
,,,,2.27,1.254905
,,,,2.271,0.778793
,,,,2.272,0.233977
,,,,2.273,-0.32533
,,,,2.274,-0.85662
,,,,2.275,-1.3443
,,,,2.276,-1.72499
,,,,2.277,-1.96246
,,,,2.278,-1.96838
,,,,2.279,-1.82676
,,,,2.28,-1.57728
,,,,2.281,-1.21375
,,,,2.282,-0.76647
,,,,2.283,-0.24263
,,,,2.284,0.294345
,,,,2.285,0.837612
,,,,2.286,1.304157
,,,,2.287,1.640143
,,,,2.288,1.8961
,,,,2.289,1.986562
,,,,2.29,1.893774
,,,,2.291,1.679016
,,,,2.292,1.353935
,,,,2.293,0.904355
,,,,2.294,0.36938
,,,,2.295,-0.18761
,,,,2.296,-0.75293
,,,,2.297,-1.23847
,,,,2.298,-1.62211
,,,,2.299,-1.88507
,,,,2.3,-1.94865
,,,,2.301,-1.81943
,,,,2.302,-1.59841
,,,,2.303,-1.28205
,,,,2.304,-0.83576
,,,,2.305,-0.34646
,,,,2.306,0.209866
,,,,2.307,0.739773
,,,,2.308,1.192373
,,,,2.309,1.60678
,,,,2.31,1.877949
,,,,2.311,1.991897
,,,,2.312,1.933223
,,,,2.313,1.751342
,,,,2.314,1.437282
,,,,2.315,1.019431
,,,,2.316,0.476066
,,,,2.317,-0.08801
,,,,2.318,-0.68872
,,,,2.319,-1.2306
,,,,2.32,-1.65933
,,,,2.321,-1.97017
,,,,2.322,-2.07497
,,,,2.323,-1.99176
,,,,2.324,-1.75489
,,,,2.325,-1.41489
,,,,2.326,-0.97036
,,,,2.327,-0.47395
,,,,2.328,0.086518
,,,,2.329,0.651847
,,,,2.33,1.147271
,,,,2.331,1.546223
,,,,2.332,1.849223
,,,,2.333,2.007519
,,,,2.334,1.972362
,,,,2.335,1.773507
,,,,2.336,1.511888
,,,,2.337,1.106026
,,,,2.338,0.582305
,,,,2.339,0.023651
,,,,2.34,-0.54759
,,,,2.341,-1.07927
,,,,2.342,-1.53654
,,,,2.343,-1.87773
,,,,2.344,-2.03611
,,,,2.345,-1.98936
,,,,2.346,-1.80485
,,,,2.347,-1.49084
,,,,2.348,-1.08442
,,,,2.349,-0.61544
,,,,2.35,-0.05933
,,,,2.351,0.501646
,,,,2.352,1.002245
,,,,2.353,1.436581
,,,,2.354,1.747728
,,,,2.355,1.953322
,,,,2.356,1.977827
,,,,2.357,1.8206
,,,,2.358,1.571646
,,,,2.359,1.181624
,,,,2.36,0.718342
,,,,2.361,0.156901
,,,,2.362,-0.43324
,,,,2.363,-0.96702
,,,,2.364,-1.43892
,,,,2.365,-1.82
,,,,2.366,-2.04266
,,,,2.367,-2.02935
,,,,2.368,-1.85636
,,,,2.369,-1.58185
,,,,2.37,-1.20316
,,,,2.371,-0.72759
,,,,2.372,-0.18208
,,,,2.373,0.350768
,,,,2.374,0.8657
,,,,2.375,1.33853
,,,,2.376,1.705076
,,,,2.377,1.913725
,,,,2.378,1.969654
,,,,2.379,1.867337
,,,,2.38,1.636657
,,,,2.381,1.289539
,,,,2.382,0.83477
,,,,2.383,0.289603
,,,,2.384,-0.27963
,,,,2.385,-0.85874
,,,,2.386,-1.33883
,,,,2.387,-1.73173
,,,,2.388,-1.98593
,,,,2.389,-2.02862
,,,,2.39,-1.89705
,,,,2.391,-1.63581
,,,,2.392,-1.28588
,,,,2.393,-0.81391
,,,,2.394,-0.31043
,,,,2.395,0.234979
,,,,2.396,0.790792
,,,,2.397,1.24602
,,,,2.398,1.638883
,,,,2.399,1.895093
,,,,2.4,1.987373
,,,,2.401,1.897503
,,,,2.402,1.693066
,,,,2.403,1.390159
,,,,2.404,0.942504
,,,,2.405,0.415928
,,,,2.406,-0.14548
,,,,2.407,-0.70123
,,,,2.408,-1.21566
,,,,2.409,-1.61271
,,,,2.41,-1.88321
,,,,2.411,-1.97225
,,,,2.412,-1.8733
,,,,2.413,-1.64791
,,,,2.414,-1.3296
,,,,2.415,-0.89744
,,,,2.416,-0.43401
,,,,2.417,0.127788
,,,,2.418,0.67677
,,,,2.419,1.156012
,,,,2.42,1.554583
,,,,2.421,1.848941
,,,,2.422,2.008848
,,,,2.423,1.966416
,,,,2.424,1.772584
,,,,2.425,1.500163
,,,,2.426,1.08661
,,,,2.427,0.573345
,,,,2.428,-0.00955
,,,,2.429,-0.59532
,,,,2.43,-1.1247
,,,,2.431,-1.5669
,,,,2.432,-1.89666
,,,,2.433,-2.02358
,,,,2.434,-1.95985
,,,,2.435,-1.75419
,,,,2.436,-1.44754
,,,,2.437,-1.01481
,,,,2.438,-0.52897
,,,,2.439,0.028832
,,,,2.44,0.559706
,,,,2.441,1.073975
,,,,2.442,1.48972
,,,,2.443,1.791954
,,,,2.444,1.969107
,,,,2.445,1.978302
,,,,2.446,1.799665
,,,,2.447,1.534868
,,,,2.448,1.150802
,,,,2.449,0.679191
,,,,2.45,0.079202
,,,,2.451,-0.51112
,,,,2.452,-1.06271
,,,,2.453,-1.515
,,,,2.454,-1.89571
,,,,2.455,-2.0711
,,,,2.456,-2.04567
,,,,2.457,-1.86469
,,,,2.458,-1.56216
,,,,2.459,-1.16177
,,,,2.46,-0.67298
,,,,2.461,-0.11434
,,,,2.462,0.417644
,,,,2.463,0.961717
,,,,2.464,1.405093
,,,,2.465,1.742311
,,,,2.466,1.960061
,,,,2.467,1.98165
,,,,2.468,1.848968
,,,,2.469,1.620944
,,,,2.47,1.238805
,,,,2.471,0.761904
,,,,2.472,0.203013
,,,,2.473,-0.39909
,,,,2.474,-0.95437
,,,,2.475,-1.43506
,,,,2.476,-1.84226
,,,,2.477,-2.05373
,,,,2.478,-2.06342
,,,,2.479,-1.9037
,,,,2.48,-1.62659
,,,,2.481,-1.25525
,,,,2.482,-0.78077
,,,,2.483,-0.24994
,,,,2.484,0.301714
,,,,2.485,0.847836
,,,,2.486,1.29588
,,,,2.487,1.649457
,,,,2.488,1.915284
,,,,2.489,1.984949
,,,,2.49,1.870745
,,,,2.491,1.663021
,,,,2.492,1.338598
,,,,2.493,0.878576
,,,,2.494,0.331936
,,,,2.495,-0.22724
,,,,2.496,-0.80111
,,,,2.497,-1.31857
,,,,2.498,-1.71892
,,,,2.499,-2.00263
,,,,2.5,-2.06112
,,,,2.501,-1.94461
,,,,2.502,-1.71632
,,,,2.503,-1.36008
,,,,2.504,-0.90349
,,,,2.505,-0.39685
,,,,2.506,0.163983
,,,,2.507,0.710162
,,,,2.508,1.174019
,,,,2.509,1.55152
,,,,2.51,1.835629
,,,,2.511,1.98288
,,,,2.512,1.913631
,,,,2.513,1.71262
,,,,2.514,1.426901
,,,,2.515,1.017147
,,,,2.516,0.496718
,,,,2.517,-0.0764
,,,,2.518,-0.65644
,,,,2.519,-1.1902
,,,,2.52,-1.60472
,,,,2.521,-1.93508
,,,,2.522,-2.0446
,,,,2.523,-1.94767
,,,,2.524,-1.74189
,,,,2.525,-1.40626
,,,,2.526,-0.97619
,,,,2.527,-0.49597
,,,,2.528,0.071467
,,,,2.529,0.611739
,,,,2.53,1.110081
,,,,2.531,1.527722
,,,,2.532,1.80179
,,,,2.533,1.959075
,,,,2.534,1.932461
,,,,2.535,1.770298
,,,,2.536,1.490837
,,,,2.537,1.093632
,,,,2.538,0.590234
,,,,2.539,0.029174
,,,,2.54,-0.57584
,,,,2.541,-1.08196
,,,,2.542,-1.52839
,,,,2.543,-1.87143
,,,,2.544,-2.0328
,,,,2.545,-1.97041
,,,,2.546,-1.78998
,,,,2.547,-1.48673
,,,,2.548,-1.09308
,,,,2.549,-0.59888
,,,,2.55,-0.05146
,,,,2.551,0.461939
,,,,2.552,0.98076
,,,,2.553,1.423012
,,,,2.554,1.751665
,,,,2.555,1.93292
,,,,2.556,1.961981
,,,,2.557,1.805418
,,,,2.558,1.573076
,,,,2.559,1.196575
,,,,2.56,0.702634
,,,,2.561,0.166261
,,,,2.562,-0.43317
,,,,2.563,-0.98843
,,,,2.564,-1.46075
,,,,2.565,-1.83596
,,,,2.566,-2.05015
,,,,2.567,-2.03797
,,,,2.568,-1.87562
,,,,2.569,-1.58777
,,,,2.57,-1.20706
,,,,2.571,-0.71845
,,,,2.572,-0.18515
,,,,2.573,0.358624
,,,,2.574,0.904574
,,,,2.575,1.344558
,,,,2.576,1.695804
,,,,2.577,1.927914
,,,,2.578,1.972544
,,,,2.579,1.845667
,,,,2.58,1.627211
,,,,2.581,1.285525
,,,,2.582,0.833672
,,,,2.583,0.282802
,,,,2.584,-0.28421
,,,,2.585,-0.82715
,,,,2.586,-1.32641
,,,,2.587,-1.72766
,,,,2.588,-1.95175
,,,,2.589,-1.99633
,,,,2.59,-1.8527
,,,,2.591,-1.60766
,,,,2.592,-1.22082
,,,,2.593,-0.79851
,,,,2.594,-0.30311
,,,,2.595,0.237765
,,,,2.596,0.791474
,,,,2.597,1.247222
,,,,2.598,1.619166
,,,,2.599,1.876168
,,,,2.6,1.988651
,,,,2.601,1.901026
,,,,2.602,1.684598
,,,,2.603,1.380231
,,,,2.604,0.958832
,,,,2.605,0.409029
,,,,2.606,-0.1487
,,,,2.607,-0.74311
,,,,2.608,-1.24213
,,,,2.609,-1.65578
,,,,2.61,-1.95456
,,,,2.611,-2.03194
,,,,2.612,-1.92767
,,,,2.613,-1.69891
,,,,2.614,-1.36255
,,,,2.615,-0.92333
,,,,2.616,-0.41934
,,,,2.617,0.140364
,,,,2.618,0.684918
,,,,2.619,1.16597
,,,,2.62,1.575346
,,,,2.621,1.848636
,,,,2.622,1.98499
,,,,2.623,1.931164
,,,,2.624,1.745319
,,,,2.625,1.464355
,,,,2.626,1.041155
,,,,2.627,0.543864
,,,,2.628,-0.02531
,,,,2.629,-0.6196
,,,,2.63,-1.15568
,,,,2.631,-1.5841
,,,,2.632,-1.90779
,,,,2.633,-2.04327
,,,,2.634,-1.96988
,,,,2.635,-1.76105
,,,,2.636,-1.43931
,,,,2.637,-1.04061
,,,,2.638,-0.54058
,,,,2.639,0.009158
,,,,2.64,0.558967
,,,,2.641,1.035619
,,,,2.642,1.473187
,,,,2.643,1.799886
,,,,2.644,1.973138
,,,,2.645,1.962195
,,,,2.646,1.815546
,,,,2.647,1.565635
,,,,2.648,1.170956
,,,,2.649,0.672094
,,,,2.65,0.121857
,,,,2.651,-0.46353
,,,,2.652,-1.00748
,,,,2.653,-1.4841
,,,,2.654,-1.83259
,,,,2.655,-2.037
,,,,2.656,-2.00678
,,,,2.657,-1.82926
,,,,2.658,-1.53259
,,,,2.659,-1.12525
,,,,2.66,-0.6554
,,,,2.661,-0.11484
,,,,2.662,0.42171
,,,,2.663,0.970834
,,,,2.664,1.398434
,,,,2.665,1.729064
,,,,2.666,1.960677
,,,,2.667,1.996244
,,,,2.668,1.867144
,,,,2.669,1.609061
,,,,2.67,1.266572
,,,,2.671,0.794756
,,,,2.672,0.229917
,,,,2.673,-0.33246
,,,,2.674,-0.86784
,,,,2.675,-1.35069
,,,,2.676,-1.72204
,,,,2.677,-1.94535
,,,,2.678,-1.94894
,,,,2.679,-1.79894
,,,,2.68,-1.54134
,,,,2.681,-1.18827
,,,,2.682,-0.7203
,,,,2.683,-0.22631
,,,,2.684,0.310774
,,,,2.685,0.848273
,,,,2.686,1.304905
,,,,2.687,1.660031
,,,,2.688,1.904151
,,,,2.689,2.002644
,,,,2.69,1.883213
,,,,2.691,1.668168
,,,,2.692,1.352842
,,,,2.693,0.908934
,,,,2.694,0.364235
,,,,2.695,-0.19093
,,,,2.696,-0.74942
,,,,2.697,-1.25361
,,,,2.698,-1.65856
,,,,2.699,-1.95032
,,,,2.7,-2.01221
,,,,2.701,-1.89447
,,,,2.702,-1.66268
,,,,2.703,-1.31706
,,,,2.704,-0.86399
,,,,2.705,-0.3562
,,,,2.706,0.199525
,,,,2.707,0.743958
,,,,2.708,1.224487
,,,,2.709,1.629384
,,,,2.71,1.901889
,,,,2.711,2.02533
,,,,2.712,1.934446
,,,,2.713,1.755251
,,,,2.714,1.434901
,,,,2.715,1.007294
,,,,2.716,0.464743
,,,,2.717,-0.10734
,,,,2.718,-0.69455
,,,,2.719,-1.23273
,,,,2.72,-1.63235
,,,,2.721,-1.94973
,,,,2.722,-2.0521
,,,,2.723,-1.97282
,,,,2.724,-1.73626
,,,,2.725,-1.40632
,,,,2.726,-0.98255
,,,,2.727,-0.49284
,,,,2.728,0.085692
,,,,2.729,0.632608
,,,,2.73,1.118666
,,,,2.731,1.543229
,,,,2.732,1.836227
,,,,2.733,2.001908
,,,,2.734,1.957885
,,,,2.735,1.797919
,,,,2.736,1.538592
,,,,2.737,1.119444
,,,,2.738,0.631766
,,,,2.739,0.070922
,,,,2.74,-0.49954
,,,,2.741,-1.0255
,,,,2.742,-1.45815
,,,,2.743,-1.80681
,,,,2.744,-1.95871
,,,,2.745,-1.90832
,,,,2.746,-1.7364
,,,,2.747,-1.45259
,,,,2.748,-1.05766
,,,,2.749,-0.58326
,,,,2.75,-0.06425
,,,,2.751,0.465789
,,,,2.752,0.99761
,,,,2.753,1.426878
,,,,2.754,1.742094
,,,,2.755,1.946617
,,,,2.756,1.983087
,,,,2.757,1.822862
,,,,2.758,1.570361
,,,,2.759,1.203623
,,,,2.76,0.73476
,,,,2.761,0.164833
,,,,2.762,-0.42383
,,,,2.763,-0.938
,,,,2.764,-1.40335
,,,,2.765,-1.7665
,,,,2.766,-1.97179
,,,,2.767,-1.95012
,,,,2.768,-1.79983
,,,,2.769,-1.52447
,,,,2.77,-1.15396
,,,,2.771,-0.67849
,,,,2.772,-0.15589
,,,,2.773,0.401009
,,,,2.774,0.907777
,,,,2.775,1.363773
,,,,2.776,1.716304
,,,,2.777,1.926587
,,,,2.778,1.998598
,,,,2.779,1.885799
,,,,2.78,1.634309
,,,,2.781,1.284819
,,,,2.782,0.84452
,,,,2.783,0.281844
,,,,2.784,-0.29552
,,,,2.785,-0.8596
,,,,2.786,-1.3555
,,,,2.787,-1.74674
,,,,2.788,-2.01016
,,,,2.789,-2.04651
,,,,2.79,-1.91535
,,,,2.791,-1.65464
,,,,2.792,-1.30233
,,,,2.793,-0.8224
,,,,2.794,-0.31244
,,,,2.795,0.242943
,,,,2.796,0.798817
,,,,2.797,1.244028
,,,,2.798,1.616622
,,,,2.799,1.871086
,,,,2.8,1.960238
,,,,2.801,1.87266
,,,,2.802,1.67053
,,,,2.803,1.371247
,,,,2.804,0.929982
,,,,2.805,0.4011
,,,,2.806,-0.14803
,,,,2.807,-0.69183
,,,,2.808,-1.17982
,,,,2.809,-1.55983
,,,,2.81,-1.82264
,,,,2.811,-1.89798
,,,,2.812,-1.79562
,,,,2.813,-1.57198
,,,,2.814,-1.2706
,,,,2.815,-0.8753
,,,,2.816,-0.42815
,,,,2.817,0.069202
,,,,2.818,0.551017
,,,,2.819,0.970681
,,,,2.82,1.303973
,,,,2.821,1.560867
,,,,2.822,1.705717
,,,,2.823,1.650867
,,,,2.824,1.476606
,,,,2.825,1.247599
,,,,2.826,0.916186
,,,,2.827,0.488587
,,,,2.828,0.014306
,,,,2.829,-0.48827
,,,,2.83,-0.91663
,,,,2.831,-1.30412
,,,,2.832,-1.57149
,,,,2.833,-1.68292
,,,,2.834,-1.6241
,,,,2.835,-1.46614
,,,,2.836,-1.22991
,,,,2.837,-0.89652
,,,,2.838,-0.52903
,,,,2.839,-0.08834
,,,,2.84,0.321404
,,,,2.841,0.744637
,,,,2.842,1.042434
,,,,2.843,1.261637
,,,,2.844,1.414725
,,,,2.845,1.422204
,,,,2.846,1.301173
,,,,2.847,1.105464
,,,,2.848,0.883677
,,,,2.849,0.536089
,,,,2.85,0.128245
,,,,2.851,-0.2792
,,,,2.852,-0.67155
,,,,2.853,-0.99456
,,,,2.854,-1.26116
,,,,2.855,-1.40142
,,,,2.856,-1.37358
,,,,2.857,-1.25695
,,,,2.858,-1.08247
,,,,2.859,-0.829
,,,,2.86,-0.5387
,,,,2.861,-0.19871
,,,,2.862,0.148298
,,,,2.863,0.484576
,,,,2.864,0.797315
,,,,2.865,1.003583
,,,,2.866,1.138798
,,,,2.867,1.178514
,,,,2.868,1.112451
,,,,2.869,0.986077
,,,,2.87,0.805756
,,,,2.871,0.567191
,,,,2.872,0.263601
,,,,2.873,-0.05268
,,,,2.874,-0.41406
,,,,2.875,-0.70368
,,,,2.876,-0.91755
,,,,2.877,-1.08147
,,,,2.878,-1.12453
,,,,2.879,-1.01695
,,,,2.88,-0.88524
,,,,2.881,-0.72265
,,,,2.882,-0.51778
,,,,2.883,-0.25296
,,,,2.884,0.037482
,,,,2.885,0.295631
,,,,2.886,0.563326
,,,,2.887,0.798108
,,,,2.888,0.925209
,,,,2.889,0.992128
,,,,2.89,0.944498
,,,,2.891,0.849215
,,,,2.892,0.731334
,,,,2.893,0.557248
,,,,2.894,0.32717
,,,,2.895,0.076281
,,,,2.896,-0.18638
,,,,2.897,-0.45062
,,,,2.898,-0.64888
,,,,2.899,-0.76781
,,,,2.9,-0.82403
,,,,2.901,-0.77477
,,,,2.902,-0.6695
,,,,2.903,-0.54716
,,,,2.904,-0.42233
,,,,2.905,-0.26221
,,,,2.906,-0.057
,,,,2.907,0.126296
,,,,2.908,0.305732
,,,,2.909,0.470635
,,,,2.91,0.608696
,,,,2.911,0.693177
,,,,2.912,0.668999
,,,,2.913,0.585101
,,,,2.914,0.507876
,,,,2.915,0.430085
,,,,2.916,0.305512
,,,,2.917,0.14876
,,,,2.918,-0.0161
,,,,2.919,-0.19311
,,,,2.92,-0.36251
,,,,2.921,-0.48814
,,,,2.922,-0.53536
,,,,2.923,-0.53475
,,,,2.924,-0.47414
,,,,2.925,-0.37411
,,,,2.926,-0.29175
,,,,2.927,-0.19691
,,,,2.928,-0.10577
,,,,2.929,-0.01475
,,,,2.93,0.103995
,,,,2.931,0.203848
,,,,2.932,0.295666
,,,,2.933,0.361546
,,,,2.934,0.373398
,,,,2.935,0.348098
,,,,2.936,0.275789
,,,,2.937,0.229751
,,,,2.938,0.186679
,,,,2.939,0.132916
,,,,2.94,0.060164
,,,,2.941,-0.01506
,,,,2.942,-0.08794
,,,,2.943,-0.15845
,,,,2.944,-0.21083
,,,,2.945,-0.21144
,,,,2.946,-0.17252
,,,,2.947,-0.12597
,,,,2.948,-0.08203
,,,,2.949,-0.04948
,,,,2.95,-0.02179
,,,,2.951,0.004167
,,,,2.952,0.004818
,,,,2.953,0.046658
,,,,2.954,0.066861
,,,,2.955,0.076008
,,,,2.956,0.076565
,,,,2.957,0.072217
,,,,2.958,0.029313
,,,,2.959,-0.01547
,,,,2.96,-0.0336
,,,,2.961,-0.0338
,,,,2.962,-0.04218
,,,,2.963,-0.06038
,,,,2.964,-0.06713
,,,,2.965,-0.06878
,,,,2.966,-0.08429
,,,,2.967,-0.0605
,,,,2.968,-0.04117
,,,,2.969,-0.01776
,,,,2.97,0.005569
,,,,2.971,0.005261
,,,,2.972,0.017221
,,,,2.973,0.023145
,,,,2.974,0.030525
,,,,2.975,0.033574
,,,,2.976,0.044067
,,,,2.977,0.050427
,,,,2.978,0.047415
,,,,2.979,0.026896
,,,,2.98,0.015239
,,,,2.981,0.01202
,,,,2.982,0.00194
,,,,2.983,-0.00117
,,,,2.984,-0.00213
,,,,2.985,-0.00883
,,,,2.986,-0.01261
,,,,2.987,-0.01417
,,,,2.988,-0.01521
,,,,2.989,-0.00204
,,,,2.99,-0.01175
,,,,2.991,-0.01079
,,,,2.992,0.00414
,,,,2.993,-0.00346
,,,,2.994,-0.01136
,,,,2.995,0.000167
,,,,2.996,0.004371
,,,,2.997,-0.00988
,,,,2.998,-0.00891
,,,,2.999,-0.00398
,,,,3,-0.00832
,,,,3.001,-0.00319
,,,,3.002,-0.00439
,,,,3.003,0.007863
,,,,3.004,-0.00536
,,,,3.005,-0.01034
,,,,3.006,0.00416
,,,,3.007,0.002424
,,,,3.008,-0.00748
,,,,3.009,-0.01183
,,,,3.01,-0.00817
,,,,3.011,0.007188
,,,,3.012,-0.00922
,,,,3.013,-0.02159
,,,,3.014,-0.00921
,,,,3.015,0.004251
,,,,3.016,-0.01961
,,,,3.017,-0.00987
,,,,3.018,-0.00665
,,,,3.019,-0.01096
,,,,3.02,-0.00027
,,,,3.021,-0.00532
,,,,3.022,-0.00499
,,,,3.023,-0.00653
,,,,3.024,0.00033
,,,,3.025,-0.01545
,,,,3.026,-0.00703
,,,,3.027,-0.00191
,,,,3.028,-0.00465
,,,,3.029,-0.0127
,,,,3.03,-0.00276
,,,,3.031,0.006158
,,,,3.032,-0.00843
,,,,3.033,-0.00993
,,,,3.034,0.009553
,,,,3.035,-0.00061
,,,,3.036,-0.0023
,,,,3.037,0.004663
,,,,3.038,-0.00801
,,,,3.039,-0.01262
,,,,3.04,-0.00829
,,,,3.041,0.003877
,,,,3.042,0.001092
,,,,3.043,-0.00678
,,,,3.044,-0.00996
,,,,3.045,-0.00707
,,,,3.046,0.001623
,,,,3.047,-0.00209
,,,,3.048,0.000214
,,,,3.049,-0.00592
,,,,3.05,-0.00327
,,,,3.051,-0.00129
,,,,3.052,0.001655
,,,,3.053,-0.00144
,,,,3.054,0.006272
,,,,3.055,0.000264
,,,,3.056,0.002812
,,,,3.057,-0.003
,,,,3.058,0.008239
,,,,3.059,-0.01531
,,,,3.06,-0.00781
,,,,3.061,0.001671
,,,,3.062,-0.00082
,,,,3.063,0.006278
,,,,3.064,-0.01158
,,,,3.065,0.00258
,,,,3.066,-0.00159
,,,,3.067,-0.01437
,,,,3.068,-0.00668
,,,,3.069,0.005448
,,,,3.07,0.007533
,,,,3.071,-0.00645
,,,,3.072,0.002926
,,,,3.073,-0.00113
,,,,3.074,-0.00756
,,,,3.075,-0.00233
,,,,3.076,-0.008
,,,,3.077,0.005257
,,,,3.078,-0.00561
,,,,3.079,-0.01112
,,,,3.08,0.00945
,,,,3.081,-0.00499
,,,,3.082,0.001127
,,,,3.083,-0.00141
,,,,3.084,0.01233
,,,,3.085,0.000265
,,,,3.086,-0.01093
,,,,3.087,0.0000165
,,,,3.088,0.003705
,,,,3.089,-0.00544
,,,,3.09,0.000274
,,,,3.091,-0.00759
,,,,3.092,0.004051
,,,,3.093,-0.00752
,,,,3.094,-0.00617
,,,,3.095,-0.00324
,,,,3.096,0.004817
,,,,3.097,-0.00245
,,,,3.098,-0.00455
,,,,3.099,-0.00287
,,,,3.1,-0.00357
,,,,3.101,-0.00363
,,,,3.102,-0.00029
,,,,3.103,-0.00885
,,,,3.104,0.006771
,,,,3.105,-0.00452
,,,,3.106,0.004862
,,,,3.107,-0.00085
,,,,3.108,0.002401
,,,,3.109,0.003994
,,,,3.11,-0.0019
,,,,3.111,0.001612
,,,,3.112,0.004758
,,,,3.113,-0.00463
,,,,3.114,-0.00953
,,,,3.115,-0.00536
,,,,3.116,0.001005
,,,,3.117,0.000852
,,,,3.118,-0.000028
,,,,3.119,-0.00038
,,,,3.12,0.004552
,,,,3.121,-0.00708
,,,,3.122,-0.002
,,,,3.123,0.006385
,,,,3.124,-0.00173
,,,,3.125,0.001452
,,,,3.126,-0.00937
,,,,3.127,0.003201
,,,,3.128,-0.00646
,,,,3.129,-0.00501
,,,,3.13,-0.00713
,,,,3.131,0.00431
,,,,3.132,0.007005
,,,,3.133,-0.01396
,,,,3.134,-0.00493
,,,,3.135,0.012751
,,,,3.136,0.004947
,,,,3.137,-0.01205
,,,,3.138,0.001593
,,,,3.139,0.0076
,,,,3.14,0.006582
,,,,3.141,-0.00708
,,,,3.142,-0.00222
,,,,3.143,0.013846
,,,,3.144,-0.00042
,,,,3.145,-0.01534
,,,,3.146,-0.0000035
,,,,3.147,0.005809
,,,,3.148,0.001391
,,,,3.149,-0.00162
,,,,3.15,0.002519
,,,,3.151,0.007256
,,,,3.152,0.004137
,,,,3.153,0.001328
,,,,3.154,-0.00197
,,,,3.155,0.000894
,,,,3.156,-0.0108
,,,,3.157,-0.008
,,,,3.158,-0.00127
,,,,3.159,0.001006
,,,,3.16,-0.01272
,,,,3.161,-0.01466
,,,,3.162,0.00842
,,,,3.163,0.007576
,,,,3.164,-0.01018
,,,,3.165,-0.00229
,,,,3.166,0.000799
,,,,3.167,0.000567
,,,,3.168,-0.00395
,,,,3.169,-0.00276
,,,,3.17,0.003279
,,,,3.171,-0.00049
,,,,3.172,-0.00562
,,,,3.173,-0.00704
,,,,3.174,0.007838
,,,,3.175,-0.00203
,,,,3.176,-0.00587
,,,,3.177,0.003253
,,,,3.178,0.002792
,,,,3.179,0.003026
,,,,3.18,-0.00538
,,,,3.181,0.016803
,,,,3.182,0.012297
,,,,3.183,-0.00348
,,,,3.184,-0.00283
,,,,3.185,0.003857
,,,,3.186,-0.01092
,,,,3.187,-0.00554
,,,,3.188,-0.00093
,,,,3.189,-0.00556
,,,,3.19,0.003827
,,,,3.191,-0.01574
,,,,3.192,-0.01249
,,,,3.193,0.007712
,,,,3.194,0.00032
,,,,3.195,-0.01538
,,,,3.196,-0.00791
,,,,3.197,-0.00504
,,,,3.198,0.006402
,,,,3.199,-0.00639
,,,,3.2,-0.01241
,,,,3.201,0.006752
,,,,3.202,0.003841
,,,,3.203,-0.01663
,,,,3.204,-0.00395
,,,,3.205,0.009777
,,,,3.206,0.004449
,,,,3.207,-0.00028
,,,,3.208,0.005509
,,,,3.209,0.007789
,,,,3.21,-0.00313
,,,,3.211,-0.01233
,,,,3.212,0.012972
,,,,3.213,0.002861
,,,,3.214,-0.01005
,,,,3.215,-0.00127
,,,,3.216,0.007187
,,,,3.217,0.00314
,,,,3.218,-0.00609
,,,,3.219,-0.0032
,,,,3.22,0.00067
,,,,3.221,0.01063
,,,,3.222,0.002593
,,,,3.223,-0.00476
,,,,3.224,0.007969
,,,,3.225,-0.00046
,,,,3.226,-0.00318
,,,,3.227,0.000585
,,,,3.228,0.007733
,,,,3.229,-0.00501
,,,,3.23,-0.00282
,,,,3.231,0.005075
,,,,3.232,0.006907
,,,,3.233,0.002124
,,,,3.234,-0.00384
,,,,3.235,0.004579
,,,,3.236,0.006281
,,,,3.237,-0.00632
,,,,3.238,-0.00633
,,,,3.239,0.00783
,,,,3.24,0.004991
,,,,3.241,0.00935
,,,,3.242,0.000418
,,,,3.243,0.003217
,,,,3.244,-0.00539
,,,,3.245,0.003447
,,,,3.246,-0.00429
,,,,3.247,0.002538
,,,,3.248,-0.00062
,,,,3.249,0.007337
,,,,3.25,-0.01026
,,,,3.251,0.005191
,,,,3.252,0.009235
,,,,3.253,-0.00608
,,,,3.254,-0.00378
,,,,3.255,0.008331
,,,,3.256,-0.00337
,,,,3.257,-0.00577
,,,,3.258,0.00237
,,,,3.259,0.01174
,,,,3.26,0.004113
,,,,3.261,-0.01961
,,,,3.262,-0.00511
,,,,3.263,0.000351
,,,,3.264,-0.00327
,,,,3.265,0.001648
,,,,3.266,-0.00123
,,,,3.267,0.012381
,,,,3.268,-0.00425
,,,,3.269,-0.00976
,,,,3.27,0.006723
,,,,3.271,0.015078
,,,,3.272,-0.00287
,,,,3.273,-0.00643
,,,,3.274,-0.00228
,,,,3.275,0.011695
,,,,3.276,-0.00015
,,,,3.277,0.00015
,,,,3.278,-0.00646
,,,,3.279,0.004659
,,,,3.28,-0.00123
,,,,3.281,-0.00458
,,,,3.282,0.004444
,,,,3.283,0.002066
,,,,3.284,-0.00156
,,,,3.285,0.000173
,,,,3.286,0.011301
,,,,3.287,-0.00175
,,,,3.288,-0.00585
,,,,3.289,-0.00776
,,,,3.29,-0.00384
,,,,3.291,-0.00055
,,,,3.292,-0.00272
,,,,3.293,-0.00505
,,,,3.294,-0.00115
,,,,3.295,-0.00168
,,,,3.296,0.00087
,,,,3.297,-0.00547
,,,,3.298,0.002058
,,,,3.299,0.008124
,,,,3.3,-0.01027
,,,,3.301,0.005149
,,,,3.302,0.015418
,,,,3.303,-0.00658
,,,,3.304,0.004213
,,,,3.305,0.009918
,,,,3.306,0.008325
,,,,3.307,-0.01133
,,,,3.308,-0.00394
,,,,3.309,0.004317
,,,,3.31,0.008076
,,,,3.311,0.002178
,,,,3.312,-0.00636
,,,,3.313,-0.00677
,,,,3.314,0.000548
,,,,3.315,-0.00018
,,,,3.316,-0.00537
,,,,3.317,-0.00369
,,,,3.318,-0.00252
,,,,3.319,-0.00429
,,,,3.32,0.000146
,,,,3.321,0.001628
,,,,3.322,0.011966
,,,,3.323,-0.00368
,,,,3.324,-0.0043
,,,,3.325,0.010584
,,,,3.326,0.008003
,,,,3.327,0.0005
,,,,3.328,0.001939
,,,,3.329,0.001046
,,,,3.33,0.005758
,,,,3.331,-0.00903
,,,,3.332,-0.00444
,,,,3.333,0.007185
,,,,3.334,-0.00572
,,,,3.335,-0.000034
,,,,3.336,0.00254
,,,,3.337,0.002563
,,,,3.338,0.003453
,,,,3.339,0.007623
,,,,3.34,0.000917
,,,,3.341,0.010152
,,,,3.342,-0.00045
,,,,3.343,-0.00484
,,,,3.344,-0.00142
,,,,3.345,0.002974
,,,,3.346,-0.00487
,,,,3.347,0.008307
,,,,3.348,0.003226
,,,,3.349,-0.00499
,,,,3.35,0.000489
,,,,3.351,-0.00992
,,,,3.352,0.001193
,,,,3.353,-0.0016
,,,,3.354,-0.00572
,,,,3.355,0.000474
,,,,3.356,0.00265
,,,,3.357,0.005459
,,,,3.358,-0.00884
,,,,3.359,-0.00399
,,,,3.36,-0.00181
,,,,3.361,-0.0074
,,,,3.362,-0.00768
,,,,3.363,0.004979
,,,,3.364,-0.00387
,,,,3.365,0.001206
,,,,3.366,0.002719
,,,,3.367,-0.00207
,,,,3.368,0.002279
,,,,3.369,-0.00229
,,,,3.37,0.004885
,,,,3.371,0.008112
,,,,3.372,0.005371
,,,,3.373,0.003542
,,,,3.374,-0.00153
,,,,3.375,-0.01063
,,,,3.376,0.005238
,,,,3.377,-0.00067
,,,,3.378,-0.00406
,,,,3.379,-0.0014
,,,,3.38,0.010684
,,,,3.381,-0.00484
,,,,3.382,-0.00042
,,,,3.383,-0.00244
,,,,3.384,0.007787
,,,,3.385,-0.00696
,,,,3.386,-0.00304
,,,,3.387,0.002229
,,,,3.388,-0.00234
,,,,3.389,0.00124
,,,,3.39,-0.0066
,,,,3.391,-0.00329
,,,,3.392,-0.00061
,,,,3.393,0.001358
,,,,3.394,0.003223
,,,,3.395,0.006074
,,,,3.396,-0.00597
,,,,3.397,-0.00482
,,,,3.398,-0.00732
,,,,3.399,0.007874
,,,,3.4,0.002377
,,,,3.401,-0.00504
,,,,3.402,-0.00321
,,,,3.403,0.002788
,,,,3.404,-0.00448
,,,,3.405,0.000516
,,,,3.406,0.006069
,,,,3.407,0.000965
,,,,3.408,-0.00102
,,,,3.409,-0.00369
,,,,3.41,0.004324
,,,,3.411,0.014338
,,,,3.412,-0.0103
,,,,3.413,-0.00375
,,,,3.414,-0.00569
,,,,3.415,0.00276
,,,,3.416,-0.00327
,,,,3.417,0.003182
,,,,3.418,0.004337
,,,,3.419,0.008397
,,,,3.42,0.001539
,,,,3.421,-0.00537
,,,,3.422,0.001108
,,,,3.423,0.002402
,,,,3.424,0.003284
,,,,3.425,-0.01471
,,,,3.426,0.003992
,,,,3.427,-0.00635
,,,,3.428,-0.00529
,,,,3.429,-0.0045
,,,,3.43,0.013313
,,,,3.431,-0.00262
,,,,3.432,-0.01312
,,,,3.433,-0.00921
,,,,3.434,-0.0055
,,,,3.435,0.002322
,,,,3.436,-0.01419
,,,,3.437,0.001961
,,,,3.438,-0.00151
,,,,3.439,-0.00742
,,,,3.44,-0.0027
,,,,3.441,-0.00194
,,,,3.442,0.002802
,,,,3.443,0.002654
,,,,3.444,-0.00023
,,,,3.445,-0.0032
,,,,3.446,0.007302
,,,,3.447,-0.0094
,,,,3.448,0.003052
,,,,3.449,-0.00018
,,,,3.45,-0.00129
,,,,3.451,-0.00904
,,,,3.452,-0.00235
,,,,3.453,0.008616
,,,,3.454,0.004698
,,,,3.455,-0.00138
,,,,3.456,0.00289
,,,,3.457,0.010877
,,,,3.458,-0.00539
,,,,3.459,-0.00609
,,,,3.46,-0.00244
,,,,3.461,0.011067
,,,,3.462,-0.00381
,,,,3.463,-0.0148
,,,,3.464,-0.00626
,,,,3.465,-0.00595
,,,,3.466,0.000472
,,,,3.467,-0.0119
,,,,3.468,0.004579
,,,,3.469,0.002563
,,,,3.47,0.007054
,,,,3.471,0.000688
,,,,3.472,0.00711
,,,,3.473,0.01042
,,,,3.474,0.000574
,,,,3.475,0.00508
,,,,3.476,0.010257
,,,,3.477,-0.00618
,,,,3.478,-0.00074
,,,,3.479,-0.00196
,,,,3.48,0.003675
,,,,3.481,0.008828
,,,,3.482,-0.01004
,,,,3.483,-0.00173
,,,,3.484,0.00326
,,,,3.485,0.010981
,,,,3.486,-0.00543
,,,,3.487,-0.00821
,,,,3.488,0.007749
,,,,3.489,-0.00719
,,,,3.49,-0.00699
,,,,3.491,-0.00403
,,,,3.492,0.008718
,,,,3.493,-0.00553
,,,,3.494,-0.00946
,,,,3.495,-0.00227
,,,,3.496,0.003172
,,,,3.497,0.0032
,,,,3.498,-0.00399
,,,,3.499,-0.00363
,,,,3.5,0.012898
,,,,3.501,0.000402
,,,,3.502,-0.01191
,,,,3.503,0.000984
,,,,3.504,0.010478
,,,,3.505,0.001459
,,,,3.506,-0.011
,,,,3.507,-0.00203
,,,,3.508,0.005384
,,,,3.509,-0.00989
,,,,3.51,-0.00085
,,,,3.511,-0.00122
,,,,3.512,-0.01164
,,,,3.513,-0.00918
,,,,3.514,-0.01253
,,,,3.515,0.001361
,,,,3.516,0.003568
,,,,3.517,-0.00437
,,,,3.518,0.001811
,,,,3.519,0.008527
,,,,3.52,-0.000092
,,,,3.521,0.004219
,,,,3.522,0.004037
,,,,3.523,0.009554
,,,,3.524,-0.00297
,,,,3.525,-0.00526
,,,,3.526,0.00385
,,,,3.527,0.010047
,,,,3.528,-0.0064
,,,,3.529,-0.00572
,,,,3.53,0.000243
,,,,3.531,-0.00401
,,,,3.532,-0.00398
,,,,3.533,-0.00131
,,,,3.534,-0.01081
,,,,3.535,0.009533
,,,,3.536,-0.00015
,,,,3.537,-0.00584
,,,,3.538,0.002245
,,,,3.539,0.006647
,,,,3.54,-0.01038
,,,,3.541,-0.00735
,,,,3.542,-0.00424
,,,,3.543,0.005029
,,,,3.544,-0.00622
,,,,3.545,-0.0024
,,,,3.546,0.011481
,,,,3.547,0.003139
,,,,3.548,0.001326
,,,,3.549,-0.00497
,,,,3.55,0.003712
,,,,3.551,0.005856
,,,,3.552,-0.00803
,,,,3.553,-0.01612
,,,,3.554,0.008497
,,,,3.555,0.005366
,,,,3.556,-0.00214
,,,,3.557,0.000731
,,,,3.558,0.005065
,,,,3.559,-0.00244
,,,,3.56,-0.00588
,,,,3.561,-0.0048
,,,,3.562,0.00512
,,,,3.563,-0.00225
,,,,3.564,0.000414
,,,,3.565,0.004513
,,,,3.566,-0.0068
,,,,3.567,-0.00629
,,,,3.568,0.005318
,,,,3.569,-0.0019
,,,,3.57,0.005047
,,,,3.571,-0.01248
,,,,3.572,-0.00936
,,,,3.573,0.000815
,,,,3.574,0.004411
,,,,3.575,0.000784
,,,,3.576,-0.00634
,,,,3.577,0.007019
,,,,3.578,0.004082
,,,,3.579,-0.01144
,,,,3.58,-0.00435
,,,,3.581,0.008258
,,,,3.582,-0.00452
,,,,3.583,-0.00233
,,,,3.584,0.009365
,,,,3.585,0.003144
,,,,3.586,-0.00019
,,,,3.587,-0.00992
,,,,3.588,0.002553
,,,,3.589,0.013685
,,,,3.59,0.005726
,,,,3.591,-0.01069
,,,,3.592,-0.00136
,,,,3.593,-0.00326
,,,,3.594,-0.00572
,,,,3.595,-0.00561
,,,,3.596,0.001623
,,,,3.597,-0.00056
,,,,3.598,-0.01192
,,,,3.599,-0.00589
,,,,3.6,0.002203
,,,,3.601,0.000511
,,,,3.602,-0.00031
,,,,3.603,0.005728
,,,,3.604,0.000561
,,,,3.605,0.008865
,,,,3.606,-0.00555
,,,,3.607,-0.00559
,,,,3.608,-0.00071
,,,,3.609,0.001756
,,,,3.61,0.005124
,,,,3.611,-0.01014
,,,,3.612,0.004051
,,,,3.613,0.001927
,,,,3.614,-0.0076
,,,,3.615,-0.00438
,,,,3.616,0.003918
,,,,3.617,0.012528
,,,,3.618,-0.00989
,,,,3.619,-0.00063
,,,,3.62,-0.00408
,,,,3.621,-0.00237
,,,,3.622,-0.0047
,,,,3.623,0.003532
,,,,3.624,0.009598
,,,,3.625,-0.00216
,,,,3.626,0.00528
,,,,3.627,0.000941
,,,,3.628,-0.0073
,,,,3.629,-0.00288
,,,,3.63,-0.00727
,,,,3.631,-0.00624
,,,,3.632,0.003291
,,,,3.633,0.006207
,,,,3.634,-0.00911
,,,,3.635,0.015145
,,,,3.636,0.007615
,,,,3.637,-0.00323
,,,,3.638,-0.00913
,,,,3.639,-0.00041
,,,,3.64,0.007653
,,,,3.641,-0.01238
,,,,3.642,-0.0102
,,,,3.643,0.00235
,,,,3.644,0.005804
,,,,3.645,0.004771
,,,,3.646,-0.00177
,,,,3.647,0.005127
,,,,3.648,0.004247
,,,,3.649,-0.00375
,,,,3.65,0.0000839
,,,,3.651,0.012069
,,,,3.652,-0.00237
,,,,3.653,-0.00229
,,,,3.654,0.013246
,,,,3.655,-0.00155
,,,,3.656,0.00625
,,,,3.657,-0.00469
,,,,3.658,-0.00503
,,,,3.659,0.005328
,,,,3.66,-0.00506
,,,,3.661,-0.01177
,,,,3.662,0.009734
,,,,3.663,0.001474
,,,,3.664,-0.00303
,,,,3.665,-0.00492
,,,,3.666,0.003345
,,,,3.667,0.00508
,,,,3.668,-0.00152
,,,,3.669,-0.00442
,,,,3.67,0.00278
,,,,3.671,0.003296
,,,,3.672,0.003683
,,,,3.673,-0.00235
,,,,3.674,-0.00043
,,,,3.675,0.003108
,,,,3.676,-0.00107
,,,,3.677,-0.00156
,,,,3.678,0.006141
,,,,3.679,0.01094
,,,,3.68,-0.00058
,,,,3.681,0.002077
,,,,3.682,0.002992
,,,,3.683,0.009613
,,,,3.684,-0.00267
,,,,3.685,-0.00168
,,,,3.686,0.005603
,,,,3.687,-0.01028
,,,,3.688,-0.00664
,,,,3.689,0.004652
,,,,3.69,0.013753
,,,,3.691,-0.00358
,,,,3.692,-0.00495
,,,,3.693,0.002134
,,,,3.694,0.009244
,,,,3.695,-0.0016
,,,,3.696,-0.00646
,,,,3.697,0.012964
,,,,3.698,-0.00369
,,,,3.699,0.002911
,,,,3.7,-0.00743
,,,,3.701,0.013917
,,,,3.702,0.002445
,,,,3.703,-0.00558
,,,,3.704,0.003085
,,,,3.705,0.007495
,,,,3.706,0.009832
,,,,3.707,-0.00293
,,,,3.708,-0.00394
,,,,3.709,0.003669
,,,,3.71,0.009046
,,,,3.711,0.003379
,,,,3.712,0.004735
,,,,3.713,0.002822
,,,,3.714,-0.00362
,,,,3.715,-0.00197
,,,,3.716,-0.00476
,,,,3.717,0.00559
,,,,3.718,0.002711
,,,,3.719,-0.00543
,,,,3.72,-0.01379
,,,,3.721,0.002775
,,,,3.722,-0.00597
,,,,3.723,0.003179
,,,,3.724,0.003215
,,,,3.725,0.000466
,,,,3.726,-0.00032
,,,,3.727,0.000151
,,,,3.728,0.000204
,,,,3.729,0.007654
,,,,3.73,0.000814
,,,,3.731,0.006576
,,,,3.732,0.002227
,,,,3.733,0.003505
,,,,3.734,0.00216
,,,,3.735,-0.00603
,,,,3.736,0.007877
,,,,3.737,0.010069
,,,,3.738,-0.0022
,,,,3.739,-0.00494
,,,,3.74,0.003703
,,,,3.741,0.002436
,,,,3.742,0.002312
,,,,3.743,0.000538
,,,,3.744,0.009489
,,,,3.745,0.001683
,,,,3.746,-0.00506
,,,,3.747,0.004272
,,,,3.748,0.00473
,,,,3.749,0.003005
,,,,3.75,-0.01053
,,,,3.751,-0.00311
,,,,3.752,0.011116
,,,,3.753,0.010285
,,,,3.754,-0.00445
,,,,3.755,0.000965
,,,,3.756,0.009444
,,,,3.757,-0.00904
,,,,3.758,-0.00393
,,,,3.759,0.009215
,,,,3.76,0.007669
,,,,3.761,0.007536
,,,,3.762,-0.00015
,,,,3.763,0.002954
,,,,3.764,0.000299
,,,,3.765,0.002836
,,,,3.766,0.000978
,,,,3.767,0.002109
,,,,3.768,0.017751
,,,,3.769,0.001368
,,,,3.77,-0.00212
,,,,3.771,0.009627
,,,,3.772,0.008122
,,,,3.773,-0.00415
,,,,3.774,-0.000015
,,,,3.775,-0.00596
,,,,3.776,0.000267
,,,,3.777,-0.00608
,,,,3.778,-0.00625
,,,,3.779,0.002493
,,,,3.78,0.009745
,,,,3.781,-0.00468
,,,,3.782,0.003474
,,,,3.783,0.007896
,,,,3.784,-0.00154
,,,,3.785,-0.00107
,,,,3.786,-0.00007
,,,,3.787,0.017377
,,,,3.788,0.005687
,,,,3.789,-0.00668
,,,,3.79,-0.01316
,,,,3.791,0.006575
,,,,3.792,-0.00327
,,,,3.793,-0.00031
,,,,3.794,-0.00491
,,,,3.795,0.006384
,,,,3.796,-0.00112
,,,,3.797,-0.00154
,,,,3.798,0.003822
,,,,3.799,0.002418
,,,,3.8,0.001705
,,,,3.801,-0.00944
,,,,3.802,-0.0022
,,,,3.803,0.005642
,,,,3.804,-0.000035
,,,,3.805,0.00238
,,,,3.806,-0.00678
,,,,3.807,-0.0019
,,,,3.808,-0.00863
,,,,3.809,-0.00599
,,,,3.81,-0.00023
,,,,3.811,0.010465
,,,,3.812,0.009076
,,,,3.813,-0.00612
,,,,3.814,0.010358
,,,,3.815,0.00857
,,,,3.816,-0.00439
,,,,3.817,-0.00312
,,,,3.818,0.006018
,,,,3.819,-0.00191
,,,,3.82,-0.00035
,,,,3.821,0.000967
,,,,3.822,0.003751
,,,,3.823,0.007731
,,,,3.824,-0.01576
,,,,3.825,-0.00804
,,,,3.826,0.01021
,,,,3.827,-0.00342
,,,,3.828,-0.00106
,,,,3.829,-0.00363
,,,,3.83,0.009676
,,,,3.831,0.00216
,,,,3.832,0.000608
,,,,3.833,0.008124
,,,,3.834,0.010618
,,,,3.835,-0.00699
,,,,3.836,-0.00514
,,,,3.837,0.001477
,,,,3.838,0.003914
,,,,3.839,-0.00686
,,,,3.84,0.001325
,,,,3.841,0.014843
,,,,3.842,0.003445
,,,,3.843,0.000927
,,,,3.844,-0.01028
,,,,3.845,0.015377
,,,,3.846,-0.00191
,,,,3.847,-0.00458
,,,,3.848,-0.000044
,,,,3.849,-0.0033
,,,,3.85,-0.00249
,,,,3.851,-0.00014
,,,,3.852,-0.00774
,,,,3.853,0.002571
,,,,3.854,-0.00101
,,,,3.855,0.002615
,,,,3.856,-0.00129
,,,,3.857,0.003929
,,,,3.858,0.00055
,,,,3.859,-0.00446
,,,,3.86,-0.00257
,,,,3.861,0.007829
,,,,3.862,-0.00106
,,,,3.863,-0.00467
,,,,3.864,-0.00477
,,,,3.865,0.015083
,,,,3.866,0.001362
,,,,3.867,-0.00448
,,,,3.868,0.000993
,,,,3.869,0.010922
,,,,3.87,0.002482
,,,,3.871,-0.00246
,,,,3.872,-0.00688
,,,,3.873,-0.0019
,,,,3.874,-0.00134
,,,,3.875,-0.00125
,,,,3.876,0.00392
,,,,3.877,-0.00264
,,,,3.878,-0.00009
,,,,3.879,0.000673
,,,,3.88,-0.00091
,,,,3.881,0.00132
,,,,3.882,0.004998
,,,,3.883,-0.00301
,,,,3.884,0.007016
,,,,3.885,-0.00734
,,,,3.886,-0.00027
,,,,3.887,0.003832
,,,,3.888,-0.00068
,,,,3.889,-0.00589
,,,,3.89,-0.00376
,,,,3.891,0.004901
,,,,3.892,0.004427
,,,,3.893,-0.0009
,,,,3.894,-0.00627
,,,,3.895,0.007487
,,,,3.896,0.008239
,,,,3.897,0.000113
,,,,3.898,-0.00891
,,,,3.899,-0.00675
,,,,3.9,-0.00326
,,,,3.901,-0.00091
,,,,3.902,-0.00516
,,,,3.903,0.007848
,,,,3.904,-0.005
,,,,3.905,-0.00693
,,,,3.906,-0.00061
,,,,3.907,0.002282
,,,,3.908,0.003854
,,,,3.909,-0.00079
,,,,3.91,-0.00081
,,,,3.911,-0.00159
,,,,3.912,0.005797
,,,,3.913,-0.00439
,,,,3.914,-0.00623
,,,,3.915,0.0000398
,,,,3.916,-0.00429
,,,,3.917,0.001632
,,,,3.918,0.003718
,,,,3.919,0.011658
,,,,3.92,0.008867
,,,,3.921,-0.01154
,,,,3.922,-0.00291
,,,,3.923,0.00029
,,,,3.924,0.001572
,,,,3.925,-0.00546
,,,,3.926,0.001031
,,,,3.927,-0.00315
,,,,3.928,-0.002
,,,,3.929,-0.00117
,,,,3.93,-0.00304
,,,,3.931,0.008693
,,,,3.932,0.004603
,,,,3.933,-0.00312
,,,,3.934,0.003481
,,,,3.935,-0.00085
,,,,3.936,0.001744
,,,,3.937,-0.00367
,,,,3.938,0.010521
,,,,3.939,-0.00085
,,,,3.94,-0.01236
,,,,3.941,-0.00041
,,,,3.942,-0.00169
,,,,3.943,0.002937
,,,,3.944,-0.00493
,,,,3.945,-0.00185
,,,,3.946,0.007912
,,,,3.947,-0.00179
,,,,3.948,-0.00699
,,,,3.949,0.000664
,,,,3.95,0.005309
,,,,3.951,0.00707
,,,,3.952,-0.00685
,,,,3.953,-0.00305
,,,,3.954,-0.00449
,,,,3.955,0.004876
,,,,3.956,-0.00627
,,,,3.957,0.009647
,,,,3.958,-0.000094
,,,,3.959,-0.00053
,,,,3.96,-0.00248
,,,,3.961,0.001413
,,,,3.962,0.00827
,,,,3.963,-0.00129
,,,,3.964,-0.00339
,,,,3.965,0.013945
,,,,3.966,0.00663
,,,,3.967,-0.00824
,,,,3.968,-0.00438
,,,,3.969,0.006877
,,,,3.97,-0.0061
,,,,3.971,-0.00086
,,,,3.972,0.002727
,,,,3.973,0.003432
,,,,3.974,-0.00225
,,,,3.975,-0.0069
,,,,3.976,-0.00842
,,,,3.977,-0.00223
,,,,3.978,0.000708
,,,,3.979,0.000111
,,,,3.98,0.001614
,,,,3.981,-0.00233
,,,,3.982,-0.0009
,,,,3.983,-0.01367
,,,,3.984,0.005834
,,,,3.985,0.006314
,,,,3.986,-0.00802
,,,,3.987,-0.0017
,,,,3.988,-0.00219
,,,,3.989,-0.00882
,,,,3.99,0.002323
,,,,3.991,-0.01316
,,,,3.992,0.010007
,,,,3.993,0.018729
,,,,3.994,-0.00403
,,,,3.995,0.000701
,,,,3.996,-0.00854
,,,,3.997,-0.00191
,,,,3.998,0.006555
,,,,3.999,-0.00271
,,,,4,-0.00638
,,,,4.001,-0.0048
,,,,4.002,-0.0157
,,,,4.003,-0.00928
,,,,4.004,0.011157
,,,,4.005,0.004637
,,,,4.006,0.000578
,,,,4.007,0.000806
,,,,4.008,0.005899
,,,,4.009,0.004715
,,,,4.01,-0.01026
,,,,4.011,-0.00651
,,,,4.012,-0.00151
,,,,4.013,0.000818
,,,,4.014,-0.00367
,,,,4.015,-0.00042
,,,,4.016,0.010122
,,,,4.017,0.010748
,,,,4.018,-0.00227
,,,,4.019,-0.00927
,,,,4.02,0.005851
,,,,4.021,-0.00259
,,,,4.022,0.001019
,,,,4.023,0.00693
,,,,4.024,0.008043
,,,,4.025,-0.00209
,,,,4.026,-0.0069
,,,,4.027,-0.00912
,,,,4.028,0.005836
,,,,4.029,0.000125
,,,,4.03,-0.00861
,,,,4.031,0.004386
,,,,4.032,-0.00553
,,,,4.033,0.009513
,,,,4.034,-0.00513
,,,,4.035,0.012012
,,,,4.036,0.010996
,,,,4.037,-0.00821
,,,,4.038,0.001608
,,,,4.039,0.005247
,,,,4.04,0.0079
,,,,4.041,0.000934
,,,,4.042,-0.01113
,,,,4.043,0.012608
,,,,4.044,0.010469
,,,,4.045,-0.01067
,,,,4.046,-0.00568
,,,,4.047,-0.00296
,,,,4.048,0.008753
,,,,4.049,-0.00311
,,,,4.05,0.002525
,,,,4.051,-0.00586
,,,,4.052,0.001568
,,,,4.053,0.001234
,,,,4.054,-0.00181
,,,,4.055,0.011979
,,,,4.056,0.003345
,,,,4.057,-0.00316
,,,,4.058,-0.00105
,,,,4.059,-0.00096
,,,,4.06,0.004052
,,,,4.061,-0.01181
,,,,4.062,-0.00136
,,,,4.063,-0.002
,,,,4.064,-0.00495
,,,,4.065,-0.00642
,,,,4.066,0.007453
,,,,4.067,0.001033
,,,,4.068,0.001373
,,,,4.069,-0.01288
,,,,4.07,0.002021
,,,,4.071,0.002357
,,,,4.072,-0.0065
,,,,4.073,0.000817
,,,,4.074,-0.00305
,,,,4.075,0.000267
,,,,4.076,-0.00122
,,,,4.077,0.003571
,,,,4.078,0.008986
,,,,4.079,0.005038
,,,,4.08,-0.0107
,,,,4.081,-0.00215
,,,,4.082,0.002783
,,,,4.083,0.001695
,,,,4.084,-0.00631
,,,,4.085,0.005772
,,,,4.086,0.000718
,,,,4.087,-0.00238
,,,,4.088,-0.00885
,,,,4.089,0.000247
,,,,4.09,0.006474
,,,,4.091,0.001332
,,,,4.092,-0.00446
,,,,4.093,0.00739
,,,,4.094,0.003683
,,,,4.095,0.0000932
,,,,4.096,-0.00583
,,,,4.097,-0.00051
,,,,4.098,0.002428
,,,,4.099,-0.01944
,,,,4.1,-0.00276
,,,,4.101,0.017521
,,,,4.102,0.003547
,,,,4.103,0.005123
,,,,4.104,0.002791
,,,,4.105,0.005576
,,,,4.106,-0.00778
,,,,4.107,-0.00583
,,,,4.108,-0.00802
,,,,4.109,0.000533
,,,,4.11,0.005684
,,,,4.111,-0.00747
,,,,4.112,0.013313
,,,,4.113,0.012841
,,,,4.114,0.003923
,,,,4.115,-0.00271
,,,,4.116,-0.00825
,,,,4.117,0.008365
,,,,4.118,0.011055
,,,,4.119,-0.00127
,,,,4.12,0.000294
,,,,4.121,-0.00379
,,,,4.122,0.010211
,,,,4.123,0.007633
,,,,4.124,0.010985
,,,,4.125,0.004356
,,,,4.126,-0.00209
,,,,4.127,-0.00361
,,,,4.128,0.000596
,,,,4.129,0.001748
,,,,4.13,-0.0025
,,,,4.131,-0.00494
,,,,4.132,0.008266
,,,,4.133,0.006017
,,,,4.134,0.00033
,,,,4.135,-0.01158
,,,,4.136,0.004196
,,,,4.137,0.009768
,,,,4.138,0.002369
,,,,4.139,-0.00115
,,,,4.14,0.012499
,,,,4.141,0.003843
,,,,4.142,-0.00146
,,,,4.143,-0.00237
,,,,4.144,0.014776
,,,,4.145,0.001811
,,,,4.146,0.001756
,,,,4.147,0.002979
,,,,4.148,0.00672
,,,,4.149,0.002587
,,,,4.15,-0.00594
,,,,4.151,0.008953
,,,,4.152,0.010965
,,,,4.153,-0.00458
,,,,4.154,-0.01306
,,,,4.155,-0.00732
,,,,4.156,0.001854
,,,,4.157,-0.00326
,,,,4.158,-0.00854
,,,,4.159,-0.0018
,,,,4.16,0.000374
,,,,4.161,-0.00504
,,,,4.162,-0.0053
,,,,4.163,0.004817
,,,,4.164,0.002533
,,,,4.165,-0.00418
,,,,4.166,-0.00805
,,,,4.167,0.011522
,,,,4.168,0.005019
,,,,4.169,-0.00984
,,,,4.17,0.004621
,,,,4.171,-0.0064
,,,,4.172,0.002086
,,,,4.173,-0.00545
,,,,4.174,0.001368
,,,,4.175,0.003709
,,,,4.176,0.000179
,,,,4.177,-0.01127
,,,,4.178,-0.00734
,,,,4.179,0.007188
,,,,4.18,0.007241
,,,,4.181,-0.00922
,,,,4.182,-0.00039
,,,,4.183,0.007084
,,,,4.184,-0.00034
,,,,4.185,0.001498
,,,,4.186,0.001395
,,,,4.187,0.011988
,,,,4.188,0.000936
,,,,4.189,0.000205
,,,,4.19,0.001226
,,,,4.191,0.005433
,,,,4.192,0.013863
,,,,4.193,-0.00494
,,,,4.194,-0.00326
,,,,4.195,0.003284
,,,,4.196,-0.0089
,,,,4.197,0.001057
,,,,4.198,0.017078
,,,,4.199,0.000378
,,,,4.2,0.004622
,,,,4.201,0.002985
,,,,4.202,0.000419
,,,,4.203,0.010388
,,,,4.204,-0.00307
,,,,4.205,0.007688
,,,,4.206,0.00631
,,,,4.207,0.008205
,,,,4.208,-0.00636
,,,,4.209,-0.00763
,,,,4.21,-0.0032
,,,,4.211,0.003174
,,,,4.212,-0.00739
,,,,4.213,-0.0022
,,,,4.214,0.004138
,,,,4.215,-0.00511
,,,,4.216,-0.00296
,,,,4.217,-0.00232
,,,,4.218,0.000139
,,,,4.219,0.007771
,,,,4.22,-0.00721
,,,,4.221,-0.00217
,,,,4.222,0.009341
,,,,4.223,0.000939
,,,,4.224,-0.01378
,,,,4.225,0.001645
,,,,4.226,-0.00534
,,,,4.227,-0.00027
,,,,4.228,-0.00582
,,,,4.229,0.007373
,,,,4.23,0.002245
,,,,4.231,-0.00819
,,,,4.232,-0.00637
,,,,4.233,0.010065
,,,,4.234,-0.00092
,,,,4.235,-0.00981
,,,,4.236,-0.00596
,,,,4.237,0.001199
,,,,4.238,0.002757
,,,,4.239,-0.00648
,,,,4.24,-0.00749
,,,,4.241,-0.0066
,,,,4.242,-0.00155
,,,,4.243,-0.0016
,,,,4.244,-0.0044
,,,,4.245,0.002567
,,,,4.246,0.002856
,,,,4.247,-0.01223
,,,,4.248,-0.00132
,,,,4.249,0.007
,,,,4.25,0.010778
,,,,4.251,-0.00422
,,,,4.252,0.007401
,,,,4.253,0.003275
,,,,4.254,0.001021
,,,,4.255,-0.00425
,,,,4.256,0.007248
,,,,4.257,0.016976
,,,,4.258,-0.00535
,,,,4.259,0.002033
,,,,4.26,0.008295
,,,,4.261,0.002755
,,,,4.262,0.000139
,,,,4.263,-0.01422
,,,,4.264,0.001222
,,,,4.265,-0.00704
,,,,4.266,0.002853
,,,,4.267,-0.01084
,,,,4.268,0.005024
,,,,4.269,-0.00224
,,,,4.27,-0.00297
,,,,4.271,0.001602
,,,,4.272,0.006904
,,,,4.273,0.013332
,,,,4.274,-0.00353
,,,,4.275,-0.00332
,,,,4.276,-0.0014
,,,,4.277,-0.00331
,,,,4.278,-0.00076
,,,,4.279,0.000642
,,,,4.28,0.004472
,,,,4.281,0.004638
,,,,4.282,-0.00276
,,,,4.283,0.008878
,,,,4.284,0.008369
,,,,4.285,0.004838
,,,,4.286,0.001406
,,,,4.287,0.003577
,,,,4.288,0.001213
,,,,4.289,0.008143
,,,,4.29,-0.00276
,,,,4.291,-0.00339
,,,,4.292,0.007552
,,,,4.293,-0.00679
,,,,4.294,-0.00697
,,,,4.295,0.000537
,,,,4.296,0.014411
,,,,4.297,0.000195
,,,,4.298,-0.0079
,,,,4.299,0.0000305
,,,,4.3,0.008867
,,,,4.301,-0.00508
,,,,4.302,0.001307
,,,,4.303,0.013978
,,,,4.304,0.00484
,,,,4.305,0.002467
,,,,4.306,0.003885
,,,,4.307,0.006622
,,,,4.308,-0.00073
,,,,4.309,-0.01183
,,,,4.31,-0.00324
,,,,4.311,0.000442
,,,,4.312,-0.00336
,,,,4.313,0.007268
,,,,4.314,0.012018
,,,,4.315,0.003495
,,,,4.316,0.014204
,,,,4.317,-0.00558
,,,,4.318,-0.00194
,,,,4.319,0.007824
,,,,4.32,-0.00034
,,,,4.321,0.000228
,,,,4.322,0.005702
,,,,4.323,-0.00807
,,,,4.324,-0.00307
,,,,4.325,0.001394
,,,,4.326,-0.0027
,,,,4.327,0.010534
,,,,4.328,-0.00732
,,,,4.329,0.005384
,,,,4.33,0.01281
,,,,4.331,0.001851
,,,,4.332,0.00373
,,,,4.333,0.000613
,,,,4.334,0.002616
,,,,4.335,0.012277
,,,,4.336,0.00524
,,,,4.337,-0.00747
,,,,4.338,0.013215
,,,,4.339,0.005005
,,,,4.34,-0.00415
,,,,4.341,0.001239
,,,,4.342,0.00741
,,,,4.343,-0.00248
,,,,4.344,-0.00304
,,,,4.345,0.003237
,,,,4.346,0.010004
,,,,4.347,0.003357
,,,,4.348,-0.00196
,,,,4.349,-0.00234
,,,,4.35,0.01152
,,,,4.351,0.00036
,,,,4.352,-0.00479
,,,,4.353,0.006788
,,,,4.354,-0.00612
,,,,4.355,-0.00545
,,,,4.356,0.001668
,,,,4.357,0.009801
,,,,4.358,0.00363
,,,,4.359,-0.00092
,,,,4.36,0.005597
,,,,4.361,-0.00688
,,,,4.362,0.004026
,,,,4.363,-0.00305
,,,,4.364,0.001335
,,,,4.365,0.010416
,,,,4.366,-0.0003
,,,,4.367,-0.00535
,,,,4.368,-0.00415
,,,,4.369,0.007201
,,,,4.37,0.002002
,,,,4.371,-0.00349
,,,,4.372,0.005868
,,,,4.373,0.008142
,,,,4.374,0.005356
,,,,4.375,-0.00068
,,,,4.376,-0.00326
,,,,4.377,0.010693
,,,,4.378,-0.00364
,,,,4.379,-0.01075
,,,,4.38,-0.00286
,,,,4.381,0.003608
,,,,4.382,0.005117
,,,,4.383,-0.00171
,,,,4.384,0.002752
,,,,4.385,0.001102
,,,,4.386,-0.00493
,,,,4.387,-0.00911
,,,,4.388,0.003279
,,,,4.389,0.005245
,,,,4.39,0.008051
,,,,4.391,-0.00178
,,,,4.392,0.006069
,,,,4.393,-0.00294
,,,,4.394,0.004499
,,,,4.395,-0.00379
,,,,4.396,0.012658
,,,,4.397,0.011715
,,,,4.398,0.003623
,,,,4.399,-0.01083
,,,,4.4,0.000253
,,,,4.401,-0.0113
,,,,4.402,-0.00294
,,,,4.403,-0.00126
,,,,4.404,0.004736
,,,,4.405,0.003086
,,,,4.406,-0.01089
,,,,4.407,-0.00039
,,,,4.408,0.00142
,,,,4.409,-0.00018
,,,,4.41,0.004237
,,,,4.411,-0.00587
,,,,4.412,0.003638
,,,,4.413,-0.00458
,,,,4.414,0.004062
,,,,4.415,-0.00063
,,,,4.416,0.009582
,,,,4.417,-0.00244
,,,,4.418,-0.00315
,,,,4.419,0.001459
,,,,4.42,0.008674
,,,,4.421,0.004663
,,,,4.422,0.000877
,,,,4.423,-0.00035
,,,,4.424,0.002698
,,,,4.425,-0.0073
,,,,4.426,-0.00665
,,,,4.427,0.014256
,,,,4.428,0.005482
,,,,4.429,-0.00581
,,,,4.43,0.000687
,,,,4.431,0.001896
,,,,4.432,0.005833
,,,,4.433,0.000199
,,,,4.434,-0.01148
,,,,4.435,-0.0014
,,,,4.436,-0.00067
,,,,4.437,-0.00714
,,,,4.438,0.001379
,,,,4.439,0.006576
,,,,4.44,0.01218
,,,,4.441,-0.00186
,,,,4.442,-0.00857
,,,,4.443,-0.00038
,,,,4.444,0.00644
,,,,4.445,-0.00614
,,,,4.446,0.011327
,,,,4.447,0.00923
,,,,4.448,0.005163
,,,,4.449,0.002167
,,,,4.45,-0.00056
,,,,4.451,0.003497
,,,,4.452,-0.00422
,,,,4.453,-0.00297
,,,,4.454,0.005439
,,,,4.455,0.004326
,,,,4.456,-0.00206
,,,,4.457,-0.00126
,,,,4.458,-0.00216
,,,,4.459,0.016042
,,,,4.46,-0.00011
,,,,4.461,0.005958
,,,,4.462,0.007891
,,,,4.463,0.001363
,,,,4.464,0.000694
,,,,4.465,0.004138
,,,,4.466,0.005973
,,,,4.467,0.004849
,,,,4.468,-0.00273
,,,,4.469,-0.007
,,,,4.47,0.004214
,,,,4.471,0.00182
,,,,4.472,0.001031
,,,,4.473,0.001358
,,,,4.474,0.005969
,,,,4.475,-0.00652
,,,,4.476,-0.00371
,,,,4.477,0.005152
,,,,4.478,-0.00152
,,,,4.479,0.002218
,,,,4.48,-0.01136
,,,,4.481,0.000644
,,,,4.482,0.004007
,,,,4.483,0.003826
,,,,4.484,0.002005
,,,,4.485,-0.00694
,,,,4.486,0.001384
,,,,4.487,-0.00367
,,,,4.488,-0.01449
,,,,4.489,0.011069
,,,,4.49,0.00725
,,,,4.491,-0.00398
,,,,4.492,-0.00166
,,,,4.493,-0.00044
,,,,4.494,0.013077
,,,,4.495,0.001744
,,,,4.496,0.001079
,,,,4.497,0.00346
,,,,4.498,0.00817
,,,,4.499,-0.00534
,,,,4.5,-0.00018
,,,,4.501,0.002035
,,,,4.502,0.002009
,,,,4.503,-0.00938
,,,,4.504,0.003569
,,,,4.505,0.00985
,,,,4.506,0.002927
,,,,4.507,-0.00094
,,,,4.508,0.004729
,,,,4.509,-0.00133
,,,,4.51,0.001733
,,,,4.511,-0.01358
,,,,4.512,-0.00126
,,,,4.513,0.013353
,,,,4.514,0.004657
,,,,4.515,-0.00881
,,,,4.516,0.008936
,,,,4.517,0.004784
,,,,4.518,0.002016
,,,,4.519,0.00281
,,,,4.52,-0.000043
,,,,4.521,0.006075
,,,,4.522,0.0000485
,,,,4.523,-0.00513
,,,,4.524,0.001457
,,,,4.525,0.004151
,,,,4.526,-0.00525
,,,,4.527,-0.0016
,,,,4.528,0.001313
,,,,4.529,0.007712
,,,,4.53,-0.00868
,,,,4.531,-0.01273
,,,,4.532,0.006075
,,,,4.533,-0.00923
,,,,4.534,0.001299
,,,,4.535,0.000701
,,,,4.536,0.008556
,,,,4.537,0.002771
,,,,4.538,-0.00717
,,,,4.539,-0.00173
,,,,4.54,0.008579
,,,,4.541,0.003135
,,,,4.542,-0.00918
,,,,4.543,0.002067
,,,,4.544,0.002475
,,,,4.545,0.003863
,,,,4.546,0.003224
,,,,4.547,0.004724
,,,,4.548,-0.00571
,,,,4.549,-0.00511
,,,,4.55,-0.0108
,,,,4.551,-0.00368
,,,,4.552,0.001743
,,,,4.553,-0.0039
,,,,4.554,0.004237
,,,,4.555,-0.00293
,,,,4.556,0.001411
,,,,4.557,0.000759
,,,,4.558,-0.01199
,,,,4.559,0.002043
,,,,4.56,-0.00068
,,,,4.561,-0.000011
,,,,4.562,-0.01385
,,,,4.563,0.007476
,,,,4.564,-0.00304
,,,,4.565,-0.012
,,,,4.566,0.003911
,,,,4.567,0.005758
,,,,4.568,-0.00504
,,,,4.569,-0.00426
,,,,4.57,0.003256
,,,,4.571,0.004934
,,,,4.572,0.006966
,,,,4.573,-0.00615
,,,,4.574,0.005867
,,,,4.575,0.010917
,,,,4.576,0.003496
,,,,4.577,-0.00092
,,,,4.578,-0.00482
,,,,4.579,0.000596
,,,,4.58,0.004127
,,,,4.581,-0.01263
,,,,4.582,0.004508
,,,,4.583,0.000287
,,,,4.584,-0.00604
,,,,4.585,-0.00711
,,,,4.586,0.002103
,,,,4.587,-0.00106
,,,,4.588,0.002795
,,,,4.589,-0.00573
,,,,4.59,0.010732
,,,,4.591,0.010272
,,,,4.592,-0.00197
,,,,4.593,0.004307
,,,,4.594,0.004011
,,,,4.595,0.003801
,,,,4.596,0.001574
,,,,4.597,0.005835
,,,,4.598,0.005122
,,,,4.599,0.002126
,,,,4.6,0.007007
,,,,4.601,-0.0081
,,,,4.602,0.010502
,,,,4.603,0.00581
,,,,4.604,-0.00877
,,,,4.605,0.006048
,,,,4.606,0.004807
,,,,4.607,-0.00201
,,,,4.608,-0.00427
,,,,4.609,-0.00634
,,,,4.61,0.006655
,,,,4.611,0.001756
,,,,4.612,-0.00595
,,,,4.613,0.005522
,,,,4.614,0.004046
,,,,4.615,0.006577
,,,,4.616,-0.00083
,,,,4.617,0.004771
,,,,4.618,0.009006
,,,,4.619,-0.00954
,,,,4.62,-0.01114
,,,,4.621,-0.00363
,,,,4.622,-0.01351
,,,,4.623,0.000622
,,,,4.624,-0.00235
,,,,4.625,0.000245
,,,,4.626,0.003004
,,,,4.627,0.000231
,,,,4.628,-0.01132
,,,,4.629,0.005011
,,,,4.63,0.003745
,,,,4.631,0.008019
,,,,4.632,-0.00091
,,,,4.633,0.007953
,,,,4.634,0.012649
,,,,4.635,-0.01014
,,,,4.636,0.011004
,,,,4.637,0.010806
,,,,4.638,0.00096
,,,,4.639,-0.00088
,,,,4.64,-0.00554
,,,,4.641,0.000714
,,,,4.642,-0.00107
,,,,4.643,-0.00493
,,,,4.644,-0.00564
,,,,4.645,-0.00037
,,,,4.646,-0.00426
,,,,4.647,-0.00112
,,,,4.648,0.000783
,,,,4.649,0.000788
,,,,4.65,0.00248
,,,,4.651,-0.00585
,,,,4.652,0.002263
,,,,4.653,0.008724
,,,,4.654,-0.00595
,,,,4.655,-0.00519
,,,,4.656,0.004946
,,,,4.657,0.004497
,,,,4.658,-0.01039
,,,,4.659,-0.00341
,,,,4.66,0.001037
,,,,4.661,0.002546
,,,,4.662,-0.00504
,,,,4.663,-0.00442
,,,,4.664,0.00026
,,,,4.665,0.004414
,,,,4.666,-0.00064
,,,,4.667,-0.00197
,,,,4.668,0.002188
,,,,4.669,0.000569
,,,,4.67,-0.0122
,,,,4.671,-0.00034
,,,,4.672,-0.00154
,,,,4.673,0.002292
,,,,4.674,-0.00501
,,,,4.675,-0.00246
,,,,4.676,0.001339
,,,,4.677,-0.00077
,,,,4.678,-0.00378
,,,,4.679,0.000292
,,,,4.68,0.00939
,,,,4.681,-0.00773
,,,,4.682,-0.00154
,,,,4.683,0.01144
,,,,4.684,0.012591
,,,,4.685,0.012961
,,,,4.686,-0.00212
,,,,4.687,0.001403
,,,,4.688,0.00734
,,,,4.689,-0.00647
,,,,4.69,-0.00571
,,,,4.691,0.00912
,,,,4.692,0.006689
,,,,4.693,-0.00912
,,,,4.694,-0.00382
,,,,4.695,-0.00076
,,,,4.696,0.009234
,,,,4.697,-0.00539
,,,,4.698,0.001765
,,,,4.699,0.006241
,,,,4.7,0.004329
,,,,4.701,0.003935
,,,,4.702,0.001385
,,,,4.703,0.002459
,,,,4.704,0.007358
,,,,4.705,-0.0009
,,,,4.706,-0.00922
,,,,4.707,-0.00501
,,,,4.708,-0.01607
,,,,4.709,-0.00693
,,,,4.71,0.001603
,,,,4.711,0.007761
,,,,4.712,0.003591
,,,,4.713,0.005198
,,,,4.714,0.004947
,,,,4.715,0.013094
,,,,4.716,-0.00909
,,,,4.717,-0.00919
,,,,4.718,0.008514
,,,,4.719,0.007192
,,,,4.72,0.007609
,,,,4.721,-0.00199
,,,,4.722,0.002073
,,,,4.723,0.002964
,,,,4.724,-0.00242
,,,,4.725,-0.00994
,,,,4.726,-0.00015
,,,,4.727,-0.0052
,,,,4.728,-0.00414
,,,,4.729,-0.00168
,,,,4.73,0.008987
,,,,4.731,0.014172
,,,,4.732,-0.00742
,,,,4.733,0.002788
,,,,4.734,0.006554
,,,,4.735,0.000708
,,,,4.736,0.000939
,,,,4.737,0.000102
,,,,4.738,0.016783
,,,,4.739,-0.00408
,,,,4.74,-0.00166
,,,,4.741,0.007483
,,,,4.742,-0.00504
,,,,4.743,0.008323
,,,,4.744,-0.01019
,,,,4.745,0.003997
,,,,4.746,0.001047
,,,,4.747,0.000388
,,,,4.748,0.00149
,,,,4.749,-0.00147
,,,,4.75,0.002249
,,,,4.751,-0.00778
,,,,4.752,-0.0006
,,,,4.753,0.000219
,,,,4.754,0.005883
,,,,4.755,0.001597
,,,,4.756,-0.00645
,,,,4.757,-0.01153
,,,,4.758,0.001345
,,,,4.759,-0.00611
,,,,4.76,-0.0034
,,,,4.761,0.00799
,,,,4.762,-0.00125
,,,,4.763,0.002193
,,,,4.764,-0.00631
,,,,4.765,0.007946
,,,,4.766,0.006182
,,,,4.767,-0.00707
,,,,4.768,-0.00243
,,,,4.769,0.004735
,,,,4.77,-0.00965
,,,,4.771,-0.00118
,,,,4.772,-0.00183
,,,,4.773,0.009529
,,,,4.774,0.004675
,,,,4.775,-0.0067
,,,,4.776,-0.00002
,,,,4.777,0.00101
,,,,4.778,-0.00093
,,,,4.779,0.003049
,,,,4.78,0.010713
,,,,4.781,0.000786
,,,,4.782,-0.00272
,,,,4.783,-0.00262
,,,,4.784,0.002341
,,,,4.785,0.012231
,,,,4.786,-0.01332
,,,,4.787,-0.00425
,,,,4.788,0.007824
,,,,4.789,0.001359
,,,,4.79,-0.00662
,,,,4.791,0.009948
,,,,4.792,0.005769
,,,,4.793,0.002121
,,,,4.794,-0.00631
,,,,4.795,0.000819
,,,,4.796,0.011132
,,,,4.797,-0.00799
,,,,4.798,0.005837
,,,,4.799,-0.00417
,,,,4.8,0.009906
,,,,4.801,0.010009
,,,,4.802,-0.00358
,,,,4.803,0.008019
,,,,4.804,0.003056
,,,,4.805,0.0000772
,,,,4.806,-0.01004
,,,,4.807,-0.00771
,,,,4.808,0.003512
,,,,4.809,-0.00529
,,,,4.81,0.002047
,,,,4.811,0.001897
,,,,4.812,0.012663
,,,,4.813,-0.01402
,,,,4.814,-0.00107
,,,,4.815,0.012981
,,,,4.816,0.001732
,,,,4.817,-0.00467
,,,,4.818,0.007022
,,,,4.819,0.004277
,,,,4.82,0.012929
,,,,4.821,-0.01411
,,,,4.822,0.001031
,,,,4.823,0.006714
,,,,4.824,-0.00537
,,,,4.825,0.007746
,,,,4.826,0.001436
,,,,4.827,-0.00289
,,,,4.828,-0.00714
,,,,4.829,-0.00715
,,,,4.83,0.006406
,,,,4.831,0.002616
,,,,4.832,0.001379
,,,,4.833,0.005022
,,,,4.834,-0.00135
,,,,4.835,0.002735
,,,,4.836,0.012288
,,,,4.837,-0.00129
,,,,4.838,0.01133
,,,,4.839,0.008249
,,,,4.84,-0.00978
,,,,4.841,-0.00057
,,,,4.842,0.011121
,,,,4.843,0.005021
,,,,4.844,-0.00122
,,,,4.845,-0.00731
,,,,4.846,0.001823
,,,,4.847,-0.00116
,,,,4.848,0.003327
,,,,4.849,-0.00228
,,,,4.85,0.009603
,,,,4.851,0.002776
,,,,4.852,0.007623
,,,,4.853,-0.00481
,,,,4.854,0.008533
,,,,4.855,0.016218
,,,,4.856,-0.01581
,,,,4.857,-0.0048
,,,,4.858,0.004931
,,,,4.859,0.002879
,,,,4.86,0.000041
,,,,4.861,0.004501
,,,,4.862,0.010829
,,,,4.863,0.001379
,,,,4.864,-0.01193
,,,,4.865,-0.00265
,,,,4.866,0.001877
,,,,4.867,-0.00436
,,,,4.868,-0.005
,,,,4.869,0.002867
,,,,4.87,0.010171
,,,,4.871,0.006294
,,,,4.872,0.004125
,,,,4.873,0.003191
,,,,4.874,0.010322
,,,,4.875,-0.00775
,,,,4.876,-0.00708
,,,,4.877,0.001868
,,,,4.878,0.000707
,,,,4.879,-0.00416
,,,,4.88,-0.00493
,,,,4.881,-0.00095
,,,,4.882,-0.00259
,,,,4.883,-0.00734
,,,,4.884,0.000519
,,,,4.885,0.001279
,,,,4.886,-0.0012
,,,,4.887,-0.00146
,,,,4.888,-0.00037
,,,,4.889,-0.0097
,,,,4.89,0.012442
,,,,4.891,-0.01126
,,,,4.892,-0.01134
,,,,4.893,-0.00777
,,,,4.894,0.001737
,,,,4.895,-0.00338
,,,,4.896,-0.0042
,,,,4.897,0.005406
,,,,4.898,0.008993
,,,,4.899,-0.01244
,,,,4.9,-0.00313
,,,,4.901,0.001239
,,,,4.902,-0.00332
,,,,4.903,-0.00755
,,,,4.904,0.011642
,,,,4.905,0.003766
,,,,4.906,-0.00566
,,,,4.907,0.002328
,,,,4.908,0.000058
,,,,4.909,-0.00152
,,,,4.91,-0.00512
,,,,4.911,-0.00553
,,,,4.912,0.010047
,,,,4.913,0.00323
,,,,4.914,0.004373
,,,,4.915,-0.00514
,,,,4.916,0.003595
,,,,4.917,0.013543
,,,,4.918,-0.00189
,,,,4.919,-0.00113
,,,,4.92,0.002939
,,,,4.921,-0.00713
,,,,4.922,-0.00801
,,,,4.923,-0.00236
,,,,4.924,-0.00173
,,,,4.925,0.004077
,,,,4.926,-0.00736
,,,,4.927,-0.00172
,,,,4.928,-0.0012
,,,,4.929,-0.00065
,,,,4.93,0.000657
,,,,4.931,-0.00258
,,,,4.932,0.011015
,,,,4.933,0.008861
,,,,4.934,0.001437
,,,,4.935,0.003928
,,,,4.936,0.008563
,,,,4.937,0.003013
,,,,4.938,0.004624
,,,,4.939,0.000179
,,,,4.94,0.005175
,,,,4.941,0.004775
,,,,4.942,-0.01022
,,,,4.943,0.007249
,,,,4.944,0.00324
,,,,4.945,0.000318
,,,,4.946,0.007185
,,,,4.947,0.006383
,,,,4.948,0.008315
,,,,4.949,-0.00711
,,,,4.95,-0.01183
,,,,4.951,-0.00115
,,,,4.952,0.010578
,,,,4.953,-0.00233
,,,,4.954,-0.00265
,,,,4.955,0.011623
,,,,4.956,0.000263
,,,,4.957,-0.003
,,,,4.958,0.00542
,,,,4.959,0.009598
,,,,4.96,0.006868
,,,,4.961,-0.00377
,,,,4.962,-0.00352
,,,,4.963,0.006549
,,,,4.964,0.001347
,,,,4.965,-0.01143
,,,,4.966,-0.00372
,,,,4.967,0.007333
,,,,4.968,-0.00548
,,,,4.969,-0.00329
,,,,4.97,0.001741
,,,,4.971,0.008769
,,,,4.972,-0.00244
,,,,4.973,0.006069
,,,,4.974,-0.0059
,,,,4.975,-0.0032
,,,,4.976,0.005191
,,,,4.977,-0.00509
,,,,4.978,-0.00678
,,,,4.979,0.005546
,,,,4.98,-0.00247
,,,,4.981,0.00143
,,,,4.982,0.00114
,,,,4.983,0.01019
,,,,4.984,0.007039
,,,,4.985,0.005118
,,,,4.986,0.007176
,,,,4.987,0.012369
,,,,4.988,-0.00786
,,,,4.989,-0.00632
,,,,4.99,0.011399
,,,,4.991,-0.00377
,,,,4.992,0.006605
,,,,4.993,0.005197
,,,,4.994,0.00916
,,,,4.995,0.005518
,,,,4.996,0.005097
,,,,4.997,0.010121
,,,,4.998,0.004096
,,,,4.999,0.000282
,,,,5,-0.00112
,,,,5.001,0.0000954
,,,,5.002,-0.00048
,,,,5.003,-0.00184
,,,,5.004,-0.00534
,,,,5.005,0.002795
,,,,5.006,0.008311
,,,,5.007,0.007996
,,,,5.008,0.002652
,,,,5.009,-0.00242
,,,,5.01,0.003565
,,,,5.011,0.002289
,,,,5.012,-0.00609
,,,,5.013,0.006573
,,,,5.014,0.003704
,,,,5.015,-0.0075
,,,,5.016,0.004084
,,,,5.017,0.004229
,,,,5.018,-0.00164
,,,,5.019,-0.00957
,,,,5.02,-0.00149
,,,,5.021,-0.01028
,,,,5.022,0.005092
,,,,5.023,-0.00327
,,,,5.024,-0.00551
,,,,5.025,0.007893
,,,,5.026,0.003627
,,,,5.027,0.005705
,,,,5.028,-0.00544
,,,,5.029,-0.00296
,,,,5.03,0.005256
,,,,5.031,0.002427
,,,,5.032,0.00299
,,,,5.033,0.004984
,,,,5.034,0.004328
,,,,5.035,-0.00931
,,,,5.036,-0.00603
,,,,5.037,0.005583
,,,,5.038,0.0000888
,,,,5.039,-0.00659
,,,,5.04,-0.000033
,,,,5.041,0.004399
,,,,5.042,-0.00885
,,,,5.043,-0.01117
,,,,5.044,0.002435
,,,,5.045,0.003793
,,,,5.046,0.002578
,,,,5.047,0.004392
,,,,5.048,0.001597
,,,,5.049,-0.00389
,,,,5.05,-0.00611
,,,,5.051,0.001332
,,,,5.052,0.006314
,,,,5.053,-0.0107
,,,,5.054,-0.00556
,,,,5.055,-0.00237
,,,,5.056,0.003265
,,,,5.057,0.004656
,,,,5.058,0.000682
,,,,5.059,-0.00412
,,,,5.06,0.010666
,,,,5.061,0.007603
,,,,5.062,-0.00035
,,,,5.063,-0.002
,,,,5.064,0.004003
,,,,5.065,0.00095
,,,,5.066,-0.01214
,,,,5.067,0.005651
,,,,5.068,0.003135
,,,,5.069,-0.00389
,,,,5.07,-0.01191
,,,,5.071,0.006221
,,,,5.072,0.013359
,,,,5.073,0.008609
,,,,5.074,-0.00681
,,,,5.075,0.002856
,,,,5.076,0.008499
,,,,5.077,-0.000063
,,,,5.078,-0.0038
,,,,5.079,-0.0000036
,,,,5.08,0.00094
,,,,5.081,0.000957
,,,,5.082,0.005389
,,,,5.083,0.009248
,,,,5.084,0.007568
,,,,5.085,-0.00536
,,,,5.086,-0.00698
,,,,5.087,0.014977
,,,,5.088,0.003299
,,,,5.089,-0.01797
,,,,5.09,-0.00442
,,,,5.091,0.007105
,,,,5.092,0.006767
,,,,5.093,-0.00348
,,,,5.094,0.000639
,,,,5.095,0.009204
,,,,5.096,0.003144
,,,,5.097,-0.00402
,,,,5.098,0.004946
,,,,5.099,0.00484
,,,,5.1,0.006446
,,,,5.101,-0.00482
,,,,5.102,0.00349
,,,,5.103,0.00965
,,,,5.104,-0.00108
,,,,5.105,-0.00975
,,,,5.106,-0.000053
,,,,5.107,0.000717
,,,,5.108,0.005714
,,,,5.109,-0.00175
,,,,5.11,-0.00565
,,,,5.111,-0.00224
,,,,5.112,-0.00535
,,,,5.113,-0.00608
,,,,5.114,0.001475
,,,,5.115,0.008518
,,,,5.116,0.000971
,,,,5.117,-0.00534
,,,,5.118,-0.00119
,,,,5.119,0.005002
,,,,5.12,-0.00042
,,,,5.121,-0.0075
,,,,5.122,0.006281
,,,,5.123,0.003339
,,,,5.124,-0.00449
,,,,5.125,-0.00172
,,,,5.126,-0.00239
,,,,5.127,0.004343
,,,,5.128,-0.01542
,,,,5.129,0.002273
,,,,5.13,0.003181
,,,,5.131,-0.00147
,,,,5.132,-0.0014
,,,,5.133,0.005062
,,,,5.134,0.006333
,,,,5.135,0.004882
,,,,5.136,0.000797
,,,,5.137,0.000245
,,,,5.138,0.00553
,,,,5.139,0.006563
,,,,5.14,-0.01094
,,,,5.141,-0.00789
,,,,5.142,-0.00262
,,,,5.143,0.001897
,,,,5.144,-0.00608
,,,,5.145,-0.00191
,,,,5.146,0.006451
,,,,5.147,-0.00139
,,,,5.148,-0.00861
,,,,5.149,0.010051
,,,,5.15,-0.000078
,,,,5.151,-0.00253
,,,,5.152,-0.00109
,,,,5.153,0.007281
,,,,5.154,-0.00878
,,,,5.155,-0.01048
,,,,5.156,0.000294
,,,,5.157,0.000323
,,,,5.158,-0.00011
,,,,5.159,0.002127
,,,,5.16,0.003541
,,,,5.161,0.0014
,,,,5.162,0.001379
,,,,5.163,-0.00767
,,,,5.164,-0.00613
,,,,5.165,0.0155
,,,,5.166,-0.00971
,,,,5.167,-0.00887
,,,,5.168,-0.00387
,,,,5.169,0.012187
,,,,5.17,-0.00214
,,,,5.171,-0.00638
,,,,5.172,-0.00104
,,,,5.173,0.0094
,,,,5.174,0.001971
,,,,5.175,-0.00799
,,,,5.176,-0.00572
,,,,5.177,0.006819
,,,,5.178,0.006947
,,,,5.179,0.000803
,,,,5.18,-0.00155
,,,,5.181,0.001999
,,,,5.182,-0.00278
,,,,5.183,-0.00101
,,,,5.184,0.01207
,,,,5.185,0.004715
,,,,5.186,-0.00765
,,,,5.187,-0.0004
,,,,5.188,0.010414
,,,,5.189,-0.00232
,,,,5.19,-0.00211
,,,,5.191,0.011397
,,,,5.192,0.004147
,,,,5.193,-0.00376
,,,,5.194,0.002764
,,,,5.195,0.005139
,,,,5.196,0.009143
,,,,5.197,-0.00077
,,,,5.198,-0.01079
,,,,5.199,-0.00844
,,,,5.2,-0.00602
,,,,5.201,-0.0018
,,,,5.202,-0.00629
,,,,5.203,0.011509
,,,,5.204,-0.00245
,,,,5.205,0.001815
,,,,5.206,-0.00158
,,,,5.207,0.009262
,,,,5.208,0.010859
,,,,5.209,-0.01177
,,,,5.21,-0.01362
,,,,5.211,0.007738
,,,,5.212,0.010319
,,,,5.213,0.002071
,,,,5.214,-0.00195
,,,,5.215,0.003347
,,,,5.216,0.006662
,,,,5.217,-0.00726
,,,,5.218,-0.005
,,,,5.219,0.003321
,,,,5.22,0.002112
,,,,5.221,-0.00267
,,,,5.222,0.001313
,,,,5.223,0.000631
,,,,5.224,0.009369
,,,,5.225,-0.0115
,,,,5.226,-0.00049
,,,,5.227,0.005503
,,,,5.228,-0.01353
,,,,5.229,0.001077
,,,,5.23,-0.00352
,,,,5.231,0.002205
,,,,5.232,-0.00122
,,,,5.233,-0.0086
,,,,5.234,-0.01228
,,,,5.235,-0.00285
,,,,5.236,-0.0022
,,,,5.237,0.007342
,,,,5.238,0.003576
,,,,5.239,-0.00239
,,,,5.24,-0.0049
,,,,5.241,-0.00887
,,,,5.242,0.002121
,,,,5.243,0.006413
,,,,5.244,0.003324
,,,,5.245,0.001539
,,,,5.246,0.009374
,,,,5.247,0.011511
,,,,5.248,-0.00682
,,,,5.249,-0.00574
,,,,5.25,-0.00259
,,,,5.251,0.005861
,,,,5.252,-0.01183
,,,,5.253,-0.00508
,,,,5.254,0.003431
,,,,5.255,0.001013
,,,,5.256,-0.000073
,,,,5.257,0.000612
,,,,5.258,-0.00745
,,,,5.259,0.002186
,,,,5.26,-0.00222
,,,,5.261,-0.00182
,,,,5.262,-0.00137
,,,,5.263,0.00032
,,,,5.264,-0.01072
,,,,5.265,-0.00036
,,,,5.266,0.007115
,,,,5.267,0.008033
,,,,5.268,-0.00364
,,,,5.269,0.007154
,,,,5.27,0.013117
,,,,5.271,0.004063
,,,,5.272,-0.00546
,,,,5.273,0.002893
,,,,5.274,-0.0036
,,,,5.275,-0.01111
,,,,5.276,0.006907
,,,,5.277,0.001911
,,,,5.278,0.011008
,,,,5.279,-0.00688
,,,,5.28,-0.00484
,,,,5.281,-0.00437
,,,,5.282,0.003109
,,,,5.283,-0.00661
,,,,5.284,0.002913
,,,,5.285,0.005456
,,,,5.286,-0.00147
,,,,5.287,-0.00753
,,,,5.288,-0.00876
,,,,5.289,0.007255
,,,,5.29,0.000444
,,,,5.291,-0.00182
,,,,5.292,0.002085
,,,,5.293,0.001925
,,,,5.294,0.012869
,,,,5.295,-0.00029
,,,,5.296,0.00142
,,,,5.297,0.005155
,,,,5.298,0.003151
,,,,5.299,-0.00053
,,,,5.3,-0.000031
,,,,5.301,0.005159
,,,,5.302,-0.00213
,,,,5.303,-0.00968
,,,,5.304,0.009659
,,,,5.305,-0.00924
,,,,5.306,-0.00251
,,,,5.307,-0.00166
,,,,5.308,0.004393
,,,,5.309,0.009169
,,,,5.31,-0.0068
,,,,5.311,-0.00875
,,,,5.312,0.003678
,,,,5.313,0.002627
,,,,5.314,-0.00409
,,,,5.315,-0.00231
,,,,5.316,0.002796
,,,,5.317,0.002249
,,,,5.318,-0.00884
,,,,5.319,0.004281
,,,,5.32,0.007149
,,,,5.321,0.006646
,,,,5.322,-0.00776
,,,,5.323,0.004858
,,,,5.324,0.002006
,,,,5.325,-0.00398
,,,,5.326,-0.01319
,,,,5.327,0.003386
,,,,5.328,0.009298
,,,,5.329,0.006696
,,,,5.33,-0.00264
,,,,5.331,-0.00528
,,,,5.332,0.007345
,,,,5.333,0.001681
,,,,5.334,-0.00281
,,,,5.335,0.002519
,,,,5.336,0.009558
,,,,5.337,0.002343
,,,,5.338,-0.00091
,,,,5.339,0.003932
,,,,5.34,0.000486
,,,,5.341,0.0000117
,,,,5.342,-0.00584
,,,,5.343,-0.00402
,,,,5.344,-0.00274
,,,,5.345,0.0000009
,,,,5.346,-0.00496
,,,,5.347,0.001426
,,,,5.348,-0.00239
,,,,5.349,-0.008
,,,,5.35,0.002498
,,,,5.351,0.000997
,,,,5.352,0.001411
,,,,5.353,0.009955
,,,,5.354,-0.00367
,,,,5.355,0.005288
,,,,5.356,-0.00155
,,,,5.357,-0.0014
,,,,5.358,-0.00619
,,,,5.359,0.010463
,,,,5.36,-0.00131
,,,,5.361,-0.00601
,,,,5.362,-0.00294
,,,,5.363,0.008232
,,,,5.364,0.001024
,,,,5.365,-0.00212
,,,,5.366,0.00307
,,,,5.367,0.009823
,,,,5.368,-0.01077
,,,,5.369,-0.00356
,,,,5.37,0.008594
,,,,5.371,0.00866
,,,,5.372,0.000408
,,,,5.373,-0.00189
,,,,5.374,0.012802
,,,,5.375,0.006837
,,,,5.376,0.004065
,,,,5.377,-0.00257
,,,,5.378,-0.00618
,,,,5.379,-0.00157
,,,,5.38,0.002894
,,,,5.381,-0.00164
,,,,5.382,-0.00048
,,,,5.383,0.001771
,,,,5.384,-0.00605
,,,,5.385,0.002181
,,,,5.386,0.010315
,,,,5.387,0.004575
,,,,5.388,0.001775
,,,,5.389,-0.00084
,,,,5.39,0.001058
,,,,5.391,0.002071
,,,,5.392,0.00439
,,,,5.393,0.001877
,,,,5.394,0.010072
,,,,5.395,0.001277
,,,,5.396,-0.00333
,,,,5.397,0.009692
,,,,5.398,-0.00238
,,,,5.399,0.004784
,,,,5.4,0.001765
,,,,5.401,0.000969
,,,,5.402,0.002834
,,,,5.403,-0.01125
,,,,5.404,-0.01076
,,,,5.405,0.003263
,,,,5.406,0.004106
,,,,5.407,-0.000043
,,,,5.408,0.000377
,,,,5.409,0.010477
,,,,5.41,0.005384
,,,,5.411,-0.00967
,,,,5.412,-0.00251
,,,,5.413,0.006396
,,,,5.414,0.000963
,,,,5.415,0.001682
,,,,5.416,0.006855
,,,,5.417,0.007129
,,,,5.418,-0.0055
,,,,5.419,-0.00464
,,,,5.42,0.004812
,,,,5.421,0.019341
,,,,5.422,-0.00448
,,,,5.423,-0.00242
,,,,5.424,-0.00413
,,,,5.425,0.010512
,,,,5.426,0.009952
,,,,5.427,-0.01283
,,,,5.428,-0.0064
,,,,5.429,0.006187
,,,,5.43,0.002755
,,,,5.431,0.003238
,,,,5.432,0.006349
,,,,5.433,-0.00217
,,,,5.434,-0.0016
,,,,5.435,-0.00765
,,,,5.436,0.011973
,,,,5.437,0.002898
,,,,5.438,-0.00526
,,,,5.439,-0.00242
,,,,5.44,-0.00694
,,,,5.441,-0.00023
,,,,5.442,0.00061
,,,,5.443,0.002112
,,,,5.444,0.004607
,,,,5.445,0.009395
,,,,5.446,0.001005
,,,,5.447,-0.00239
,,,,5.448,0.003633
,,,,5.449,-0.00049
,,,,5.45,-0.00649
,,,,5.451,0.003982
,,,,5.452,0.006808
,,,,5.453,0.003736
,,,,5.454,-0.00828
,,,,5.455,-0.00586
,,,,5.456,0.006632
,,,,5.457,0.001073
,,,,5.458,0.002064
,,,,5.459,-0.00266
,,,,5.46,0.000888
,,,,5.461,-0.00078
,,,,5.462,0.002301
,,,,5.463,-0.00331
,,,,5.464,-0.00107
,,,,5.465,-0.00839
,,,,5.466,-0.00904
,,,,5.467,0.008201
,,,,5.468,0.007222
,,,,5.469,0.000811
,,,,5.47,0.000322
,,,,5.471,0.005031
,,,,5.472,-0.00032
,,,,5.473,-0.00018
,,,,5.474,-0.00585
,,,,5.475,0.006975
,,,,5.476,0.010985
,,,,5.477,-0.00707
,,,,5.478,-0.00539
,,,,5.479,0.007962
,,,,5.48,0.016464
,,,,5.481,-0.00079
,,,,5.482,0.006925
,,,,5.483,0.005325
,,,,5.484,0.001046
,,,,5.485,0.0000333
,,,,5.486,0.00403
,,,,5.487,0.003707
,,,,5.488,0.008154
,,,,5.489,-0.00778
,,,,5.49,-0.01183
,,,,5.491,0.00211
,,,,5.492,-0.00897
,,,,5.493,-0.0144
,,,,5.494,0.0000308
,,,,5.495,-0.00062
,,,,5.496,0.003786
,,,,5.497,-0.0056
,,,,5.498,0.008834
,,,,5.499,0.00349
,,,,5.5,-0.00276
,,,,5.501,-0.01457
,,,,5.502,0.007194
,,,,5.503,0.011232
,,,,5.504,-0.00118
,,,,5.505,-0.00603
,,,,5.506,0.001749
,,,,5.507,-0.00019
,,,,5.508,-0.01063
,,,,5.509,-0.0074
,,,,5.51,-0.00155
,,,,5.511,-0.00433
,,,,5.512,0.001035
,,,,5.513,0.003579
,,,,5.514,0.008032
,,,,5.515,0.003416
,,,,5.516,-0.01223
,,,,5.517,0.001522
,,,,5.518,0.00373
,,,,5.519,-0.00533
,,,,5.52,-0.00043
,,,,5.521,-0.0052
,,,,5.522,-0.00475
,,,,5.523,-0.00043
,,,,5.524,0.007111
,,,,5.525,-0.00123
,,,,5.526,0.010587
,,,,5.527,-0.00928
,,,,5.528,-0.00498
,,,,5.529,-0.00023
,,,,5.53,-0.00483
,,,,5.531,0.006483
,,,,5.532,-0.01036
,,,,5.533,-0.00326
,,,,5.534,0.002131
,,,,5.535,0.008459
,,,,5.536,-0.00372
,,,,5.537,0.010199
,,,,5.538,0.008024
,,,,5.539,0.002003
,,,,5.54,-0.0086
,,,,5.541,0.008436
,,,,5.542,0.00896
,,,,5.543,-0.00457
,,,,5.544,-0.00823
,,,,5.545,0.004745
,,,,5.546,0.002143
,,,,5.547,0.002079
,,,,5.548,0.000429
,,,,5.549,0.005065
,,,,5.55,0.003062
,,,,5.551,-0.00191
,,,,5.552,-0.00065
,,,,5.553,0.006452
,,,,5.554,-0.00064
,,,,5.555,0.005802
,,,,5.556,-0.00122
,,,,5.557,0.015691
,,,,5.558,0.002231
,,,,5.559,-0.0031
,,,,5.56,-0.00551
,,,,5.561,0.001693
,,,,5.562,-0.00521
,,,,5.563,-0.00348
,,,,5.564,0.006848
,,,,5.565,-0.01041
,,,,5.566,0.000584
,,,,5.567,-0.01133
,,,,5.568,0.008886
,,,,5.569,0.010639
,,,,5.57,-0.01114
,,,,5.571,-0.00877
,,,,5.572,0.005307
,,,,5.573,0.007115
,,,,5.574,0.006138
,,,,5.575,0.000193
,,,,5.576,0.00291
,,,,5.577,0.000314
,,,,5.578,-0.00404
,,,,5.579,-0.00881
,,,,5.58,0.012314
,,,,5.581,0.001095
,,,,5.582,-0.00456
,,,,5.583,-0.0038
,,,,5.584,0.004359
,,,,5.585,-0.000069
,,,,5.586,-0.00697
,,,,5.587,0.008987
,,,,5.588,0.001433
,,,,5.589,-0.00486
,,,,5.59,-0.00168
,,,,5.591,-0.00032
,,,,5.592,0.000939
,,,,5.593,0.007602
,,,,5.594,-0.00758
,,,,5.595,-0.00029
,,,,5.596,0.011014
,,,,5.597,-0.00511
,,,,5.598,-0.000064
,,,,5.599,0.000611
,,,,5.6,0.004369
,,,,5.601,-0.00115
,,,,5.602,-0.00802
,,,,5.603,0.003218
,,,,5.604,0.002958
,,,,5.605,-0.00273
,,,,5.606,0.005463
,,,,5.607,0.003365
,,,,5.608,0.010016
,,,,5.609,0.01395
,,,,5.61,-0.01581
,,,,5.611,-0.00365
,,,,5.612,0.006045
,,,,5.613,-0.00735
,,,,5.614,0.000997
,,,,5.615,0.00151
,,,,5.616,-0.0094
,,,,5.617,0.001302
,,,,5.618,-0.00699
,,,,5.619,-0.00162
,,,,5.62,0.004731
,,,,5.621,-0.01345
,,,,5.622,-0.00525
,,,,5.623,0.00017
,,,,5.624,-0.00231
,,,,5.625,-0.00719
,,,,5.626,0.013013
,,,,5.627,0.000435
,,,,5.628,0.006016
,,,,5.629,0.003742
,,,,5.63,-0.00127
,,,,5.631,-0.00039
,,,,5.632,-0.00339
,,,,5.633,-0.01
,,,,5.634,0.004623
,,,,5.635,0.007471
,,,,5.636,0.003872
,,,,5.637,0.006211
,,,,5.638,0.004544
,,,,5.639,0.006903
,,,,5.64,-0.00204
,,,,5.641,0.001511
,,,,5.642,0.003723
,,,,5.643,0.001197
,,,,5.644,-0.00536
,,,,5.645,-0.00438
,,,,5.646,0.000821
,,,,5.647,0.001011
,,,,5.648,-0.0045
,,,,5.649,-0.00063
,,,,5.65,0.001534
,,,,5.651,-0.00351
,,,,5.652,-0.00155
,,,,5.653,-0.00506
,,,,5.654,0.004693
,,,,5.655,0.005944
,,,,5.656,-0.00647
,,,,5.657,-0.00575
,,,,5.658,0.008371
,,,,5.659,0.0000602
,,,,5.66,-0.00328
,,,,5.661,-0.00584
,,,,5.662,0.002491
,,,,5.663,-0.00134
,,,,5.664,-0.00787
,,,,5.665,0.002962
,,,,5.666,0.004281
,,,,5.667,0.002123
,,,,5.668,0.001908
,,,,5.669,0.018157
,,,,5.67,0.000239
,,,,5.671,-0.00093
,,,,5.672,-0.00671
,,,,5.673,0.012939
,,,,5.674,-0.00436
,,,,5.675,0.005023
,,,,5.676,0.001633
,,,,5.677,0.000274
,,,,5.678,-0.00152
,,,,5.679,0.000715
,,,,5.68,0.002972
,,,,5.681,0.001599
,,,,5.682,0.002535
,,,,5.683,-0.01411
,,,,5.684,-0.00725
,,,,5.685,0.014217
,,,,5.686,-0.00672
,,,,5.687,-0.0085
,,,,5.688,-0.00954
,,,,5.689,0.005282
,,,,5.69,0.004797
,,,,5.691,-0.00744
,,,,5.692,-0.00173
,,,,5.693,0.010139
,,,,5.694,0.003233
,,,,5.695,-0.00879
,,,,5.696,0.007452
,,,,5.697,0.001656
,,,,5.698,0.000197
,,,,5.699,-0.00419
,,,,5.7,0.005273
,,,,5.701,0.006665
,,,,5.702,-0.01014
,,,,5.703,-0.00617
,,,,5.704,-0.00026
,,,,5.705,0.004472
,,,,5.706,-0.00558
,,,,5.707,0.006628
,,,,5.708,0.010828
,,,,5.709,0.009312
,,,,5.71,-0.00689
,,,,5.711,-0.00389
,,,,5.712,0.007126
,,,,5.713,0.004921
,,,,5.714,-0.00489
,,,,5.715,0.00777
,,,,5.716,0.00108
,,,,5.717,0.001128
,,,,5.718,-0.00829
,,,,5.719,0.004088
,,,,5.72,0.004845
,,,,5.721,-0.00377
,,,,5.722,-0.00053
,,,,5.723,0.007229
,,,,5.724,0.00331
,,,,5.725,0.001179
,,,,5.726,-0.00407
,,,,5.727,-0.0048
,,,,5.728,0.007476
,,,,5.729,-0.00921
,,,,5.73,-0.00011
,,,,5.731,0.007075
,,,,5.732,0.002859
,,,,5.733,-0.00501
,,,,5.734,0.00885
,,,,5.735,0.002231
,,,,5.736,-0.00011
,,,,5.737,-0.01694
,,,,5.738,-0.00745
,,,,5.739,0.009524
,,,,5.74,-0.00341
,,,,5.741,0.009564
,,,,5.742,0.004578
,,,,5.743,0.004409
,,,,5.744,0.015641
,,,,5.745,-0.00733
,,,,5.746,-0.00318
,,,,5.747,0.007031
,,,,5.748,0.003847
,,,,5.749,0.01279
,,,,5.75,0.000714
,,,,5.751,0.000802
,,,,5.752,0.007822
,,,,5.753,-0.00759
,,,,5.754,0.007601
,,,,5.755,0.003005
,,,,5.756,-0.00627
,,,,5.757,-0.00681
,,,,5.758,0.010885
,,,,5.759,0.009257
,,,,5.76,0.003096
,,,,5.761,-0.00176
,,,,5.762,0.000802
,,,,5.763,0.004892
,,,,5.764,-0.00886
,,,,5.765,0.000585
,,,,5.766,0.003559
,,,,5.767,0.004439
,,,,5.768,0.007725
,,,,5.769,-0.00428
,,,,5.77,-0.00387
,,,,5.771,0.011435
,,,,5.772,-0.00668
,,,,5.773,0.006706
,,,,5.774,0.009972
,,,,5.775,0.000265
,,,,5.776,0.006465
,,,,5.777,-0.00628
,,,,5.778,0.01158
,,,,5.779,0.001893
,,,,5.78,-0.00453
,,,,5.781,-0.00347
,,,,5.782,0.008399
,,,,5.783,-0.00625
,,,,5.784,-0.01015
,,,,5.785,-0.00543
,,,,5.786,-0.00794
,,,,5.787,0.000752
,,,,5.788,-0.01272
,,,,5.789,0.005092
,,,,5.79,0.00441
,,,,5.791,0.004899
,,,,5.792,-0.00448
,,,,5.793,0.012598
,,,,5.794,0.002549
,,,,5.795,0.006811
,,,,5.796,-0.00414
,,,,5.797,0.007986
,,,,5.798,0.00483
,,,,5.799,-0.00845
,,,,5.8,-0.00416
,,,,5.801,0.002966
,,,,5.802,-0.00012
,,,,5.803,-0.00059
,,,,5.804,-0.01075
,,,,5.805,-0.00269
,,,,5.806,0.011067
,,,,5.807,-0.0089
,,,,5.808,-0.00734
,,,,5.809,0.009817
,,,,5.81,0.011099
,,,,5.811,0.002942
,,,,5.812,-0.00853
,,,,5.813,0.009114
,,,,5.814,-0.00639
,,,,5.815,-0.00266
,,,,5.816,0.003595
,,,,5.817,0.006258
,,,,5.818,-0.00932
,,,,5.819,-0.01217
,,,,5.82,-0.00193
,,,,5.821,0.008461
,,,,5.822,0.006012
,,,,5.823,-0.00825
,,,,5.824,0.005198
,,,,5.825,0.011546
,,,,5.826,0.00501
,,,,5.827,-0.00913
,,,,5.828,0.005171
,,,,5.829,0.012613
,,,,5.83,0.000573
,,,,5.831,0.000998
,,,,5.832,-0.00362
,,,,5.833,0.009176
,,,,5.834,-0.00256
,,,,5.835,-0.00893
,,,,5.836,-0.00283
,,,,5.837,-0.00078
,,,,5.838,0.000605
,,,,5.839,0.001353
,,,,5.84,0.009907
,,,,5.841,0.006968
,,,,5.842,-0.00322
,,,,5.843,-0.00331
,,,,5.844,0.013593
,,,,5.845,-0.00246
,,,,5.846,-0.00492
,,,,5.847,-0.00576
,,,,5.848,0.007473
,,,,5.849,0.001487
,,,,5.85,-0.01135
,,,,5.851,0.0000504
,,,,5.852,0.004719
,,,,5.853,0.000122
,,,,5.854,-0.00366
,,,,5.855,0.001255
,,,,5.856,0.014459
,,,,5.857,-0.00312
,,,,5.858,-0.00509
,,,,5.859,0.002782
,,,,5.86,0.012501
,,,,5.861,-0.00802
,,,,5.862,-0.00321
,,,,5.863,-0.00023
,,,,5.864,0.004817
,,,,5.865,-0.00643
,,,,5.866,0.002761
,,,,5.867,0.00615
,,,,5.868,0.003548
,,,,5.869,-0.00934
,,,,5.87,-0.00764
,,,,5.871,0.009207
,,,,5.872,-0.0045
,,,,5.873,-0.00119
,,,,5.874,-0.00667
,,,,5.875,0.000253
,,,,5.876,0.0000365
,,,,5.877,-0.0004
,,,,5.878,-0.00037
,,,,5.879,0.008462
,,,,5.88,0.006177
,,,,5.881,-0.00322
,,,,5.882,-0.00254
,,,,5.883,0.004017
,,,,5.884,0.000669
,,,,5.885,-0.01345
,,,,5.886,0.002131
,,,,5.887,0.000745
,,,,5.888,-0.00725
,,,,5.889,-0.0053
,,,,5.89,0.004435
,,,,5.891,0.000782
,,,,5.892,0.003636
,,,,5.893,0.002443
,,,,5.894,0.002896
,,,,5.895,-0.00179
,,,,5.896,-0.00048
,,,,5.897,0.001841
,,,,5.898,0.007881
,,,,5.899,-0.00556
,,,,5.9,-0.00229
,,,,5.901,0.000715
,,,,5.902,0.005961
,,,,5.903,-0.00993
,,,,5.904,-0.00697
,,,,5.905,-0.00613
,,,,5.906,0.012676
,,,,5.907,-0.00406
,,,,5.908,0.000711
,,,,5.909,0.002634
,,,,5.91,-0.00051
,,,,5.911,0.003906
,,,,5.912,0.005213
,,,,5.913,0.006995
,,,,5.914,0.018503
,,,,5.915,0.003675
,,,,5.916,-0.01292
,,,,5.917,0.004832
,,,,5.918,0.003694
,,,,5.919,0.006969
,,,,5.92,-0.00164
,,,,5.921,0.00534
,,,,5.922,0.008584
,,,,5.923,-0.00545
,,,,5.924,-0.00437
,,,,5.925,-0.00404
,,,,5.926,0.000969
,,,,5.927,-0.00108
,,,,5.928,-0.00423
,,,,5.929,0.003254
,,,,5.93,0.000154
,,,,5.931,-0.00383
,,,,5.932,0.002093
,,,,5.933,0.002628
,,,,5.934,0.004152
,,,,5.935,0.001111
,,,,5.936,-0.0000039
,,,,5.937,0.006912
,,,,5.938,0.001773
,,,,5.939,0.008157
,,,,5.94,0.001823
,,,,5.941,0.011117
,,,,5.942,-0.01198
,,,,5.943,0.007821
,,,,5.944,-0.00218
,,,,5.945,0.001416
,,,,5.946,0.014457
,,,,5.947,-0.00445
,,,,5.948,0.005666
,,,,5.949,-0.00034
,,,,5.95,-0.01504
,,,,5.951,-0.00854
,,,,5.952,-0.00487
,,,,5.953,0.001789
,,,,5.954,0.003679
,,,,5.955,-0.00584
,,,,5.956,0.000655
,,,,5.957,0.011272
,,,,5.958,0.004341
,,,,5.959,-0.00756
,,,,5.96,0.007024
,,,,5.961,-0.00072
,,,,5.962,-0.00564
,,,,5.963,-0.01042
,,,,5.964,0.005874
,,,,5.965,0.004791
,,,,5.966,-0.00617
,,,,5.967,-0.00655
,,,,5.968,0.006299
,,,,5.969,0.001847
,,,,5.97,-0.00149
,,,,5.971,-0.00225
,,,,5.972,-0.00241
,,,,5.973,0.002316
,,,,5.974,-0.00195
,,,,5.975,-0.0003
,,,,5.976,0.008763
,,,,5.977,0.00000794
,,,,5.978,0.00213
,,,,5.979,-0.00925
,,,,5.98,0.003591
,,,,5.981,0.005852
,,,,5.982,-0.00293
,,,,5.983,-0.004
,,,,5.984,0.008698
,,,,5.985,-0.00832
,,,,5.986,-0.00328
,,,,5.987,0.003396
,,,,5.988,-0.000012
,,,,5.989,-0.00537
,,,,5.99,-0.00315
,,,,5.991,0.000492
,,,,5.992,0.006648
,,,,5.993,-0.00311
,,,,5.994,-0.00135
,,,,5.995,0.014285
,,,,5.996,0.011528
,,,,5.997,-0.00243
,,,,5.998,0.001844
,,,,5.999,-0.00425
,,,,6,-0.00407
,,,,6.001,-0.01014
,,,,6.002,-0.00456
,,,,6.003,0.010407
,,,,6.004,0.001809
,,,,6.005,0.008135
,,,,6.006,0.001017
,,,,6.007,0.006944
,,,,6.008,0.008032
,,,,6.009,-0.00562
,,,,6.01,0.001126
,,,,6.011,0.015299
,,,,6.012,-0.00134
,,,,6.013,0.004278
,,,,6.014,0.00083
,,,,6.015,0.000413
,,,,6.016,-0.00136
,,,,6.017,-0.01399
,,,,6.018,0.003767
,,,,6.019,0.002194
,,,,6.02,-0.00693
,,,,6.021,0.005123
,,,,6.022,0.007894
,,,,6.023,0.002634
,,,,6.024,-0.00763
,,,,6.025,-0.00692
,,,,6.026,-0.0015
,,,,6.027,0.010499
,,,,6.028,-0.00013
,,,,6.029,-0.00011
,,,,6.03,0.001486
,,,,6.031,0.008228
,,,,6.032,0.00213
,,,,6.033,0.002914
,,,,6.034,0.003935
,,,,6.035,-0.00051
,,,,6.036,-0.01156
,,,,6.037,0.005381
,,,,6.038,0.006472
,,,,6.039,0.005244
,,,,6.04,-0.01303
,,,,6.041,0.00267
,,,,6.042,0.009683
,,,,6.043,-0.00187
,,,,6.044,-0.00555
,,,,6.045,-0.00537
,,,,6.046,0.011286
,,,,6.047,0.009879
,,,,6.048,-0.00173
,,,,6.049,0.009751
,,,,6.05,0.000345
,,,,6.051,0.005047
,,,,6.052,0.002352
,,,,6.053,-0.00093
,,,,6.054,0.005242
,,,,6.055,-0.00734
,,,,6.056,-0.01358
,,,,6.057,0.007195
,,,,6.058,-0.00249
,,,,6.059,0.002286
,,,,6.06,-0.01231
,,,,6.061,0.00824
,,,,6.062,0.011725
,,,,6.063,-0.00586
,,,,6.064,-0.00083
,,,,6.065,0.001058
,,,,6.066,0.008567
,,,,6.067,-0.00324
,,,,6.068,-0.003
,,,,6.069,0.000399
,,,,6.07,0.002275
,,,,6.071,-0.00343
,,,,6.072,-0.00472
,,,,6.073,0.007529
,,,,6.074,-0.00278
,,,,6.075,0.005286
,,,,6.076,0.008623
,,,,6.077,0.005174
,,,,6.078,0.004005
,,,,6.079,-0.00662
,,,,6.08,-0.00885
,,,,6.081,0.000917
,,,,6.082,0.017907
,,,,6.083,-0.00012
,,,,6.084,0.003457
,,,,6.085,0.006115
,,,,6.086,0.007141
,,,,6.087,-0.00281
,,,,6.088,-0.00484
,,,,6.089,0.00775
,,,,6.09,-0.01101
,,,,6.091,-0.00412
,,,,6.092,-0.00201
,,,,6.093,0.007214
,,,,6.094,0.0000976
,,,,6.095,-0.00292
,,,,6.096,0.009363
,,,,6.097,-0.00145
,,,,6.098,0.003334
,,,,6.099,-0.00912
,,,,6.1,0.009919
,,,,6.101,0.001204
,,,,6.102,-0.00567
,,,,6.103,0.007455
,,,,6.104,0.001968
,,,,6.105,-0.00188
,,,,6.106,-0.00807
,,,,6.107,-0.00476
,,,,6.108,0.004077
,,,,6.109,0.004819
,,,,6.11,-0.00771
,,,,6.111,-0.00689
,,,,6.112,0.003717
,,,,6.113,0.006192
,,,,6.114,-0.0098
,,,,6.115,0.002954
,,,,6.116,0.004279
,,,,6.117,-0.00013
,,,,6.118,-0.00404
,,,,6.119,0.000115
,,,,6.12,-0.00036
,,,,6.121,-0.0023
,,,,6.122,-0.00729
,,,,6.123,0.01469
,,,,6.124,0.002038
,,,,6.125,-0.00216
,,,,6.126,0.005569
,,,,6.127,0.003898
,,,,6.128,0.006733
,,,,6.129,-0.00563
,,,,6.13,-0.01172
,,,,6.131,-0.00741
,,,,6.132,0.003558
,,,,6.133,-0.00035
,,,,6.134,-0.00228
,,,,6.135,0.0000677
,,,,6.136,0.00749
,,,,6.137,-0.00435
,,,,6.138,0.003222
,,,,6.139,0.005684
,,,,6.14,-0.00149
,,,,6.141,-0.00631
,,,,6.142,-0.00027
,,,,6.143,0.004822
,,,,6.144,-0.01784
,,,,6.145,-0.01383
,,,,6.146,-0.00845
,,,,6.147,0.002578
,,,,6.148,0.000305
,,,,6.149,-0.01304
,,,,6.15,-0.00099
,,,,6.151,0.01277
,,,,6.152,-0.00053
,,,,6.153,-0.00521
,,,,6.154,0.008283
,,,,6.155,0.005778
,,,,6.156,-0.0017
,,,,6.157,-0.00455
,,,,6.158,-0.00102
,,,,6.159,0.008544
,,,,6.16,-0.01161
,,,,6.161,0.002095
,,,,6.162,0.003136
,,,,6.163,0.003981
,,,,6.164,-0.00227
,,,,6.165,0.004304
,,,,6.166,0.000879
,,,,6.167,0.007148
,,,,6.168,0.003361
,,,,6.169,-0.00437
,,,,6.17,-0.0058
,,,,6.171,-0.01312
,,,,6.172,-0.00057
,,,,6.173,0.009075
,,,,6.174,0.004643
,,,,6.175,0.002911
,,,,6.176,-0.00833
,,,,6.177,0.002245
,,,,6.178,0.00905
,,,,6.179,-0.00295
,,,,6.18,-0.00561
,,,,6.181,0.000537
,,,,6.182,0.008287
,,,,6.183,0.004573
,,,,6.184,0.0029
,,,,6.185,0.006924
,,,,6.186,0.002587
,,,,6.187,-0.01013
,,,,6.188,-0.00527
,,,,6.189,0.005105
,,,,6.19,-0.00492
,,,,6.191,-0.00337
,,,,6.192,0.002106
,,,,6.193,0.002814
,,,,6.194,0.007484
,,,,6.195,-0.01096
,,,,6.196,0.001865
,,,,6.197,-0.00077
,,,,6.198,0.010294
,,,,6.199,0.0043
,,,,6.2,0.005753
,,,,6.201,0.002957
,,,,6.202,0.01403
,,,,6.203,-0.00981
,,,,6.204,0.003601
,,,,6.205,0.016704
,,,,6.206,0.003728
,,,,6.207,0.000263
,,,,6.208,0.003587
,,,,6.209,0.004052
,,,,6.21,0.003504
,,,,6.211,-0.00094
,,,,6.212,0.003465
,,,,6.213,0.001941
,,,,6.214,-0.0098
,,,,6.215,-0.00888
,,,,6.216,0.007732
,,,,6.217,0.008418
,,,,6.218,-0.00478
,,,,6.219,-0.01016
,,,,6.22,-0.00473
,,,,6.221,0.007361
,,,,6.222,0.001178
,,,,6.223,-0.0039
,,,,6.224,0.003312
,,,,6.225,0.002515
,,,,6.226,0.008837
,,,,6.227,0.005809
,,,,6.228,-0.00163
,,,,6.229,0.005034
,,,,6.23,-0.00332
,,,,6.231,-0.0053
,,,,6.232,0.00957
,,,,6.233,-0.00637
,,,,6.234,-0.007
,,,,6.235,-0.01051
,,,,6.236,0.010199
,,,,6.237,0.001206
,,,,6.238,0.007116
,,,,6.239,-0.00385
,,,,6.24,0.010966
,,,,6.241,-0.00528
,,,,6.242,-0.00306
,,,,6.243,-0.00318
,,,,6.244,0.006466
,,,,6.245,0.000149
,,,,6.246,0.003251
,,,,6.247,-0.00627
,,,,6.248,0.001277
,,,,6.249,-0.00655
,,,,6.25,-0.00171
,,,,6.251,0.008846
,,,,6.252,-0.00442
,,,,6.253,0.003349
,,,,6.254,-0.00603
,,,,6.255,0.00782
,,,,6.256,0.009703
,,,,6.257,-0.00156
,,,,6.258,-0.01623
,,,,6.259,0.003041
,,,,6.26,0.001365
,,,,6.261,0.001751
,,,,6.262,0.004714
,,,,6.263,0.005692
,,,,6.264,0.010017
,,,,6.265,-0.00381
,,,,6.266,0.0000375
,,,,6.267,0.007306
,,,,6.268,-0.00122
,,,,6.269,0.001358
,,,,6.27,0.004693
,,,,6.271,0.004165
,,,,6.272,0.000481
,,,,6.273,0.009132
,,,,6.274,0.010086
,,,,6.275,0.008499
,,,,6.276,-0.00599
,,,,6.277,0.007965
,,,,6.278,-0.00076
,,,,6.279,0.00819
,,,,6.28,0.004022
,,,,6.281,-0.00752
,,,,6.282,0.007722
,,,,6.283,0.01235
,,,,6.284,0.000184
,,,,6.285,-0.00414
,,,,6.286,0.011497
,,,,6.287,0.000282
,,,,6.288,0.000938
,,,,6.289,0.000993
,,,,6.29,-0.00117
,,,,6.291,0.003058
,,,,6.292,-0.00195
,,,,6.293,0.001536
,,,,6.294,0.001872
,,,,6.295,0.009443
,,,,6.296,0.0000625
,,,,6.297,0.007503
,,,,6.298,0.002562
,,,,6.299,0.006519
,,,,6.3,0.003559
,,,,6.301,0.000296
,,,,6.302,0.01659
,,,,6.303,0.009748
,,,,6.304,-0.0083
,,,,6.305,-0.00361
,,,,6.306,0.008178
,,,,6.307,0.007842
,,,,6.308,-0.00223
,,,,6.309,-0.00861
,,,,6.31,0.007239
,,,,6.311,0.006779
,,,,6.312,-0.00418
,,,,6.313,0.002921
,,,,6.314,0.011981
,,,,6.315,0.00217
,,,,6.316,-0.00049
,,,,6.317,0.001831
,,,,6.318,0.003041
,,,,6.319,-0.00481
,,,,6.32,-0.00728
,,,,6.321,0.004514
,,,,6.322,0.002517
,,,,6.323,0.004691
,,,,6.324,-0.0107
,,,,6.325,-0.00099
,,,,6.326,0.006148
,,,,6.327,-0.00453
,,,,6.328,0.000687
,,,,6.329,0.006994
,,,,6.33,0.00493
,,,,6.331,0.000127
,,,,6.332,-0.00165
,,,,6.333,0.002989
,,,,6.334,0.000585
,,,,6.335,-0.003
,,,,6.336,0.000811
,,,,6.337,0.013878
,,,,6.338,-0.00477
,,,,6.339,-0.00365
,,,,6.34,0.008027
,,,,6.341,-0.00136
,,,,6.342,0.006321
,,,,6.343,-0.00117
,,,,6.344,0.007323
,,,,6.345,0.014627
,,,,6.346,-0.00839
,,,,6.347,0.0000429
,,,,6.348,0.003995
,,,,6.349,0.009578
,,,,6.35,0.0000147
,,,,6.351,-0.00346
,,,,6.352,0.010245
,,,,6.353,0.012044
,,,,6.354,0.005223
,,,,6.355,-0.00814
,,,,6.356,0.007583
,,,,6.357,0.006698
,,,,6.358,-0.0058
,,,,6.359,-0.00433
,,,,6.36,0.004762
,,,,6.361,0.006333
,,,,6.362,-0.00347
,,,,6.363,-0.00939
,,,,6.364,0.014203
,,,,6.365,-0.01019
,,,,6.366,-0.0005
,,,,6.367,0.000233
,,,,6.368,0.0041
,,,,6.369,0.004637
,,,,6.37,-0.01506
,,,,6.371,-0.00945
,,,,6.372,-0.00016
,,,,6.373,0.003571
,,,,6.374,-0.00337
,,,,6.375,-0.00038
,,,,6.376,0.008651
,,,,6.377,-0.00251
,,,,6.378,0.001822
,,,,6.379,0.001057
,,,,6.38,0.00445
,,,,6.381,0.000261
,,,,6.382,-0.00468
,,,,6.383,0.000194
,,,,6.384,0.012315
,,,,6.385,0.006173
,,,,6.386,-0.00827
,,,,6.387,0.000184
,,,,6.388,0.013102
,,,,6.389,0.006696
,,,,6.39,-0.00869
,,,,6.391,0.001074
,,,,6.392,0.003193
,,,,6.393,-0.00067
,,,,6.394,0.00018
,,,,6.395,0.003452
,,,,6.396,0.002793
,,,,6.397,-0.00102
,,,,6.398,-0.00039
,,,,6.399,0.00793
,,,,6.4,0.006707
,,,,6.401,-0.00283
,,,,6.402,-0.000044
,,,,6.403,0.007412
,,,,6.404,0.00662
,,,,6.405,-0.01061
,,,,6.406,0.002223
,,,,6.407,0.004517
,,,,6.408,-0.00711
,,,,6.409,-0.00337
,,,,6.41,0.003033
,,,,6.411,-0.00176
,,,,6.412,-0.00405
,,,,6.413,-0.0035
,,,,6.414,0.001076
,,,,6.415,0.005834
,,,,6.416,0.009593
,,,,6.417,-0.00172
,,,,6.418,0.0000471
,,,,6.419,0.003029
,,,,6.42,0.003391
,,,,6.421,0.00469
,,,,6.422,0.006736
,,,,6.423,-0.00198
,,,,6.424,-0.00546
,,,,6.425,0.00232
,,,,6.426,0.009067
,,,,6.427,0.00512
,,,,6.428,0.002258
,,,,6.429,0.010185
,,,,6.43,0.004846
,,,,6.431,0.005854
,,,,6.432,-0.01287
,,,,6.433,0.003219
,,,,6.434,0.002277
,,,,6.435,0.007172
,,,,6.436,0.000864
,,,,6.437,-0.00125
,,,,6.438,0.001566
,,,,6.439,0.002538
,,,,6.44,0.000438
,,,,6.441,-0.00607
,,,,6.442,0.008616
,,,,6.443,0.002015
,,,,6.444,-0.00602
,,,,6.445,0.008434
,,,,6.446,0.005523
,,,,6.447,0.00379
,,,,6.448,-0.01088
,,,,6.449,0.007077
,,,,6.45,0.00219
,,,,6.451,-0.00184
,,,,6.452,-0.00965
,,,,6.453,-0.00404
,,,,6.454,0.005354
,,,,6.455,0.00042
,,,,6.456,-0.00373
,,,,6.457,0.011004
,,,,6.458,0.002752
,,,,6.459,-0.00324
,,,,6.46,-0.00065
,,,,6.461,0.012256
,,,,6.462,0.007876
,,,,6.463,0.002309
,,,,6.464,0.002163
,,,,6.465,-0.00042
,,,,6.466,0.005164
,,,,6.467,-0.00775
,,,,6.468,-0.00104
,,,,6.469,0.004079
,,,,6.47,-0.00035
,,,,6.471,-0.00291
,,,,6.472,0.012946
,,,,6.473,-0.00307
,,,,6.474,0.001736
,,,,6.475,-0.00391
,,,,6.476,-0.00963
,,,,6.477,0.002744
,,,,6.478,-0.00369
,,,,6.479,0.006422
,,,,6.48,0.006341
,,,,6.481,0.006888
,,,,6.482,-0.00529
,,,,6.483,0.002374
,,,,6.484,0.009686
,,,,6.485,0.008933
,,,,6.486,0.010894
,,,,6.487,-0.00256
,,,,6.488,0.004851
,,,,6.489,0.007594
,,,,6.49,-0.00126
,,,,6.491,-0.00552
,,,,6.492,0.00775
,,,,6.493,0.003335
,,,,6.494,-0.00142
,,,,6.495,-0.00195
,,,,6.496,0.002793
,,,,6.497,0.001254
,,,,6.498,-0.00467
,,,,6.499,-0.00674
,,,,6.5,0.007791
,,,,6.501,-0.00282
,,,,6.502,-0.00765
,,,,6.503,0.004297
,,,,6.504,0.007137
,,,,6.505,-0.00973
,,,,6.506,0.004441
,,,,6.507,0.009639
,,,,6.508,0.008256
,,,,6.509,0.003701
,,,,6.51,0.002125
,,,,6.511,0.001034
,,,,6.512,0.002696
,,,,6.513,0.002217
,,,,6.514,-0.00209
,,,,6.515,0.00576
,,,,6.516,-0.00115
,,,,6.517,-0.00715
,,,,6.518,-0.00635
,,,,6.519,-0.00008
,,,,6.52,0.010235
,,,,6.521,0.001046
,,,,6.522,-0.00596
,,,,6.523,0.009679
,,,,6.524,-0.000075
,,,,6.525,-0.00149
,,,,6.526,0.00511
,,,,6.527,-0.00035
,,,,6.528,0.000558
,,,,6.529,-0.00651
,,,,6.53,0.002149
,,,,6.531,0.00268
,,,,6.532,0.002936
,,,,6.533,0.002352
,,,,6.534,0.002304
,,,,6.535,-0.00185
,,,,6.536,0.004958
,,,,6.537,-0.00576
,,,,6.538,0.004686
,,,,6.539,0.000252
,,,,6.54,0.009029
,,,,6.541,-0.00978
,,,,6.542,-0.00332
,,,,6.543,0.008369
,,,,6.544,0.002604
,,,,6.545,0.004741
,,,,6.546,0.002715
,,,,6.547,0.006811
,,,,6.548,-0.00108
,,,,6.549,-0.00345
,,,,6.55,0.008812
,,,,6.551,0.011825
,,,,6.552,0.007976
,,,,6.553,-0.00158
,,,,6.554,0.008674
,,,,6.555,-0.00474
,,,,6.556,0.000439
,,,,6.557,-0.00718
,,,,6.558,0.000242
,,,,6.559,-0.00305
,,,,6.56,0.003278
,,,,6.561,-0.00333
,,,,6.562,0.012742
,,,,6.563,-0.00576
,,,,6.564,-0.00341
,,,,6.565,-0.01199
,,,,6.566,0.006524
,,,,6.567,0.00361
,,,,6.568,-0.00894
,,,,6.569,0.012199
,,,,6.57,0.008228
,,,,6.571,-0.00426
,,,,6.572,-0.00163
,,,,6.573,0.006782
,,,,6.574,0.007134
,,,,6.575,0.007411
,,,,6.576,-0.01143
,,,,6.577,0.006084
,,,,6.578,0.018129
,,,,6.579,0.005822
,,,,6.58,0.002261
,,,,6.581,0.005131
,,,,6.582,0.001315
,,,,6.583,-0.00748
,,,,6.584,-0.00935
,,,,6.585,-0.00385
,,,,6.586,0.009045
,,,,6.587,-0.00459
,,,,6.588,0.000684
,,,,6.589,0.009044
,,,,6.59,0.004406
,,,,6.591,-0.00887
,,,,6.592,0.003155
,,,,6.593,-0.00436
,,,,6.594,0.000254
,,,,6.595,-0.00672
,,,,6.596,-0.00495
,,,,6.597,0.001545
,,,,6.598,0.011193
,,,,6.599,-0.01042
,,,,6.6,-0.00633
,,,,6.601,0.014168
,,,,6.602,0.00452
,,,,6.603,0.001211
,,,,6.604,0.00255
,,,,6.605,-0.00053
,,,,6.606,0.00181
,,,,6.607,-0.00392
,,,,6.608,0.002974
,,,,6.609,-0.00138
,,,,6.61,-0.00078
,,,,6.611,-0.00084
,,,,6.612,0.00369
,,,,6.613,0.00935
,,,,6.614,-0.00283
,,,,6.615,-0.00082
,,,,6.616,-0.00365
,,,,6.617,0.008341
,,,,6.618,-0.00751
,,,,6.619,-0.00948
,,,,6.62,0.005942
,,,,6.621,0.005588
,,,,6.622,0.000394
,,,,6.623,0.000702
,,,,6.624,0.00351
,,,,6.625,0.006236
,,,,6.626,-0.01083
,,,,6.627,-0.00979
,,,,6.628,-0.00062
,,,,6.629,0.002975
,,,,6.63,-0.00041
,,,,6.631,-0.00147
,,,,6.632,0.008713
,,,,6.633,0.005717
,,,,6.634,-0.005
,,,,6.635,0.001823
,,,,6.636,0.008873
,,,,6.637,0.001013
,,,,6.638,0.005818
,,,,6.639,0.007284
,,,,6.64,-0.0034
,,,,6.641,0.001718
,,,,6.642,-0.00387
,,,,6.643,-0.00235
,,,,6.644,0.001495
,,,,6.645,-0.00962
,,,,6.646,-0.01638
,,,,6.647,0.006826
,,,,6.648,-0.00066
,,,,6.649,0.001095
,,,,6.65,-0.00391
,,,,6.651,0.006338
,,,,6.652,-0.00108
,,,,6.653,-0.00262
,,,,6.654,-0.0027
,,,,6.655,0.010112
,,,,6.656,-0.00291
,,,,6.657,-0.00535
,,,,6.658,0.002674
,,,,6.659,0.0000853
,,,,6.66,0.004871
,,,,6.661,-0.00643
,,,,6.662,0.003798
,,,,6.663,0.012816
,,,,6.664,0.000846
,,,,6.665,-0.00818
,,,,6.666,0.001055
,,,,6.667,0.00444
,,,,6.668,0.001487
,,,,6.669,0.000198
,,,,6.67,0.002672
,,,,6.671,0.004543
,,,,6.672,0.006202
,,,,6.673,-0.00026
,,,,6.674,-0.00474
,,,,6.675,0.002503
,,,,6.676,0.004174
,,,,6.677,-0.00444
,,,,6.678,0.000763
,,,,6.679,0.011007
,,,,6.68,0.004272
,,,,6.681,-0.00615
,,,,6.682,0.007722
,,,,6.683,0.000845
,,,,6.684,0.0000186
,,,,6.685,0.001415
,,,,6.686,0.013315
,,,,6.687,0.002531
,,,,6.688,-0.00181
,,,,6.689,0.000164
,,,,6.69,0.007982
,,,,6.691,0.000315
,,,,6.692,0.005231
,,,,6.693,0.004333
,,,,6.694,0.007329
,,,,6.695,-0.00546
,,,,6.696,0.002711
,,,,6.697,0.006664
,,,,6.698,0.002145
,,,,6.699,-0.00486
,,,,6.7,-0.00712
,,,,6.701,0.005046
,,,,6.702,0.00074
,,,,6.703,0.011635
,,,,6.704,-0.00451
,,,,6.705,-0.00223
,,,,6.706,0.000858
,,,,6.707,-0.01023
,,,,6.708,-0.00925
,,,,6.709,0.001575
,,,,6.71,0.004439
,,,,6.711,-0.00091
,,,,6.712,-0.00267
,,,,6.713,-0.00051
,,,,6.714,0.00332
,,,,6.715,-0.00346
,,,,6.716,0.001811
,,,,6.717,0.009637
,,,,6.718,0.000835
,,,,6.719,-0.00637
,,,,6.72,-0.00043
,,,,6.721,0.002952
,,,,6.722,0.012439
,,,,6.723,-0.0066
,,,,6.724,-0.00091
,,,,6.725,0.007457
,,,,6.726,-0.00191
,,,,6.727,-0.0102
,,,,6.728,0.001827
,,,,6.729,-0.00094
,,,,6.73,-0.00371
,,,,6.731,-0.01049
,,,,6.732,-0.00127
,,,,6.733,0.007455
,,,,6.734,-0.00296
,,,,6.735,-0.0041
,,,,6.736,0.005027
,,,,6.737,0.002753
,,,,6.738,0.005238
,,,,6.739,0.003962
,,,,6.74,-0.00198
,,,,6.741,0.009077
,,,,6.742,0.001722
,,,,6.743,-0.0011
,,,,6.744,0.010952
,,,,6.745,-0.00134
,,,,6.746,-0.00107
,,,,6.747,-0.00276
,,,,6.748,0.001517
,,,,6.749,0.005786
,,,,6.75,-0.00937
,,,,6.751,-0.00412
,,,,6.752,0.004229
,,,,6.753,-0.00118
,,,,6.754,0.002984
,,,,6.755,0.000313
,,,,6.756,0.004203
,,,,6.757,-0.00018
,,,,6.758,0.0038
,,,,6.759,-0.00525
,,,,6.76,0.001455
,,,,6.761,0.001019
,,,,6.762,-0.00176
,,,,6.763,0.006093
,,,,6.764,0.00303
,,,,6.765,0.005722
,,,,6.766,-0.00867
,,,,6.767,-0.00192
,,,,6.768,0.006696
,,,,6.769,-0.00489
,,,,6.77,-0.00309
,,,,6.771,0.010028
,,,,6.772,0.00074
,,,,6.773,0.001844
,,,,6.774,0.002827
,,,,6.775,0.007002
,,,,6.776,0.007327
,,,,6.777,-0.00448
,,,,6.778,-0.00356
,,,,6.779,0.006997
,,,,6.78,0.002542
,,,,6.781,-0.00751
,,,,6.782,-0.00089
,,,,6.783,0.000656
,,,,6.784,0.005739
,,,,6.785,-0.00346
,,,,6.786,-0.00057
,,,,6.787,0.008053
,,,,6.788,-0.00682
,,,,6.789,-0.00511
,,,,6.79,0.004687
,,,,6.791,0.003767
,,,,6.792,0.001743
,,,,6.793,0.002668
,,,,6.794,0.0000503
,,,,6.795,0.002276
,,,,6.796,-0.00453
,,,,6.797,0.001742
,,,,6.798,-0.00158
,,,,6.799,0.004192
,,,,6.8,0.000781
,,,,6.801,-0.00603
,,,,6.802,0.004702
,,,,6.803,0.014639
,,,,6.804,-0.00463
,,,,6.805,-0.01301
,,,,6.806,0.010333
,,,,6.807,0.010205
,,,,6.808,-0.00069
,,,,6.809,-0.00265
,,,,6.81,-0.00612
,,,,6.811,0.004162
,,,,6.812,-0.00876
,,,,6.813,-0.007
,,,,6.814,-0.00605
,,,,6.815,0.017351
,,,,6.816,0.006762
,,,,6.817,0.005468
,,,,6.818,0.005212
,,,,6.819,0.021862
,,,,6.82,0.001818
,,,,6.821,-0.01351
,,,,6.822,0.018109
,,,,6.823,-0.00195
,,,,6.824,-0.00428
,,,,6.825,-0.00085
,,,,6.826,0.000772
,,,,6.827,0.003524
,,,,6.828,-0.00209
,,,,6.829,-0.00671
,,,,6.83,0.001698
,,,,6.831,0.005766
,,,,6.832,-0.00255
,,,,6.833,-0.00249
,,,,6.834,0.011985
,,,,6.835,0.008993
,,,,6.836,-0.00221
,,,,6.837,-0.00298
,,,,6.838,0.007823
,,,,6.839,-0.00336
,,,,6.84,-0.00861
,,,,6.841,0.002598
,,,,6.842,-0.00464
,,,,6.843,0.008832
,,,,6.844,-0.00677
,,,,6.845,-0.00275
,,,,6.846,0.000353
,,,,6.847,-0.00138
,,,,6.848,-0.00874
,,,,6.849,0.007257
,,,,6.85,0.010664
,,,,6.851,-0.00324
,,,,6.852,-0.00194
,,,,6.853,0.006093
,,,,6.854,0.002742
,,,,6.855,-0.00543
,,,,6.856,0.008052
,,,,6.857,0.010693
,,,,6.858,0.004626
,,,,6.859,0.004764
,,,,6.86,0.001414
,,,,6.861,0.006137
,,,,6.862,-0.00141
,,,,6.863,0.003311
,,,,6.864,0.00442
,,,,6.865,0.000314
,,,,6.866,-0.00274
,,,,6.867,-0.00345
,,,,6.868,0.0066
,,,,6.869,0.003521
,,,,6.87,0.001003
,,,,6.871,0.007631
,,,,6.872,-0.00745
,,,,6.873,0.00956
,,,,6.874,-0.00612
,,,,6.875,-0.00447
,,,,6.876,0.006858
,,,,6.877,0.006527
,,,,6.878,0.006365
,,,,6.879,0.001384
,,,,6.88,0.001312
,,,,6.881,0.007311
,,,,6.882,-0.00575
,,,,6.883,0.001446
,,,,6.884,0.001807
,,,,6.885,-0.00244
,,,,6.886,-0.00733
,,,,6.887,0.010463
,,,,6.888,0.004571
,,,,6.889,-0.00322
,,,,6.89,-0.01347
,,,,6.891,0.004299
,,,,6.892,0.005892
,,,,6.893,-0.00184
,,,,6.894,0.000517
,,,,6.895,0.008877
,,,,6.896,-0.00038
,,,,6.897,0.009276
,,,,6.898,0.003472
,,,,6.899,-0.00659
,,,,6.9,0.010509
,,,,6.901,0.003716
,,,,6.902,-0.00739
,,,,6.903,-0.00381
,,,,6.904,0.003435
,,,,6.905,-0.00785
,,,,6.906,-0.00256
,,,,6.907,0.005975
,,,,6.908,0.010676
,,,,6.909,-0.00937
,,,,6.91,-0.00667
,,,,6.911,0.010394
,,,,6.912,0.008862
,,,,6.913,0.009813
,,,,6.914,0.002471
,,,,6.915,0.000149
,,,,6.916,-0.00147
,,,,6.917,-0.00765
,,,,6.918,0.004013
,,,,6.919,0.004779
,,,,6.92,0.001396
,,,,6.921,0.009688
,,,,6.922,0.001818
,,,,6.923,0.011668
,,,,6.924,0.012151
,,,,6.925,-0.00535
,,,,6.926,-0.00855
,,,,6.927,0.003481
,,,,6.928,0.010882
,,,,6.929,-0.00139
,,,,6.93,-0.00201
,,,,6.931,0.001882
,,,,6.932,0.003956
,,,,6.933,-0.00485
,,,,6.934,-0.00536
,,,,6.935,0.012953
,,,,6.936,0.00566
,,,,6.937,-0.00834
,,,,6.938,-0.00062
,,,,6.939,0.001107
,,,,6.94,-0.00104
,,,,6.941,0.00342
,,,,6.942,0.001155
,,,,6.943,-0.0022
,,,,6.944,-0.00655
,,,,6.945,-0.01247
,,,,6.946,0.015415
,,,,6.947,0.000106
,,,,6.948,-0.00303
,,,,6.949,0.008931
,,,,6.95,0.003338
,,,,6.951,-0.00293
,,,,6.952,-0.01021
,,,,6.953,-0.00288
,,,,6.954,0.007136
,,,,6.955,0.003394
,,,,6.956,-0.00143
,,,,6.957,0.003053
,,,,6.958,-0.00163
,,,,6.959,0.002622
,,,,6.96,-0.00859
,,,,6.961,-0.00542
,,,,6.962,0.003646
,,,,6.963,-0.00594
,,,,6.964,-0.00276
,,,,6.965,0.008032
,,,,6.966,0.002186
,,,,6.967,0.002547
,,,,6.968,-0.00868
,,,,6.969,0.004811
,,,,6.97,0.002676
,,,,6.971,-0.01341
,,,,6.972,-0.00465
,,,,6.973,0.009589
,,,,6.974,-0.00473
,,,,6.975,-0.00769
,,,,6.976,-0.00366
,,,,6.977,0.001182
,,,,6.978,0.002957
,,,,6.979,-0.01644
,,,,6.98,-0.00743
,,,,6.981,0.005032
,,,,6.982,0.003353
,,,,6.983,0.00000885
,,,,6.984,-0.00464
,,,,6.985,0.008673
,,,,6.986,0.003073
,,,,6.987,-0.01437
,,,,6.988,0.004746
,,,,6.989,-0.00094
,,,,6.99,-0.00732
,,,,6.991,-0.00136
,,,,6.992,0.001256
,,,,6.993,-0.00681
,,,,6.994,-0.00153
,,,,6.995,0.002701
,,,,6.996,0.006686
,,,,6.997,0.01127
,,,,6.998,0.002098
,,,,6.999,-0.00471
,,,,7,0.003665
,,,,7.001,0.000703
,,,,7.002,0.013462
,,,,7.003,-0.00453
,,,,7.004,0.004574
,,,,7.005,0.004105
,,,,7.006,-0.00914
,,,,7.007,-0.00517
,,,,7.008,-0.0046
,,,,7.009,-0.00515
,,,,7.01,0.007393
,,,,7.011,-0.01214
,,,,7.012,0.005831
,,,,7.013,0.004574
,,,,7.014,-0.0022
,,,,7.015,-0.00864
,,,,7.016,0.015098
,,,,7.017,-0.00426
,,,,7.018,0.007281
,,,,7.019,0.000767
,,,,7.02,0.007286
,,,,7.021,-0.00401
,,,,7.022,-0.00236
,,,,7.023,0.003585
,,,,7.024,0.003251
,,,,7.025,0.00421
,,,,7.026,-0.00626
,,,,7.027,0.007099
,,,,7.028,0.008924
,,,,7.029,0.013595
,,,,7.03,-0.00212
,,,,7.031,-0.0003
,,,,7.032,0.007478
,,,,7.033,0.004249
,,,,7.034,0.003209
,,,,7.035,0.010907
,,,,7.036,0.005719
,,,,7.037,0.003949
,,,,7.038,-0.00049
,,,,7.039,0.004502
,,,,7.04,0.006313
,,,,7.041,-0.00157
,,,,7.042,0.000194
,,,,7.043,0.0075
,,,,7.044,0.001222
,,,,7.045,-0.00209
,,,,7.046,-0.00523
,,,,7.047,0.004801
,,,,7.048,0.002892
,,,,7.049,-0.00785
,,,,7.05,0.001394
,,,,7.051,0.00539
,,,,7.052,0.001134
,,,,7.053,-0.00849
,,,,7.054,-0.00224
,,,,7.055,0.0000572
,,,,7.056,0.002522
,,,,7.057,0.002485
,,,,7.058,0.00176
,,,,7.059,0.011633
,,,,7.06,0.008886
,,,,7.061,-0.00582
,,,,7.062,-0.00149
,,,,7.063,0.011334
,,,,7.064,0.0000384
,,,,7.065,-0.00603
,,,,7.066,0.001886
,,,,7.067,0.00663
,,,,7.068,0.001458
,,,,7.069,0.003303
,,,,7.07,0.010107
,,,,7.071,0.01152
,,,,7.072,-0.00505
,,,,7.073,-0.01424
,,,,7.074,-0.000014
,,,,7.075,0.013804
,,,,7.076,-0.00423
,,,,7.077,-0.0039
,,,,7.078,-0.01475
,,,,7.079,-0.00849
,,,,7.08,-0.00373
,,,,7.081,-0.00599
,,,,7.082,0.01123
,,,,7.083,0.010862
,,,,7.084,-0.00544
,,,,7.085,-0.00528
,,,,7.086,0.001145
,,,,7.087,-0.00062
,,,,7.088,-0.0083
,,,,7.089,-0.00212
,,,,7.09,0.009439
,,,,7.091,0.000952
,,,,7.092,0.004277
,,,,7.093,-0.00335
,,,,7.094,0.003192
,,,,7.095,-0.00254
,,,,7.096,-0.0103
,,,,7.097,0.001543
,,,,7.098,0.003974
,,,,7.099,0.001232
,,,,7.1,-0.00732
,,,,7.101,-0.00065
,,,,7.102,-0.01025
,,,,7.103,-0.00171
,,,,7.104,-0.00287
,,,,7.105,0.002048
,,,,7.106,0.006517
,,,,7.107,-0.00811
,,,,7.108,-0.00063
,,,,7.109,0.001219
,,,,7.11,0.007632
,,,,7.111,0.00036
,,,,7.112,-0.00885
,,,,7.113,0.004332
,,,,7.114,0.00251
,,,,7.115,0.003597
,,,,7.116,0.001968
,,,,7.117,0.004992
,,,,7.118,-0.00334
,,,,7.119,-0.00275
,,,,7.12,-0.00294
,,,,7.121,-0.00082
,,,,7.122,-0.01073
,,,,7.123,0.001884
,,,,7.124,0.006851
,,,,7.125,0.005546
,,,,7.126,-0.0053
,,,,7.127,-0.00633
,,,,7.128,-0.00508
,,,,7.129,0.008995
,,,,7.13,0.002214
,,,,7.131,-0.00026
,,,,7.132,0.002495
,,,,7.133,-0.00365
,,,,7.134,-0.00309
,,,,7.135,-0.00724
,,,,7.136,0.003607
,,,,7.137,0.010381
,,,,7.138,-0.00377
,,,,7.139,-0.01526
,,,,7.14,0.003867
,,,,7.141,-0.00448
,,,,7.142,0.005117
,,,,7.143,-0.00736
,,,,7.144,0.003063
,,,,7.145,0.008882
,,,,7.146,-0.0104
,,,,7.147,0.005829
,,,,7.148,0.007867
,,,,7.149,-0.0033
,,,,7.15,-0.0016
,,,,7.151,0.002429
,,,,7.152,0.010213
,,,,7.153,0.012551
,,,,7.154,-0.00224
,,,,7.155,0.001051
,,,,7.156,-0.00183
,,,,7.157,0.010245
,,,,7.158,0.001236
,,,,7.159,0.005567
,,,,7.16,0.004805
,,,,7.161,-0.00868
,,,,7.162,-0.00255
,,,,7.163,-0.00316
,,,,7.164,0.006147
,,,,7.165,-0.00157
,,,,7.166,-0.00792
,,,,7.167,0.010902
,,,,7.168,-0.00128
,,,,7.169,-0.00913
,,,,7.17,-0.00777
,,,,7.171,0.005315
,,,,7.172,-0.000021
,,,,7.173,-0.01244
,,,,7.174,-0.0048
,,,,7.175,0.012049
,,,,7.176,0.013171
,,,,7.177,0.001612
,,,,7.178,0.000542
,,,,7.179,0.007703
,,,,7.18,0.006973
,,,,7.181,-0.00161
,,,,7.182,0.003313
,,,,7.183,0.013223
,,,,7.184,-0.00565
,,,,7.185,-0.00199
,,,,7.186,-0.00582
,,,,7.187,0.007561
,,,,7.188,0.001376
,,,,7.189,-0.0084
,,,,7.19,-0.00278
,,,,7.191,0.006065
,,,,7.192,-0.00445
,,,,7.193,-0.00985
,,,,7.194,-0.00246
,,,,7.195,0.008512
,,,,7.196,-0.00153
,,,,7.197,0.001478
,,,,7.198,-0.00413
,,,,7.199,0.011929
,,,,7.2,-0.00572
,,,,7.201,-0.00298
,,,,7.202,0.007832
,,,,7.203,-0.00421
,,,,7.204,0.002219
,,,,7.205,-0.01502
,,,,7.206,0.005095
,,,,7.207,-0.01266
,,,,7.208,-0.00699
,,,,7.209,-0.00657
,,,,7.21,-0.00076
,,,,7.211,0.001793
,,,,7.212,0.007609
,,,,7.213,-0.00399
,,,,7.214,0.001007
,,,,7.215,-0.0071
,,,,7.216,0.006082
,,,,7.217,-0.00072
,,,,7.218,0.009348
,,,,7.219,-0.0021
,,,,7.22,-0.00283
,,,,7.221,0.002216
,,,,7.222,0.00328
,,,,7.223,0.012132
,,,,7.224,-0.0031
,,,,7.225,0.004597
,,,,7.226,-0.00208
,,,,7.227,-0.00194
,,,,7.228,-0.01116
,,,,7.229,0.00106
,,,,7.23,0.009788
,,,,7.231,0.000942
,,,,7.232,0.001005
,,,,7.233,-0.00146
,,,,7.234,0.002259
,,,,7.235,-0.0069
,,,,7.236,0.000822
,,,,7.237,0.003515
,,,,7.238,0.000698
,,,,7.239,0.001522
,,,,7.24,0.003521
,,,,7.241,-0.00132
,,,,7.242,-0.0022
,,,,7.243,-0.00556
,,,,7.244,0.010068
,,,,7.245,0.008677
,,,,7.246,-0.00124
,,,,7.247,-0.00422
,,,,7.248,-0.00266
,,,,7.249,0.003189
,,,,7.25,-0.00254
,,,,7.251,0.000198
,,,,7.252,-0.00498
,,,,7.253,0.003652
,,,,7.254,0.002306
,,,,7.255,-0.01191
,,,,7.256,0.00152
,,,,7.257,0.002993
,,,,7.258,-0.01062
,,,,7.259,0.000615
,,,,7.26,0.002049
,,,,7.261,0.016058
,,,,7.262,0.003128
,,,,7.263,0.002545
,,,,7.264,0.005163
,,,,7.265,0.002845
,,,,7.266,0.003984
,,,,7.267,0.00108
,,,,7.268,0.00279
,,,,7.269,0.0000894
,,,,7.27,-0.01344
,,,,7.271,-0.00376
,,,,7.272,0.00415
,,,,7.273,0.008467
,,,,7.274,-0.00307
,,,,7.275,0.003523
,,,,7.276,0.001941
,,,,7.277,0.011928
,,,,7.278,0.001286
,,,,7.279,-0.00308
,,,,7.28,0.007243
,,,,7.281,-0.000028
,,,,7.282,-0.00717
,,,,7.283,-0.00049
,,,,7.284,0.000558
,,,,7.285,0.017446
,,,,7.286,-0.00849
,,,,7.287,-0.00167
,,,,7.288,-0.00283
,,,,7.289,-0.00236
,,,,7.29,-0.00615
,,,,7.291,-0.0024
,,,,7.292,0.003936
,,,,7.293,-0.00063
,,,,7.294,-0.00543
,,,,7.295,0.006746
,,,,7.296,0.0000423
,,,,7.297,-0.00516
,,,,7.298,-0.0054
,,,,7.299,0.001774
,,,,7.3,0.001511
,,,,7.301,-0.00224
,,,,7.302,-0.00111
,,,,7.303,0.004324
,,,,7.304,-0.00127
,,,,7.305,-0.00973
,,,,7.306,0.004326
,,,,7.307,0.002208
,,,,7.308,0.000426
,,,,7.309,0.001016
,,,,7.31,-0.00266
,,,,7.311,0.003122
,,,,7.312,-0.00609
,,,,7.313,-0.01692
,,,,7.314,-0.00734
,,,,7.315,0.006841
,,,,7.316,-0.00631
,,,,7.317,-0.00301
,,,,7.318,0.001934
,,,,7.319,0.005169
,,,,7.32,0.010039
,,,,7.321,-0.00533
,,,,7.322,0.005079
,,,,7.323,0.001853
,,,,7.324,0.002214
,,,,7.325,-0.00882
,,,,7.326,0.007594
,,,,7.327,-0.00082
,,,,7.328,0.000996
,,,,7.329,0.002159
,,,,7.33,0.00921
,,,,7.331,0.004017
,,,,7.332,-0.00255
,,,,7.333,0.000144
,,,,7.334,0.013498
,,,,7.335,0.005024
,,,,7.336,-0.00196
,,,,7.337,-0.01161
,,,,7.338,0.007154
,,,,7.339,0.006148
,,,,7.34,-0.00476
,,,,7.341,0.001203
,,,,7.342,0.00064
,,,,7.343,0.008408
,,,,7.344,0.002642
,,,,7.345,-0.00405
,,,,7.346,0.009074
,,,,7.347,0.006129
,,,,7.348,-0.00174
,,,,7.349,0.004512
,,,,7.35,0.005387
,,,,7.351,0.000441
,,,,7.352,0.000351
,,,,7.353,0.006052
,,,,7.354,-0.0007
,,,,7.355,0.004353
,,,,7.356,-0.00083
,,,,7.357,-0.00062
,,,,7.358,0.005042
,,,,7.359,-0.00816
,,,,7.36,0.002375
,,,,7.361,-0.00349
,,,,7.362,-0.00208
,,,,7.363,-0.00391
,,,,7.364,0.002534
,,,,7.365,0.006804
,,,,7.366,0.008683
,,,,7.367,0.004131
,,,,7.368,0.000819
,,,,7.369,-0.0058
,,,,7.37,0.011878
,,,,7.371,-0.00222
,,,,7.372,0.001847
,,,,7.373,-0.0032
,,,,7.374,0.0058
,,,,7.375,-0.01386
,,,,7.376,-0.00446
,,,,7.377,0.00896
,,,,7.378,0.001953
,,,,7.379,-0.0058
,,,,7.38,-0.000055
,,,,7.381,0.003606
,,,,7.382,0.001806
,,,,7.383,-0.00575
,,,,7.384,0.000781
,,,,7.385,-0.00504
,,,,7.386,0.000941
,,,,7.387,-0.00374
,,,,7.388,0.008715
,,,,7.389,0.007122
,,,,7.39,-0.01241
,,,,7.391,-0.01141
,,,,7.392,0.000333
,,,,7.393,0.001446
,,,,7.394,-0.00512
,,,,7.395,0.001697
,,,,7.396,0.0000646
,,,,7.397,0.005147
,,,,7.398,-0.00261
,,,,7.399,-0.0039
,,,,7.4,-0.00173
,,,,7.401,0.002593
,,,,7.402,-0.00926
,,,,7.403,-0.00826
,,,,7.404,0.014871
,,,,7.405,-0.00146
,,,,7.406,-0.01001
,,,,7.407,-0.00491
,,,,7.408,0.006473
,,,,7.409,-0.00396
,,,,7.41,-0.00833
,,,,7.411,0.003167
,,,,7.412,0.022643
,,,,7.413,-0.00256
,,,,7.414,0.006797
,,,,7.415,-0.00428
,,,,7.416,0.007313
,,,,7.417,0.002041
,,,,7.418,-0.00946
,,,,7.419,-0.00178
,,,,7.42,0.007604
,,,,7.421,0.002864
,,,,7.422,-0.00423
,,,,7.423,-0.0051
,,,,7.424,0.0000612
,,,,7.425,0.006855
,,,,7.426,-0.00706
,,,,7.427,0.004246
,,,,7.428,-0.00467
,,,,7.429,-0.00253
,,,,7.43,-0.01131
,,,,7.431,0.002195
,,,,7.432,0.002662
,,,,7.433,-0.00031
,,,,7.434,-0.00531
,,,,7.435,0.009759
,,,,7.436,0.008305
,,,,7.437,-0.00344
,,,,7.438,-0.01283
,,,,7.439,0.008276
,,,,7.44,0.009427
,,,,7.441,-0.00323
,,,,7.442,-0.00721
,,,,7.443,0.017166
,,,,7.444,0.005244
,,,,7.445,-0.0032
,,,,7.446,0.000931
,,,,7.447,0.004117
,,,,7.448,-0.00258
,,,,7.449,0.003226
,,,,7.45,0.003437
,,,,7.451,0.00739
,,,,7.452,0.004895
,,,,7.453,-0.00906
,,,,7.454,-0.00151
,,,,7.455,0.01254
,,,,7.456,0.008569
,,,,7.457,0.003851
,,,,7.458,-0.00362
,,,,7.459,0.002687
,,,,7.46,-0.00479
,,,,7.461,-0.0043
,,,,7.462,0.008415
,,,,7.463,0.014658
,,,,7.464,-0.00119
,,,,7.465,-0.00358
,,,,7.466,0.000726
,,,,7.467,-0.00064
,,,,7.468,-0.00116
,,,,7.469,0.002566
,,,,7.47,0.011783
,,,,7.471,0.005849
,,,,7.472,-0.0025
,,,,7.473,-0.0033
,,,,7.474,0.015705
,,,,7.475,0.00634
,,,,7.476,-0.00582
,,,,7.477,0.007847
,,,,7.478,0.008528
,,,,7.479,0.001345
,,,,7.48,-0.01113
,,,,7.481,-0.00497
,,,,7.482,-0.008
,,,,7.483,-0.00189
,,,,7.484,-0.00654
,,,,7.485,0.004056
,,,,7.486,0.005349
,,,,7.487,0.004421
,,,,7.488,-0.00602
,,,,7.489,-0.00715
,,,,7.49,0.008681
,,,,7.491,-0.00137
,,,,7.492,-0.00807
,,,,7.493,0.009454
,,,,7.494,0.005131
,,,,7.495,-0.0094
,,,,7.496,-0.00275
,,,,7.497,0.002954
,,,,7.498,0.011485
,,,,7.499,0.000987
,,,,7.5,-0.00057
,,,,7.501,0.003956
,,,,7.502,0.004419
,,,,7.503,-0.00161
,,,,7.504,0.012887
,,,,7.505,-0.00015
,,,,7.506,0.001691
,,,,7.507,0.004499
,,,,7.508,0.001313
,,,,7.509,0.007078
,,,,7.51,-0.000023
,,,,7.511,0.001004
,,,,7.512,-0.00863
,,,,7.513,-0.00657
,,,,7.514,0.00227
,,,,7.515,-0.01235
,,,,7.516,-0.0019
,,,,7.517,-0.00198
,,,,7.518,0.002902
,,,,7.519,-0.01044
,,,,7.52,-0.00176
,,,,7.521,0.009881
,,,,7.522,0.001482
,,,,7.523,-0.00435
,,,,7.524,-0.00328
,,,,7.525,0.008498
,,,,7.526,-0.00797
,,,,7.527,-0.00219
,,,,7.528,-0.00404
,,,,7.529,0.000723
,,,,7.53,-0.00112
,,,,7.531,-0.00385
,,,,7.532,-0.00275
,,,,7.533,0.001242
,,,,7.534,-0.0066
,,,,7.535,-0.00981
,,,,7.536,-0.00058
,,,,7.537,-0.00065
,,,,7.538,-0.00282
,,,,7.539,0.000167
,,,,7.54,0.008294
,,,,7.541,-0.00251
,,,,7.542,-0.00057
,,,,7.543,-0.00525
,,,,7.544,0.004893
,,,,7.545,-0.000037
,,,,7.546,-0.00334
,,,,7.547,0.000745
,,,,7.548,-0.0004
,,,,7.549,0.00039
,,,,7.55,0.002954
,,,,7.551,0.005896
,,,,7.552,0.01143
,,,,7.553,-0.00324
,,,,7.554,0.008389
,,,,7.555,-0.00483
,,,,7.556,0.006879
,,,,7.557,0.00527
,,,,7.558,-0.01557
,,,,7.559,0.00675
,,,,7.56,-0.01049
,,,,7.561,-0.0026
,,,,7.562,-0.00469
,,,,7.563,0.005921
,,,,7.564,-0.00254
,,,,7.565,-0.00389
,,,,7.566,-0.00752
,,,,7.567,-0.00493
,,,,7.568,0.009457
,,,,7.569,0.000994
,,,,7.57,-0.0006
,,,,7.571,0.011761
,,,,7.572,-0.00164
,,,,7.573,-0.0026
,,,,7.574,0.003365
,,,,7.575,0.003733
,,,,7.576,-0.006
,,,,7.577,-0.00821
,,,,7.578,0.004815
,,,,7.579,-0.00214
,,,,7.58,0.002301
,,,,7.581,-0.00681
,,,,7.582,-0.00072
,,,,7.583,0.000838
,,,,7.584,-0.00553
,,,,7.585,-0.00394
,,,,7.586,0.003296
,,,,7.587,0.007711
,,,,7.588,-0.00151
,,,,7.589,-0.0038
,,,,7.59,0.00195
,,,,7.591,-0.00768
,,,,7.592,0.005311
,,,,7.593,0.004316
,,,,7.594,-0.00066
,,,,7.595,-0.00446
,,,,7.596,-0.00128
,,,,7.597,-0.00146
,,,,7.598,-0.00159
,,,,7.599,-0.00897
,,,,7.6,0.005409
,,,,7.601,0.005851
,,,,7.602,0.007931
,,,,7.603,-0.00149
,,,,7.604,-0.00758
,,,,7.605,-0.0034
,,,,7.606,0.000909
,,,,7.607,0.00253
,,,,7.608,-0.00462
,,,,7.609,0.00405
,,,,7.61,0.009106
,,,,7.611,0.004252
,,,,7.612,-0.00868
,,,,7.613,-0.00687
,,,,7.614,0.013079
,,,,7.615,0.000711
,,,,7.616,-0.00051
,,,,7.617,0.004534
,,,,7.618,0.013675
,,,,7.619,-0.000029
,,,,7.62,-0.00675
,,,,7.621,-0.01041
,,,,7.622,0.016063
,,,,7.623,-0.0001
,,,,7.624,-0.00643
,,,,7.625,0.000791
,,,,7.626,0.003014
,,,,7.627,-0.00123
,,,,7.628,0.00622
,,,,7.629,-0.00212
,,,,7.63,0.011647
,,,,7.631,0.008162
,,,,7.632,0.004419
,,,,7.633,-0.00057
,,,,7.634,0.0098
,,,,7.635,0.004303
,,,,7.636,0.00105
,,,,7.637,0.00045
,,,,7.638,0.0000874
,,,,7.639,-0.00871
,,,,7.64,-0.0042
,,,,7.641,0.000809
,,,,7.642,0.007615
,,,,7.643,-0.00779
,,,,7.644,-0.00728
,,,,7.645,0.001238
,,,,7.646,0.000857
,,,,7.647,0.001178
,,,,7.648,0.010026
,,,,7.649,0.013873
,,,,7.65,-0.00223
,,,,7.651,-0.01171
,,,,7.652,0.011307
,,,,7.653,0.003879
,,,,7.654,0.005009
,,,,7.655,0.001166
,,,,7.656,0.013373
,,,,7.657,0.002992
,,,,7.658,0.000805
,,,,7.659,-0.00643
,,,,7.66,0.012414
,,,,7.661,-0.00768
,,,,7.662,-0.00337
,,,,7.663,-0.00206
,,,,7.664,0.003429
,,,,7.665,0.008679
,,,,7.666,-0.0109
,,,,7.667,-0.00429
,,,,7.668,0.011628
,,,,7.669,0.007082
,,,,7.67,-0.00329
,,,,7.671,0.015985
,,,,7.672,0.00286
,,,,7.673,-0.00236
,,,,7.674,-0.01425
,,,,7.675,0.00243
,,,,7.676,0.004348
,,,,7.677,-0.002
,,,,7.678,-0.00639
,,,,7.679,0.0000393
,,,,7.68,0.003304
,,,,7.681,0.016379
,,,,7.682,-0.00111
,,,,7.683,-0.00163
,,,,7.684,-0.00227
,,,,7.685,-0.00903
,,,,7.686,-0.00577
,,,,7.687,0.00065
,,,,7.688,0.009742
,,,,7.689,0.000394
,,,,7.69,-0.00566
,,,,7.691,0.001412
,,,,7.692,0.002442
,,,,7.693,0.003995
,,,,7.694,-0.00988
,,,,7.695,-0.00505
,,,,7.696,0.002228
,,,,7.697,-0.00486
,,,,7.698,-0.00969
,,,,7.699,0.00442
,,,,7.7,0.005442
,,,,7.701,-0.00581
,,,,7.702,-0.00699
,,,,7.703,0.002802
,,,,7.704,0.003733
,,,,7.705,0.007443
,,,,7.706,-0.00083
,,,,7.707,0.012188
,,,,7.708,0.012008
,,,,7.709,-0.01358
,,,,7.71,0.000707
,,,,7.711,0.014433
,,,,7.712,0.003185
,,,,7.713,-0.00733
,,,,7.714,0.001085
,,,,7.715,0.003277
,,,,7.716,0.000517
,,,,7.717,-0.00463
,,,,7.718,0.003339
,,,,7.719,0.006613
,,,,7.72,-0.00168
,,,,7.721,-0.00359
,,,,7.722,-0.00145
,,,,7.723,0.001801
,,,,7.724,0.003924
,,,,7.725,-0.00827
,,,,7.726,0.00082
,,,,7.727,0.001878
,,,,7.728,-0.00625
,,,,7.729,-0.00263
,,,,7.73,0.003349
,,,,7.731,0.000145
,,,,7.732,0.001922
,,,,7.733,-0.00268
,,,,7.734,0.003446
,,,,7.735,0.017153
,,,,7.736,-0.01556
,,,,7.737,0.006559
,,,,7.738,0.001961
,,,,7.739,-0.00294
,,,,7.74,-0.00573
,,,,7.741,0.006157
,,,,7.742,0.000531
,,,,7.743,-0.00195
,,,,7.744,-0.0076
,,,,7.745,-0.00287
,,,,7.746,0.008171
,,,,7.747,-0.00377
,,,,7.748,-0.00656
,,,,7.749,0.013085
,,,,7.75,-0.00245
,,,,7.751,0.000398
,,,,7.752,0.005201
,,,,7.753,0.003924
,,,,7.754,0.011317
,,,,7.755,-0.00612
,,,,7.756,-0.01045
,,,,7.757,-0.00429
,,,,7.758,-0.00848
,,,,7.759,0.0000327
,,,,7.76,-0.00434
,,,,7.761,0.010154
,,,,7.762,0.006462
,,,,7.763,-0.00243
,,,,7.764,0.000489
,,,,7.765,0.013689
,,,,7.766,0.000507
,,,,7.767,-0.00292
,,,,7.768,-0.0007
,,,,7.769,0.008462
,,,,7.77,0.001589
,,,,7.771,-0.00579
,,,,7.772,-0.00631
,,,,7.773,0.005043
,,,,7.774,-0.003
,,,,7.775,-0.00321
,,,,7.776,0.010485
,,,,7.777,-0.00139
,,,,7.778,0.005965
,,,,7.779,-0.00858
,,,,7.78,-0.00351
,,,,7.781,0.003022
,,,,7.782,0.005452
,,,,7.783,-0.01064
,,,,7.784,0.009398
,,,,7.785,0.017323
,,,,7.786,0.001617
,,,,7.787,-0.00309
,,,,7.788,0.006593
,,,,7.789,0.008157
,,,,7.79,0.007867
,,,,7.791,-0.00588
,,,,7.792,-0.00061
,,,,7.793,0.002523
,,,,7.794,-0.0007
,,,,7.795,0.004965
,,,,7.796,0.002836
,,,,7.797,0.000892
,,,,7.798,-0.01
,,,,7.799,0.006183
,,,,7.8,0.014435
,,,,7.801,-0.00329
,,,,7.802,-0.00184
,,,,7.803,0.006542
,,,,7.804,0.004724
,,,,7.805,0.00399
,,,,7.806,-0.00833
,,,,7.807,-0.00342
,,,,7.808,0.009054
,,,,7.809,-0.00147
,,,,7.81,0.000036
,,,,7.811,0.002889
,,,,7.812,-0.00054
,,,,7.813,0.002884
,,,,7.814,-0.00204
,,,,7.815,0.000429
,,,,7.816,0.013408
,,,,7.817,-0.00347
,,,,7.818,0.002296
,,,,7.819,0.002191
,,,,7.82,0.004383
,,,,7.821,-0.00355
,,,,7.822,-0.00189
,,,,7.823,0.015572
,,,,7.824,0.002534
,,,,7.825,-0.00482
,,,,7.826,-0.00785
,,,,7.827,0.005117
,,,,7.828,-0.00212
,,,,7.829,-0.00192
,,,,7.83,-0.00334
,,,,7.831,0.013462
,,,,7.832,0.012448
,,,,7.833,-0.00562
,,,,7.834,-0.00282
,,,,7.835,0.006347
,,,,7.836,-0.00475
,,,,7.837,-0.00422
,,,,7.838,0.001046
,,,,7.839,0.008533
,,,,7.84,0.0000862
,,,,7.841,-0.00356
,,,,7.842,-0.00286
,,,,7.843,0.010078
,,,,7.844,0.00206
,,,,7.845,-0.001
,,,,7.846,0.007399
,,,,7.847,0.002213
,,,,7.848,-0.00261
,,,,7.849,0.00213
,,,,7.85,0.006676
,,,,7.851,0.005745
,,,,7.852,0.001844
,,,,7.853,-0.00112
,,,,7.854,0.006163
,,,,7.855,0.006176
,,,,7.856,0.006261
,,,,7.857,0.000913
,,,,7.858,0.012761
,,,,7.859,0.011991
,,,,7.86,0.014813
,,,,7.861,-0.00735
,,,,7.862,0.014503
,,,,7.863,0.014679
,,,,7.864,-0.00492
,,,,7.865,0.009896
,,,,7.866,0.006661
,,,,7.867,0.004684
,,,,7.868,-0.00665
,,,,7.869,-0.00098
,,,,7.87,0.003031
,,,,7.871,0.003274
,,,,7.872,-0.00715
,,,,7.873,-0.00294
,,,,7.874,0.0115
,,,,7.875,0.006691
,,,,7.876,0.002654
,,,,7.877,0.000775
,,,,7.878,0.0154
,,,,7.879,-0.00038
,,,,7.88,-0.00848
,,,,7.881,0.001113
,,,,7.882,0.005317
,,,,7.883,0.004002
,,,,7.884,-0.00781
,,,,7.885,0.01158
,,,,7.886,0.005014
,,,,7.887,-0.00076
,,,,7.888,-0.00458
,,,,7.889,0.005897
,,,,7.89,0.002594
,,,,7.891,0.008269
,,,,7.892,0.003224
,,,,7.893,0.003912
,,,,7.894,-0.00674
,,,,7.895,-0.01335
,,,,7.896,-0.00264
,,,,7.897,-0.00364
,,,,7.898,0.008269
,,,,7.899,0.005107
,,,,7.9,-0.00348
,,,,7.901,0.000839
,,,,7.902,0.005434
,,,,7.903,0.00176
,,,,7.904,0.000874
,,,,7.905,-0.00108
,,,,7.906,-0.00831
,,,,7.907,-0.00413
,,,,7.908,0.004352
,,,,7.909,0.003607
,,,,7.91,0.00421
,,,,7.911,-0.00406
,,,,7.912,0.008796
,,,,7.913,0.008534
,,,,7.914,0.002613
,,,,7.915,-0.00316
,,,,7.916,-0.00028
,,,,7.917,0.001856
,,,,7.918,0.002899
,,,,7.919,0.001165
,,,,7.92,0.008286
,,,,7.921,0.005174
,,,,7.922,-0.00852
,,,,7.923,0.000815
,,,,7.924,0.006805
,,,,7.925,0.006862
,,,,7.926,-0.00665
,,,,7.927,-0.0023
,,,,7.928,0.003502
,,,,7.929,-0.00265
,,,,7.93,-0.0033
,,,,7.931,0.003286
,,,,7.932,0.007049
,,,,7.933,-0.00443
,,,,7.934,0.008089
,,,,7.935,-0.00661
,,,,7.936,0.007263
,,,,7.937,0.006264
,,,,7.938,-0.00568
,,,,7.939,-0.00664
,,,,7.94,0.010389
,,,,7.941,-0.00321
,,,,7.942,-0.00233
,,,,7.943,0.008071
,,,,7.944,0.005144
,,,,7.945,-0.00076
,,,,7.946,-0.0041
,,,,7.947,0.003244
,,,,7.948,0.001823
,,,,7.949,0.006434
,,,,7.95,-0.00691
,,,,7.951,-0.00398
,,,,7.952,-0.00065
,,,,7.953,0.00185
,,,,7.954,-0.00517
,,,,7.955,0.009636
,,,,7.956,0.007548
,,,,7.957,-0.00343
,,,,7.958,0.002177
,,,,7.959,-0.00178
,,,,7.96,0.00105
,,,,7.961,-0.00199
,,,,7.962,0.003813
,,,,7.963,0.000476
,,,,7.964,0.006687
,,,,7.965,0.001151
,,,,7.966,-0.0067
,,,,7.967,0.017151
,,,,7.968,-0.00261
,,,,7.969,-0.00129
,,,,7.97,0.003776
,,,,7.971,0.001976
,,,,7.972,0.004081
,,,,7.973,-0.0088
,,,,7.974,0.000301
,,,,7.975,0.007219
,,,,7.976,-0.00239
,,,,7.977,-0.00629
,,,,7.978,0.002369
,,,,7.979,0.009696
,,,,7.98,-0.0007
,,,,7.981,-0.00025
,,,,7.982,0.001851
,,,,7.983,-0.00824
,,,,7.984,-0.00853
,,,,7.985,-0.00522
,,,,7.986,0.008393
,,,,7.987,0.007556
,,,,7.988,-0.00251
,,,,7.989,-0.00455
,,,,7.99,0.016077
,,,,7.991,0.004902
,,,,7.992,-0.00492
,,,,7.993,-0.0011
,,,,7.994,-0.00114
,,,,7.995,0.004918
,,,,7.996,-0.00607
,,,,7.997,0.001985
,,,,7.998,0.006852
,,,,7.999,0.002964
,,,,8,-0.00222
,,,,8.001,-0.00317
,,,,8.002,0.0044
,,,,8.003,-0.00062
,,,,8.004,0.009078
,,,,8.005,0.003004
,,,,8.006,0.006917
,,,,8.007,0.004519
,,,,8.008,-0.00385
,,,,8.009,-0.00291
,,,,8.01,0.001786
,,,,8.011,0.011434
,,,,8.012,0.000725
,,,,8.013,0.002926
,,,,8.014,0.003528
,,,,8.015,0.006569
,,,,8.016,-0.00042
,,,,8.017,0.002995
,,,,8.018,0.012146
,,,,8.019,-0.00048
,,,,8.02,-0.00386
,,,,8.021,0.003154
,,,,8.022,0.0039
,,,,8.023,0.009005
,,,,8.024,0.003663
,,,,8.025,-0.00108
,,,,8.026,0.005269
,,,,8.027,-0.00151
,,,,8.028,-0.00725
,,,,8.029,0.000463
,,,,8.03,0.005503
,,,,8.031,0.004268
,,,,8.032,-0.00896
,,,,8.033,0.009111
,,,,8.034,-0.00035
,,,,8.035,-0.00946
,,,,8.036,0.005394
,,,,8.037,-0.00102
,,,,8.038,-0.00421
,,,,8.039,0.00039
,,,,8.04,0.007531
,,,,8.041,-0.01417
,,,,8.042,-0.00029
,,,,8.043,-0.00595
,,,,8.044,0.016689
,,,,8.045,0.009898
,,,,8.046,-0.01164
,,,,8.047,0.003295
,,,,8.048,-0.00064
,,,,8.049,-0.00365
,,,,8.05,-0.00209
,,,,8.051,-0.00382
,,,,8.052,-0.00114
,,,,8.053,0.011093
,,,,8.054,-0.00373
,,,,8.055,-0.0038
,,,,8.056,0.011132
,,,,8.057,0.011212
,,,,8.058,0.010889
,,,,8.059,-0.01137
,,,,8.06,0.003197
,,,,8.061,0.001419
,,,,8.062,-0.00531
,,,,8.063,-0.00406
,,,,8.064,-0.00285
,,,,8.065,-0.000045
,,,,8.066,-0.00879
,,,,8.067,0.005182
,,,,8.068,0.015937
,,,,8.069,0.003004
,,,,8.07,-0.00831
,,,,8.071,-0.00523
,,,,8.072,0.008477
,,,,8.073,-0.00615
,,,,8.074,-0.00425
,,,,8.075,0.000823
,,,,8.076,0.013399
,,,,8.077,-0.00069
,,,,8.078,-0.00835
,,,,8.079,0.011261
,,,,8.08,0.011427
,,,,8.081,-0.00984
,,,,8.082,0.005512
,,,,8.083,-0.00227
,,,,8.084,-0.00293
,,,,8.085,0.003268
,,,,8.086,0.001263
,,,,8.087,0.007329
,,,,8.088,0.015695
,,,,8.089,-0.0044
,,,,8.09,-0.00805
,,,,8.091,0.014478
,,,,8.092,0.00495
,,,,8.093,0.013971
,,,,8.094,-0.00271
,,,,8.095,0.003667
,,,,8.096,0.005385
,,,,8.097,-0.00616
,,,,8.098,-0.00256
,,,,8.099,0.008564
,,,,8.1,-0.00065
,,,,8.101,0.004507
,,,,8.102,-0.00093
,,,,8.103,0.00711
,,,,8.104,-0.00479
,,,,8.105,-0.01282
,,,,8.106,-0.00381
,,,,8.107,0.010888
,,,,8.108,0.000147
,,,,8.109,-0.00116
,,,,8.11,-0.00728
,,,,8.111,-0.00455
,,,,8.112,0.008511
,,,,8.113,0.00458
,,,,8.114,0.001512
,,,,8.115,-0.00014
,,,,8.116,-0.01147
,,,,8.117,-0.00894
,,,,8.118,0.004768
,,,,8.119,0.002955
,,,,8.12,-0.0033
,,,,8.121,-0.00457
,,,,8.122,-0.00632
,,,,8.123,0.00759
,,,,8.124,-0.00594
,,,,8.125,-0.00942
,,,,8.126,0.006168
,,,,8.127,0.008285
,,,,8.128,-0.01205
,,,,8.129,0.000693
,,,,8.13,0.007168
,,,,8.131,0.000323
,,,,8.132,-0.00638
,,,,8.133,-0.00575
,,,,8.134,0.011562
,,,,8.135,0.010502
,,,,8.136,-0.00345
,,,,8.137,0.015464
,,,,8.138,0.008552
,,,,8.139,0.007747
,,,,8.14,-0.0018
,,,,8.141,0.006425
,,,,8.142,0.006572
,,,,8.143,0.004303
,,,,8.144,-0.00089
,,,,8.145,0.007063
,,,,8.146,0.00884
,,,,8.147,0.013449
,,,,8.148,0.001835
,,,,8.149,0.013462
,,,,8.15,0.002261
,,,,8.151,-0.00898
,,,,8.152,-0.00505
,,,,8.153,0.003106
,,,,8.154,0.010256
,,,,8.155,-0.00031
,,,,8.156,-0.00335
,,,,8.157,0.004306
,,,,8.158,0.007757
,,,,8.159,-0.00447
,,,,8.16,0.007435
,,,,8.161,0.009707
,,,,8.162,-0.00922
,,,,8.163,-0.00359
,,,,8.164,-0.00478
,,,,8.165,0.013042
,,,,8.166,0.005313
,,,,8.167,-0.00903
,,,,8.168,-0.00543
,,,,8.169,0.008488
,,,,8.17,0.001955
,,,,8.171,-0.00994
,,,,8.172,-0.00457
,,,,8.173,0.003835
,,,,8.174,-0.00049
,,,,8.175,-0.00925
,,,,8.176,-0.00798
,,,,8.177,0.005038
,,,,8.178,-0.00285
,,,,8.179,-0.01188
,,,,8.18,0.005341
,,,,8.181,0.010463
,,,,8.182,0.007914
,,,,8.183,-0.00373
,,,,8.184,-0.00358
,,,,8.185,0.008605
,,,,8.186,-0.00035
,,,,8.187,0.000999
,,,,8.188,-0.0021
,,,,8.189,0.004607
,,,,8.19,0.005043
,,,,8.191,-0.00663
,,,,8.192,-0.00167
,,,,8.193,-0.00234
,,,,8.194,-0.01349
,,,,8.195,-0.0066
,,,,8.196,0.005387
,,,,8.197,0.000149
,,,,8.198,-0.00287
,,,,8.199,0.000645
,,,,8.2,0.008979
,,,,8.201,0.00371
,,,,8.202,-0.00224
,,,,8.203,0.006453
,,,,8.204,0.001131
,,,,8.205,0.000704
,,,,8.206,0.00227
,,,,8.207,0.007139
,,,,8.208,0.005545
,,,,8.209,-0.00478
,,,,8.21,-0.00206
,,,,8.211,0.00805
,,,,8.212,-0.00504
,,,,8.213,-0.00221
,,,,8.214,-0.00268
,,,,8.215,0.010358
,,,,8.216,0.008511
,,,,8.217,0.000147
,,,,8.218,0.002931
,,,,8.219,-0.00097
,,,,8.22,0.001567
,,,,8.221,-0.00457
,,,,8.222,-0.00018
,,,,8.223,0.005803
,,,,8.224,0.010755
,,,,8.225,-0.0017
,,,,8.226,0.007531
,,,,8.227,0.007495
,,,,8.228,0.010052
,,,,8.229,-0.00355
,,,,8.23,-0.0053
,,,,8.231,0.016707
,,,,8.232,-0.00027
,,,,8.233,-0.00355
,,,,8.234,0.001005
,,,,8.235,0.007065
,,,,8.236,-0.00202
,,,,8.237,0.004508
,,,,8.238,0.013412
,,,,8.239,0.013056
,,,,8.24,0.002627
,,,,8.241,-0.00152
,,,,8.242,0.015204
,,,,8.243,0.008404
,,,,8.244,0.011092
,,,,8.245,0.002787
,,,,8.246,0.002383
,,,,8.247,-0.000024
,,,,8.248,-0.01076
,,,,8.249,0.002838
,,,,8.25,-0.00144
,,,,8.251,0.000636
,,,,8.252,0.002019
,,,,8.253,-0.0053
,,,,8.254,0.006101
,,,,8.255,0.004863
,,,,8.256,-0.00462
,,,,8.257,-0.0048
,,,,8.258,0.008391
,,,,8.259,0.000385
,,,,8.26,-0.0065
,,,,8.261,-0.00414
,,,,8.262,0.007636
,,,,8.263,-0.0004
,,,,8.264,-0.01059
,,,,8.265,0.00268
,,,,8.266,0.007373
,,,,8.267,0.000995
,,,,8.268,0.004271
,,,,8.269,0.003953
,,,,8.27,-0.00646
,,,,8.271,-0.0053
,,,,8.272,0.003093
,,,,8.273,0.007374
,,,,8.274,-0.00908
,,,,8.275,0.001569
,,,,8.276,-0.00985
,,,,8.277,0.005208
,,,,8.278,0.010186
,,,,8.279,-0.000021
,,,,8.28,-0.00603
,,,,8.281,0.008778
,,,,8.282,0.014768
,,,,8.283,-0.00373
,,,,8.284,0.002753
,,,,8.285,0.006384
,,,,8.286,-0.00075
,,,,8.287,-0.01178
,,,,8.288,-0.00851
,,,,8.289,0.006795
,,,,8.29,0.012182
,,,,8.291,-0.00649
,,,,8.292,-0.00829
,,,,8.293,0.001835
,,,,8.294,-0.00236
,,,,8.295,0.001405
,,,,8.296,-0.00078
,,,,8.297,0.008152
,,,,8.298,0.009341
,,,,8.299,-0.00615
,,,,8.3,0.004922
,,,,8.301,0.001459
,,,,8.302,0.008564
,,,,8.303,-0.00647
,,,,8.304,0.005731
,,,,8.305,0.007583
,,,,8.306,-0.00741
,,,,8.307,-0.00104
,,,,8.308,-0.00034
,,,,8.309,0.002113
,,,,8.31,-0.01033
,,,,8.311,-0.01148
,,,,8.312,0.015326
,,,,8.313,0.008059
,,,,8.314,-0.00097
,,,,8.315,-0.00967
,,,,8.316,0.00613
,,,,8.317,-0.00289
,,,,8.318,-0.00597
,,,,8.319,-0.00599
,,,,8.32,0.011476
,,,,8.321,0.002131
,,,,8.322,0.002119
,,,,8.323,-0.0059
,,,,8.324,0.00365
,,,,8.325,0.003728
,,,,8.326,-0.00527
,,,,8.327,-0.00441
,,,,8.328,0.012561
,,,,8.329,0.008113
,,,,8.33,0.00337
,,,,8.331,-0.00098
,,,,8.332,0.009105
,,,,8.333,0.009334
,,,,8.334,-0.00173
,,,,8.335,0.004471
,,,,8.336,-0.00189
,,,,8.337,0.000586
,,,,8.338,-0.00837
,,,,8.339,0.001862
,,,,8.34,0.00949
,,,,8.341,0.003302
,,,,8.342,-0.01177
,,,,8.343,0.005945
,,,,8.344,0.01044
,,,,8.345,-0.00508
,,,,8.346,0.002083
,,,,8.347,0.006674
,,,,8.348,0.003823
,,,,8.349,0.00111
,,,,8.35,-0.00239
,,,,8.351,-0.00059
,,,,8.352,0.009455
,,,,8.353,-0.00942
,,,,8.354,-0.00639
,,,,8.355,0.0000173
,,,,8.356,0.009987
,,,,8.357,0.003296
,,,,8.358,-0.01046
,,,,8.359,-0.00195
,,,,8.36,-0.00374
,,,,8.361,-0.00036
,,,,8.362,-0.00356
,,,,8.363,0.012047
,,,,8.364,0.001786
,,,,8.365,-0.00196
,,,,8.366,-0.00454
,,,,8.367,0.002554
,,,,8.368,-0.00333
,,,,8.369,-0.00467
,,,,8.37,0.005748
,,,,8.371,0.007656
,,,,8.372,-0.00114
,,,,8.373,0.002873
,,,,8.374,0.001125
,,,,8.375,0.008083
,,,,8.376,-0.00701
,,,,8.377,-0.0107
,,,,8.378,0.001251
,,,,8.379,0.00139
,,,,8.38,-0.02054
,,,,8.381,0.006804
,,,,8.382,0.001469
,,,,8.383,0.004839
,,,,8.384,-0.00285
,,,,8.385,-0.0031
,,,,8.386,0.002038
,,,,8.387,0.006647
,,,,8.388,-0.0063
,,,,8.389,0.002216
,,,,8.39,0.011982
,,,,8.391,-0.00152
,,,,8.392,0.003229
,,,,8.393,-0.00188
,,,,8.394,0.004336
,,,,8.395,0.005055
,,,,8.396,-0.00613
,,,,8.397,-0.00408
,,,,8.398,0.013162
,,,,8.399,0.006356
,,,,8.4,0.006482
,,,,8.401,-0.00426
,,,,8.402,0.004782
,,,,8.403,-0.00252
,,,,8.404,-0.00458
,,,,8.405,0.007703
,,,,8.406,0.009366
,,,,8.407,-0.00031
,,,,8.408,-0.00399
,,,,8.409,0.011622
,,,,8.41,0.008486
,,,,8.411,0.001165
,,,,8.412,-0.00824
,,,,8.413,0.006079
,,,,8.414,0.001514
,,,,8.415,-0.01287
,,,,8.416,-0.00447
,,,,8.417,-0.00046
,,,,8.418,0.003512
,,,,8.419,-0.00472
,,,,8.42,-0.00366
,,,,8.421,-0.00623
,,,,8.422,0.012384
,,,,8.423,-0.00239
,,,,8.424,0.000329
,,,,8.425,0.008992
,,,,8.426,0.000134
,,,,8.427,-0.00173
,,,,8.428,-0.0021
,,,,8.429,0.007105
,,,,8.43,0.002579
,,,,8.431,-0.01103
,,,,8.432,-0.00554
,,,,8.433,0.006626
,,,,8.434,-0.00079
,,,,8.435,-0.01415
,,,,8.436,-0.00639
,,,,8.437,-0.00532
,,,,8.438,0.005577
,,,,8.439,-0.00596
,,,,8.44,-0.00321
,,,,8.441,0.003861
,,,,8.442,-0.00453
,,,,8.443,-0.0052
,,,,8.444,0.005253
,,,,8.445,-0.000019
,,,,8.446,0.00724
,,,,8.447,0.002576
,,,,8.448,-0.00791
,,,,8.449,0.003646
,,,,8.45,-0.01499
,,,,8.451,-0.01279
,,,,8.452,0.000854
,,,,8.453,0.007151
,,,,8.454,-0.00138
,,,,8.455,-0.004
,,,,8.456,0.006323
,,,,8.457,0.002581
,,,,8.458,-0.00257
,,,,8.459,-0.00453
,,,,8.46,-0.00315
,,,,8.461,0.000745
,,,,8.462,0.001488
,,,,8.463,-0.00475
,,,,8.464,0.005856
,,,,8.465,0.001978
,,,,8.466,-0.00903
,,,,8.467,0.011548
,,,,8.468,-0.00586
,,,,8.469,-0.00516
,,,,8.47,0.003801
,,,,8.471,0.003735
,,,,8.472,0.012246
,,,,8.473,-0.0066
,,,,8.474,-0.00283
,,,,8.475,0.00441
,,,,8.476,0.011439
,,,,8.477,-0.00945
,,,,8.478,-0.00046
,,,,8.479,0.013109
,,,,8.48,0.00269
,,,,8.481,0.004152
,,,,8.482,0.000236
,,,,8.483,0.006391
,,,,8.484,0.0000218
,,,,8.485,-0.01191
,,,,8.486,-0.00268
,,,,8.487,0.00527
,,,,8.488,0.000359
,,,,8.489,0.004759
,,,,8.49,0.002159
,,,,8.491,0.004553
,,,,8.492,0.007202
,,,,8.493,0.010222
,,,,8.494,-0.00124
,,,,8.495,0.005435
,,,,8.496,0.008004
,,,,8.497,-0.00519
,,,,8.498,0.001686
,,,,8.499,-0.00626
,,,,8.5,0.007805
,,,,8.501,-0.00927
,,,,8.502,-0.00568
,,,,8.503,-0.00506
,,,,8.504,-0.00582
,,,,8.505,-0.01305
,,,,8.506,-0.00972
,,,,8.507,-0.00439
,,,,8.508,-0.00468
,,,,8.509,-0.00821
,,,,8.51,0.004684
,,,,8.511,0.00562
,,,,8.512,-0.00261
,,,,8.513,-0.00374
,,,,8.514,0.009585
,,,,8.515,-0.00573
,,,,8.516,-0.0058
,,,,8.517,0.003298
,,,,8.518,0.001546
,,,,8.519,0.00001
,,,,8.52,-0.0052
,,,,8.521,-0.00115
,,,,8.522,0.008389
,,,,8.523,0.005127
,,,,8.524,-0.00213
,,,,8.525,0.001191
,,,,8.526,0.004871
,,,,8.527,-0.00415
,,,,8.528,-0.00557
,,,,8.529,-0.00012
,,,,8.53,0.001244
,,,,8.531,0.00124
,,,,8.532,0.003815
,,,,8.533,0.003835
,,,,8.534,0.011548
,,,,8.535,0.002591
,,,,8.536,0.000346
,,,,8.537,-0.00432
,,,,8.538,0.004604
,,,,8.539,0.004507
,,,,8.54,-0.00359
,,,,8.541,-0.00782
,,,,8.542,-0.00148
,,,,8.543,0.003011
,,,,8.544,0.000453
,,,,8.545,0.005539
,,,,8.546,0.007277
,,,,8.547,-0.00407
,,,,8.548,-0.00306
,,,,8.549,0.004978
,,,,8.55,0.00265
,,,,8.551,-0.00722
,,,,8.552,-0.00534
,,,,8.553,-0.00745
,,,,8.554,0.003452
,,,,8.555,-0.01134
,,,,8.556,-0.00507
,,,,8.557,0.00000897
,,,,8.558,-0.00093
,,,,8.559,-0.00101
,,,,8.56,0.006913
,,,,8.561,0.008576
,,,,8.562,0.003043
,,,,8.563,-0.0147
,,,,8.564,0.005239
,,,,8.565,0.004634
,,,,8.566,-0.00089
,,,,8.567,-0.00082
,,,,8.568,0.001705
,,,,8.569,0.010129
,,,,8.57,0.0000186
,,,,8.571,-0.00138
,,,,8.572,0.01009
,,,,8.573,0.003429
,,,,8.574,-0.01361
,,,,8.575,-0.00661
,,,,8.576,0.004705
,,,,8.577,0.001361
,,,,8.578,0.001039
,,,,8.579,-0.00471
,,,,8.58,0.006607
,,,,8.581,0.0086
,,,,8.582,-0.00743
,,,,8.583,0.000852
,,,,8.584,0.006749
,,,,8.585,0.001907
,,,,8.586,-0.00039
,,,,8.587,-0.00212
,,,,8.588,0.003207
,,,,8.589,-0.00742
,,,,8.59,-0.00662
,,,,8.591,0.005534
,,,,8.592,0.006876
,,,,8.593,0.001559
,,,,8.594,-0.00305
,,,,8.595,0.001603
,,,,8.596,0.003077
,,,,8.597,0.012524
,,,,8.598,-0.00707
,,,,8.599,0.001481
,,,,8.6,0.002111
,,,,8.601,0.004595
,,,,8.602,-0.00083
,,,,8.603,0.001369
,,,,8.604,0.011175
,,,,8.605,0.007185
,,,,8.606,-0.00012
,,,,8.607,-0.00315
,,,,8.608,-0.00118
,,,,8.609,-0.00108
,,,,8.61,-0.00215
,,,,8.611,0.009843
,,,,8.612,-0.000011
,,,,8.613,-0.00295
,,,,8.614,-0.00203
,,,,8.615,0.004721
,,,,8.616,0.002966
,,,,8.617,-0.0009
,,,,8.618,-0.00233
,,,,8.619,0.009777
,,,,8.62,0.012761
,,,,8.621,0.001933
,,,,8.622,-0.00294
,,,,8.623,0.000621
,,,,8.624,-0.0081
,,,,8.625,-0.00162
,,,,8.626,-0.00497
,,,,8.627,0.01182
,,,,8.628,-0.00307
,,,,8.629,0.002973
,,,,8.63,0.009472
,,,,8.631,0.003776
,,,,8.632,0.002578
,,,,8.633,0.005475
,,,,8.634,0.000763
,,,,8.635,-0.00645
,,,,8.636,-0.00416
,,,,8.637,-0.01507
,,,,8.638,0.006601
,,,,8.639,0.00813
,,,,8.64,-0.00718
,,,,8.641,-0.00817
,,,,8.642,-0.00285
,,,,8.643,0.005418
,,,,8.644,0.000683
,,,,8.645,0.005823
,,,,8.646,0.004899
,,,,8.647,-0.00288
,,,,8.648,0.00559
,,,,8.649,-0.00203
,,,,8.65,0.005941
,,,,8.651,0.00879
,,,,8.652,-0.00638
,,,,8.653,-0.00761
,,,,8.654,0.016226
,,,,8.655,0.002053
,,,,8.656,0.003009
,,,,8.657,-0.00577
,,,,8.658,-0.00227
,,,,8.659,0.008273
,,,,8.66,0.002104
,,,,8.661,-0.00153
,,,,8.662,0.004281
,,,,8.663,0.009748
,,,,8.664,-0.00267
,,,,8.665,0.012217
,,,,8.666,0.016267
,,,,8.667,-0.00042
,,,,8.668,-0.00372
,,,,8.669,0.002306
,,,,8.67,-0.00131
,,,,8.671,0.011535
,,,,8.672,-0.00773
,,,,8.673,0.002619
,,,,8.674,0.007725
,,,,8.675,-0.00309
,,,,8.676,-0.00434
,,,,8.677,0.007563
,,,,8.678,0.020077
,,,,8.679,0.002978
,,,,8.68,0.001172
,,,,8.681,0.008816
,,,,8.682,-0.00069
,,,,8.683,-0.00247
,,,,8.684,0.009772
,,,,8.685,-0.00083
,,,,8.686,0.005194
,,,,8.687,-0.00078
,,,,8.688,0.002621
,,,,8.689,0.004985
,,,,8.69,-0.0051
,,,,8.691,0.002829
,,,,8.692,0.01096
,,,,8.693,0.003389
,,,,8.694,0.004031
,,,,8.695,-0.01308
,,,,8.696,0.00622
,,,,8.697,0.013596
,,,,8.698,0.008296
,,,,8.699,0.002143
,,,,8.7,-0.0011
,,,,8.701,0.014876
,,,,8.702,0.009795
,,,,8.703,0.003852
,,,,8.704,-0.00031
,,,,8.705,0.015227
,,,,8.706,-0.00304
,,,,8.707,-0.00024
,,,,8.708,0.00459
,,,,8.709,0.006519
,,,,8.71,0.005804
,,,,8.711,0.004635
,,,,8.712,0.007851
,,,,8.713,-0.00101
,,,,8.714,-0.00721
,,,,8.715,-0.00494
,,,,8.716,0.008214
,,,,8.717,0.004443
,,,,8.718,-0.000064
,,,,8.719,-0.00722
,,,,8.72,0.000276
,,,,8.721,-0.00026
,,,,8.722,-0.00896
,,,,8.723,0.004542
,,,,8.724,0.0000611
,,,,8.725,-0.0092
,,,,8.726,-0.00652
,,,,8.727,0.008947
,,,,8.728,0.008727
,,,,8.729,0.009126
,,,,8.73,-0.00597
,,,,8.731,0.0001
,,,,8.732,-0.000022
,,,,8.733,0.002602
,,,,8.734,-0.00018
,,,,8.735,0.00307
,,,,8.736,0.001667
,,,,8.737,0.001548
,,,,8.738,-0.0033
,,,,8.739,0.003523
,,,,8.74,0.008748
,,,,8.741,-0.00173
,,,,8.742,0.001055
,,,,8.743,-0.00269
,,,,8.744,0.006892
,,,,8.745,-0.00056
,,,,8.746,0.00077
,,,,8.747,0.001931
,,,,8.748,0.015039
,,,,8.749,-0.00386
,,,,8.75,0.000219
,,,,8.751,0.007271
,,,,8.752,0.000327
,,,,8.753,-0.01054
,,,,8.754,0.000136
,,,,8.755,0.001496
,,,,8.756,0.007981
,,,,8.757,-0.00132
,,,,8.758,-0.00535
,,,,8.759,0.003623
,,,,8.76,-0.00398
,,,,8.761,-0.00236
,,,,8.762,0.004476
,,,,8.763,0.00799
,,,,8.764,0.000693
,,,,8.765,-0.0011
,,,,8.766,0.000816
,,,,8.767,0.00396
,,,,8.768,-0.00048
,,,,8.769,-0.00593
,,,,8.77,0.005564
,,,,8.771,0.011598
,,,,8.772,-0.00446
,,,,8.773,-0.01019
,,,,8.774,0.001517
,,,,8.775,0.00703
,,,,8.776,-0.00706
,,,,8.777,0.005524
,,,,8.778,0.006718
,,,,8.779,0.007552
,,,,8.78,-0.00665
,,,,8.781,0.003767
,,,,8.782,0.00651
,,,,8.783,-0.00199
,,,,8.784,-0.00812
,,,,8.785,0.011171
,,,,8.786,0.007356
,,,,8.787,0.005822
,,,,8.788,-0.00412
,,,,8.789,0.010197
,,,,8.79,-0.00062
,,,,8.791,0.004865
,,,,8.792,-0.01619
,,,,8.793,0.007738
,,,,8.794,0.002652
,,,,8.795,0.010034
,,,,8.796,-0.01079
,,,,8.797,0.005162
,,,,8.798,0.000184
,,,,8.799,-0.003
,,,,8.8,-0.00294
,,,,8.801,-0.00581
,,,,8.802,0.007356
,,,,8.803,-0.00185
,,,,8.804,0.004794
,,,,8.805,0.004286
,,,,8.806,0.006521
,,,,8.807,0.000935
,,,,8.808,-0.0000074
,,,,8.809,-0.00398
,,,,8.81,-0.00396
,,,,8.811,-0.00784
,,,,8.812,-0.00766
,,,,8.813,0.004146
,,,,8.814,0.0035
,,,,8.815,-0.00075
,,,,8.816,0.004048
,,,,8.817,0.007641
,,,,8.818,0.002076
,,,,8.819,-0.00537
,,,,8.82,-0.00569
,,,,8.821,-0.00013
,,,,8.822,0.005606
,,,,8.823,-0.00108
,,,,8.824,0.002487
,,,,8.825,0.003004
,,,,8.826,0.005224
,,,,8.827,-0.00601
,,,,8.828,0.008005
,,,,8.829,0.00908
,,,,8.83,0.005892
,,,,8.831,0.003076
,,,,8.832,-0.0007
,,,,8.833,0.005927
,,,,8.834,0.00686
,,,,8.835,-0.00401
,,,,8.836,0.003504
,,,,8.837,0.010278
,,,,8.838,-0.0015
,,,,8.839,-0.00711
,,,,8.84,-0.00374
,,,,8.841,0.001925
,,,,8.842,-0.00229
,,,,8.843,-0.00147
,,,,8.844,0.003572
,,,,8.845,0.003292
,,,,8.846,0.006518
,,,,8.847,-0.00485
,,,,8.848,0.008153
,,,,8.849,0.002087
,,,,8.85,0.002347
,,,,8.851,0.005195
,,,,8.852,0.004275
,,,,8.853,-0.00176
,,,,8.854,-0.00725
,,,,8.855,-0.00122
,,,,8.856,0.013153
,,,,8.857,0.005881
,,,,8.858,0.000487
,,,,8.859,0.008274
,,,,8.86,0.001901
,,,,8.861,0.008841
,,,,8.862,0.00227
,,,,8.863,0.010382
,,,,8.864,0.00536
,,,,8.865,-0.00283
,,,,8.866,-0.00762
,,,,8.867,0.008169
,,,,8.868,0.004588
,,,,8.869,-0.00298
,,,,8.87,-0.00465
,,,,8.871,0.01525
,,,,8.872,0.000784
,,,,8.873,-0.00252
,,,,8.874,0.004458
,,,,8.875,0.006545
,,,,8.876,0.012086
,,,,8.877,0.001807
,,,,8.878,-0.00048
,,,,8.879,0.006094
,,,,8.88,0.002633
,,,,8.881,-0.01031
,,,,8.882,0.006151
,,,,8.883,0.001637
,,,,8.884,0.001491
,,,,8.885,-0.00983
,,,,8.886,0.001351
,,,,8.887,0.005185
,,,,8.888,0.00649
,,,,8.889,-0.00983
,,,,8.89,0.000116
,,,,8.891,0.000407
,,,,8.892,-0.00325
,,,,8.893,-0.0047
,,,,8.894,0.007789
,,,,8.895,-0.00106
,,,,8.896,-0.00323
,,,,8.897,-0.00914
,,,,8.898,0.003492
,,,,8.899,0.012271
,,,,8.9,-0.00054
,,,,8.901,-0.0042
,,,,8.902,0.00465
,,,,8.903,0.00071
,,,,8.904,-0.00367
,,,,8.905,0.004176
,,,,8.906,0.005304
,,,,8.907,0.007369
,,,,8.908,0.000299
,,,,8.909,-0.00455
,,,,8.91,0.000351
,,,,8.911,-0.00646
,,,,8.912,-0.00187
,,,,8.913,-0.00073
,,,,8.914,0.006822
,,,,8.915,0.001678
,,,,8.916,-0.01213
,,,,8.917,-0.00443
,,,,8.918,0.002103
,,,,8.919,0.003044
,,,,8.92,-0.00519
,,,,8.921,-0.00565
,,,,8.922,0.007862
,,,,8.923,0.006194
,,,,8.924,0.004853
,,,,8.925,0.003602
,,,,8.926,0.013921
,,,,8.927,0.002879
,,,,8.928,-0.004
,,,,8.929,0.000412
,,,,8.93,0.012246
,,,,8.931,0.001211
,,,,8.932,-0.00733
,,,,8.933,0.003792
,,,,8.934,-0.00436
,,,,8.935,-0.00698
,,,,8.936,-0.01462
,,,,8.937,0.005212
,,,,8.938,0.0000479
,,,,8.939,0.007092
,,,,8.94,-0.00068
,,,,8.941,0.000804
,,,,8.942,0.009098
,,,,8.943,-0.01388
,,,,8.944,-0.00105
,,,,8.945,0.001399
,,,,8.946,-0.00187
,,,,8.947,-0.00173
,,,,8.948,-0.00288
,,,,8.949,0.005599
,,,,8.95,0.002756
,,,,8.951,-0.01379
,,,,8.952,-0.00911
,,,,8.953,0.010355
,,,,8.954,0.003876
,,,,8.955,0.010225
,,,,8.956,-0.00163
,,,,8.957,0.000646
,,,,8.958,0.004842
,,,,8.959,-0.00733
,,,,8.96,0.000627
,,,,8.961,0.012259
,,,,8.962,0.004956
,,,,8.963,-0.0087
,,,,8.964,0.001553
,,,,8.965,0.006389
,,,,8.966,0.009404
,,,,8.967,0.003749
,,,,8.968,0.005934
,,,,8.969,0.0138
,,,,8.97,-0.0089
,,,,8.971,-0.00452
,,,,8.972,0.003094
,,,,8.973,0.010758
,,,,8.974,0.002229
,,,,8.975,0.005203
,,,,8.976,0.00302
,,,,8.977,0.003723
,,,,8.978,0.000731
,,,,8.979,0.004192
,,,,8.98,0.002009
,,,,8.981,0.002607
,,,,8.982,-0.00097
,,,,8.983,-0.00615
,,,,8.984,-0.00257
,,,,8.985,0.005247
,,,,8.986,-0.00958
,,,,8.987,0.005604
,,,,8.988,0.004916
,,,,8.989,-0.00406
,,,,8.99,-0.00446
,,,,8.991,0.000692
,,,,8.992,0.009687
,,,,8.993,0.014058
,,,,8.994,-0.00694
,,,,8.995,0.008165
,,,,8.996,-0.00028
,,,,8.997,-0.00257
,,,,8.998,-0.00274
,,,,8.999,-0.00499
,,,,9,0.017554
,,,,9.001,0.007519
,,,,9.002,-0.00378
,,,,9.003,0.00424
,,,,9.004,0.015992
,,,,9.005,0.000146
,,,,9.006,-0.0053
,,,,9.007,0.007836
,,,,9.008,-0.00163
,,,,9.009,-0.00482
,,,,9.01,0.000194
,,,,9.011,-0.00879
,,,,9.012,0.014004
,,,,9.013,-0.00266
,,,,9.014,-0.00236
,,,,9.015,-0.00023
,,,,9.016,0.008036
,,,,9.017,0.007195
,,,,9.018,-0.00171
,,,,9.019,0.012412
,,,,9.02,0.003999
,,,,9.021,-0.01256
,,,,9.022,0.003601
,,,,9.023,0.005805
,,,,9.024,0.003591
,,,,9.025,-0.00471
,,,,9.026,0.001432
,,,,9.027,0.009497
,,,,9.028,0.00907
,,,,9.029,0.003587
,,,,9.03,-0.0029
,,,,9.031,0.003334
,,,,9.032,-0.00181
,,,,9.033,-0.01117
,,,,9.034,-0.00196
,,,,9.035,0.013174
,,,,9.036,0.002932
,,,,9.037,0.005506
,,,,9.038,0.007893
,,,,9.039,-0.00674
,,,,9.04,-0.01343
,,,,9.041,-0.000047
,,,,9.042,0.006688
,,,,9.043,0.002897
,,,,9.044,0.00365
,,,,9.045,0.005864
,,,,9.046,0.014042
,,,,9.047,0.0067
,,,,9.048,-0.00537
,,,,9.049,0.003063
,,,,9.05,0.00957
,,,,9.051,-0.00219
,,,,9.052,-0.00024
,,,,9.053,0.004184
,,,,9.054,0.007309
,,,,9.055,0.001309
,,,,9.056,-0.0006
,,,,9.057,0.001443
,,,,9.058,0.002491
,,,,9.059,0.00153
,,,,9.06,-0.00221
,,,,9.061,-0.00464
,,,,9.062,0.017312
,,,,9.063,-0.0066
,,,,9.064,0.008123
,,,,9.065,-0.00475
,,,,9.066,0.002033
,,,,9.067,0.003948
,,,,9.068,-0.00876
,,,,9.069,0.0000229
,,,,9.07,0.009055
,,,,9.071,0.003433
,,,,9.072,0.001406
,,,,9.073,0.006615
,,,,9.074,0.004469
,,,,9.075,0.000353
,,,,9.076,-0.00796
,,,,9.077,0.011838
,,,,9.078,-0.00132
,,,,9.079,-0.000047
,,,,9.08,0.003045
,,,,9.081,0.00069
,,,,9.082,-0.00241
,,,,9.083,-0.01091
,,,,9.084,-0.00424
,,,,9.085,0.002924
,,,,9.086,0.000706
,,,,9.087,-0.00412
,,,,9.088,0.005774
,,,,9.089,0.001879
,,,,9.09,0.000513
,,,,9.091,0.001197
,,,,9.092,-0.0041
,,,,9.093,0.00988
,,,,9.094,0.000256
,,,,9.095,-0.00062
,,,,9.096,0.012371
,,,,9.097,0.004773
,,,,9.098,-0.001
,,,,9.099,0.008734
,,,,9.1,-0.00748
,,,,9.101,0.003533
,,,,9.102,-0.00919
,,,,9.103,-0.00439
,,,,9.104,0.006943
,,,,9.105,-0.00401
,,,,9.106,0.01058
,,,,9.107,-0.00195
,,,,9.108,0.003096
,,,,9.109,-0.00654
,,,,9.11,-0.00383
,,,,9.111,-0.0006
,,,,9.112,0.011577
,,,,9.113,0.008585
,,,,9.114,-0.00417
,,,,9.115,0.004949
,,,,9.116,-0.00031
,,,,9.117,-0.00131
,,,,9.118,-0.01011
,,,,9.119,-0.00054
,,,,9.12,-0.00054
,,,,9.121,0.000963
,,,,9.122,0.001605
,,,,9.123,0.009524
,,,,9.124,0.008078
,,,,9.125,0.003862
,,,,9.126,-0.00192
,,,,9.127,-0.00456
,,,,9.128,0.011897
,,,,9.129,0.001659
,,,,9.13,-0.0079
,,,,9.131,0.002829
,,,,9.132,0.004426
,,,,9.133,-0.00625
,,,,9.134,-0.00398
,,,,9.135,0.007309
,,,,9.136,-0.00643
,,,,9.137,-0.00015
,,,,9.138,-0.00236
,,,,9.139,-0.00046
,,,,9.14,-0.00224
,,,,9.141,-0.00147
,,,,9.142,0.003908
,,,,9.143,0.010588
,,,,9.144,0.003261
,,,,9.145,0.004465
,,,,9.146,-0.00687
,,,,9.147,0.005809
,,,,9.148,0.001501
,,,,9.149,-0.0036
,,,,9.15,-0.00563
,,,,9.151,0.00399
,,,,9.152,0.001595
,,,,9.153,-0.00348
,,,,9.154,-0.00619
,,,,9.155,0.009238
,,,,9.156,0.003524
,,,,9.157,-0.00636
,,,,9.158,-0.00017
,,,,9.159,0.002983
,,,,9.16,0.003887
,,,,9.161,-0.00519
,,,,9.162,-0.00022
,,,,9.163,0.009252
,,,,9.164,0.006145
,,,,9.165,0.000448
,,,,9.166,0.004441
,,,,9.167,-0.00717
,,,,9.168,0.005215
,,,,9.169,0.000355
,,,,9.17,-0.00431
,,,,9.171,0.008976
,,,,9.172,0.003366
,,,,9.173,-0.0078
,,,,9.174,0.006072
,,,,9.175,0.003722
,,,,9.176,-0.01296
,,,,9.177,-0.00381
,,,,9.178,0.003336
,,,,9.179,0.004503
,,,,9.18,-0.00253
,,,,9.181,-0.01027
,,,,9.182,0.007469
,,,,9.183,-0.0017
,,,,9.184,-0.00599
,,,,9.185,0.000177
,,,,9.186,-0.000094
,,,,9.187,-0.0045
,,,,9.188,0.005622
,,,,9.189,0.000968
,,,,9.19,0.00441
,,,,9.191,-0.00303
,,,,9.192,-0.00003
,,,,9.193,0.00091
,,,,9.194,0.006014
,,,,9.195,0.014348
,,,,9.196,-0.00178
,,,,9.197,0.003139
,,,,9.198,0.004646
,,,,9.199,-0.00722
,,,,9.2,-0.00295
,,,,9.201,0.005372
,,,,9.202,-0.00228
,,,,9.203,-0.00386
,,,,9.204,0.005023
,,,,9.205,-0.00321
,,,,9.206,0.003395
,,,,9.207,0.006964
,,,,9.208,-0.00143
,,,,9.209,-0.00284
,,,,9.21,-0.00126
,,,,9.211,0.007363
,,,,9.212,-0.00018
,,,,9.213,-0.00427
,,,,9.214,-0.00195
,,,,9.215,0.00637
,,,,9.216,0.000798
,,,,9.217,0.0000803
,,,,9.218,0.000213
,,,,9.219,-0.00333
,,,,9.22,0.009014
,,,,9.221,0.007425
,,,,9.222,0.000062
,,,,9.223,-0.00689
,,,,9.224,0.006143
,,,,9.225,-0.00226
,,,,9.226,-0.00076
,,,,9.227,-0.01252
,,,,9.228,0.006435
,,,,9.229,0.002571
,,,,9.23,0.004517
,,,,9.231,-0.00261
,,,,9.232,0.005639
,,,,9.233,0.004415
,,,,9.234,-0.00048
,,,,9.235,-0.00574
,,,,9.236,0.000792
,,,,9.237,0.005246
,,,,9.238,-0.01096
,,,,9.239,0.007607
,,,,9.24,0.007316
,,,,9.241,-0.00245
,,,,9.242,-0.00219
,,,,9.243,-0.00561
,,,,9.244,0.002349
,,,,9.245,-0.00396
,,,,9.246,-0.00165
,,,,9.247,0.005646
,,,,9.248,0.006544
,,,,9.249,-0.00536
,,,,9.25,-0.01022
,,,,9.251,0.001652
,,,,9.252,0.002946
,,,,9.253,-0.00254
,,,,9.254,-0.0107
,,,,9.255,0.004459
,,,,9.256,0.009906
,,,,9.257,-0.00144
,,,,9.258,-0.008
,,,,9.259,0.004828
,,,,9.26,0.003342
,,,,9.261,-0.00508
,,,,9.262,-0.00391
,,,,9.263,0.010096
,,,,9.264,-0.00354
,,,,9.265,0.005717
,,,,9.266,-0.01039
,,,,9.267,0.009387
,,,,9.268,0.010771
,,,,9.269,-0.0036
,,,,9.27,-0.0092
,,,,9.271,0.003061
,,,,9.272,-0.00291
,,,,9.273,0.005756
,,,,9.274,0.001385
,,,,9.275,0.011952
,,,,9.276,0.003885
,,,,9.277,-0.0039
,,,,9.278,0.003313
,,,,9.279,0.009777
,,,,9.28,0.01222
,,,,9.281,-0.00317
,,,,9.282,-0.00519
,,,,9.283,0.006915
,,,,9.284,0.000867
,,,,9.285,-0.00582
,,,,9.286,-0.00582
,,,,9.287,0.006714
,,,,9.288,-0.00735
,,,,9.289,-0.01395
,,,,9.29,0.006634
,,,,9.291,0.010326
,,,,9.292,0.000687
,,,,9.293,0.006224
,,,,9.294,0.003349
,,,,9.295,0.003036
,,,,9.296,-0.00028
,,,,9.297,-0.01046
,,,,9.298,0.007975
,,,,9.299,0.002011
,,,,9.3,0.001214
,,,,9.301,-0.01066
,,,,9.302,0.003675
,,,,9.303,0.004723
,,,,9.304,-0.02003
,,,,9.305,-0.0071
,,,,9.306,0.006874
,,,,9.307,0.000866
,,,,9.308,0.000337
,,,,9.309,-0.0065
,,,,9.31,0.001237
,,,,9.311,-0.00262
,,,,9.312,-0.00664
,,,,9.313,-0.01179
,,,,9.314,0.007531
,,,,9.315,-0.00058
,,,,9.316,-0.0119
,,,,9.317,0.009653
,,,,9.318,0.002233
,,,,9.319,0.006415
,,,,9.32,0.000818
,,,,9.321,0.011393
,,,,9.322,0.00499
,,,,9.323,0.003064
,,,,9.324,-0.00288
,,,,9.325,0.00635
,,,,9.326,0.003867
,,,,9.327,0.003647
,,,,9.328,-0.00569
,,,,9.329,-0.0005
,,,,9.33,0.00765
,,,,9.331,-0.00614
,,,,9.332,0.002326
,,,,9.333,0.005554
,,,,9.334,0.005137
,,,,9.335,-0.01051
,,,,9.336,-0.00588
,,,,9.337,0.004539
,,,,9.338,-0.00189
,,,,9.339,-0.00541
,,,,9.34,-0.00034
,,,,9.341,-0.00237
,,,,9.342,0.001069
,,,,9.343,-0.01001
,,,,9.344,-0.00451
,,,,9.345,0.004862
,,,,9.346,0.005573
,,,,9.347,-0.00456
,,,,9.348,0.001787
,,,,9.349,0.013264
,,,,9.35,0.00221
,,,,9.351,-0.00318
,,,,9.352,-0.00172
,,,,9.353,-0.00323
,,,,9.354,0.006543
,,,,9.355,-0.00168
,,,,9.356,0.002275
,,,,9.357,0.003928
,,,,9.358,-0.00227
,,,,9.359,-0.00525
,,,,9.36,0.013793
,,,,9.361,-0.00128
,,,,9.362,-0.00882
,,,,9.363,-0.00745
,,,,9.364,0.00528
,,,,9.365,0.00453
,,,,9.366,0.006361
,,,,9.367,0.004174
,,,,9.368,0.007247
,,,,9.369,-0.00371
,,,,9.37,0.002191
,,,,9.371,0.004638
,,,,9.372,0.011398
,,,,9.373,0.003484
,,,,9.374,-0.0121
,,,,9.375,-0.00027
,,,,9.376,0.000896
,,,,9.377,0.004078
,,,,9.378,-0.00025
,,,,9.379,-0.00577
,,,,9.38,-0.00038
,,,,9.381,0.000425
,,,,9.382,0.002173
,,,,9.383,0.003977
,,,,9.384,0.013893
,,,,9.385,-0.00562
,,,,9.386,-0.00701
,,,,9.387,0.004591
,,,,9.388,0.012113
,,,,9.389,0.002183
,,,,9.39,-0.00063
,,,,9.391,-0.00789
,,,,9.392,0.002503
,,,,9.393,0.0000831
,,,,9.394,-0.0066
,,,,9.395,-0.00766
,,,,9.396,-0.00245
,,,,9.397,-0.00911
,,,,9.398,-0.00612
,,,,9.399,0.001994
,,,,9.4,0.009851
,,,,9.401,-0.01109
,,,,9.402,0.003739
,,,,9.403,0.009118
,,,,9.404,0.006173
,,,,9.405,0.000173
,,,,9.406,0.002496
,,,,9.407,0.009941
,,,,9.408,0.008861
,,,,9.409,0.002173
,,,,9.41,0.008396
,,,,9.411,0.002983
,,,,9.412,0.002129
,,,,9.413,-0.00845
,,,,9.414,-0.0007
,,,,9.415,0.00014
,,,,9.416,0.01052
,,,,9.417,-0.00194
,,,,9.418,-0.00238
,,,,9.419,0.004939
,,,,9.42,0.006234
,,,,9.421,-0.00383
,,,,9.422,-0.0025
,,,,9.423,0.007682
,,,,9.424,0.011794
,,,,9.425,-0.01204
,,,,9.426,0.008395
,,,,9.427,0.01015
,,,,9.428,-0.00596
,,,,9.429,0.003188
,,,,9.43,0.002713
,,,,9.431,0.00469
,,,,9.432,-0.00603
,,,,9.433,0.008988
,,,,9.434,0.011553
,,,,9.435,0.00867
,,,,9.436,-0.00646
,,,,9.437,0.000374
,,,,9.438,0.010505
,,,,9.439,0.005841
,,,,9.44,0.001127
,,,,9.441,-0.00841
,,,,9.442,0.003165
,,,,9.443,0.002754
,,,,9.444,-0.00596
,,,,9.445,-0.00037
,,,,9.446,0.012254
,,,,9.447,0.000741
,,,,9.448,-0.00697
,,,,9.449,0.001486
,,,,9.45,0.006808
,,,,9.451,0.009114
,,,,9.452,-0.00035
,,,,9.453,0.004857
,,,,9.454,0.011958
,,,,9.455,-0.00382
,,,,9.456,0.006177
,,,,9.457,-0.00192
,,,,9.458,0.003716
,,,,9.459,-0.00671
,,,,9.46,0.003023
,,,,9.461,-0.00622
,,,,9.462,0.012346
,,,,9.463,0.002213
,,,,9.464,0.003666
,,,,9.465,0.006549
,,,,9.466,-0.00037
,,,,9.467,0.01132
,,,,9.468,-0.0037
,,,,9.469,-0.00647
,,,,9.47,0.012938
,,,,9.471,-0.00756
,,,,9.472,-0.00622
,,,,9.473,-0.00133
,,,,9.474,0.002484
,,,,9.475,0.002232
,,,,9.476,-0.00039
,,,,9.477,-0.00066
,,,,9.478,0.000167
,,,,9.479,-0.00265
,,,,9.48,-0.00435
,,,,9.481,0.009302
,,,,9.482,0.0077
,,,,9.483,-0.00642
,,,,9.484,-0.0019
,,,,9.485,0.01018
,,,,9.486,0.002014
,,,,9.487,0.003103
,,,,9.488,0.007579
,,,,9.489,0.011202
,,,,9.49,-0.00079
,,,,9.491,-0.00625
,,,,9.492,0.001361
,,,,9.493,0.008337
,,,,9.494,-0.01179
,,,,9.495,0.006733
,,,,9.496,0.006625
,,,,9.497,0.006397
,,,,9.498,-0.00864
,,,,9.499,0.006028
,,,,9.5,0.002644
,,,,9.501,-0.00331
,,,,9.502,0.005785
,,,,9.503,0.000104
,,,,9.504,0.007162
,,,,9.505,0.0091
,,,,9.506,-0.0025
,,,,9.507,-0.01284
,,,,9.508,0.009532
,,,,9.509,-0.01074
,,,,9.51,0.011836
,,,,9.511,0.005713
,,,,9.512,-0.00249
,,,,9.513,0.001232
,,,,9.514,0.004403
,,,,9.515,-0.00783
,,,,9.516,0.007563
,,,,9.517,-0.00564
,,,,9.518,-0.01321
,,,,9.519,0.005201
,,,,9.52,0.006138
,,,,9.521,0.003868
,,,,9.522,-0.00323
,,,,9.523,0.016228
,,,,9.524,0.006831
,,,,9.525,-0.00373
,,,,9.526,-0.01016
,,,,9.527,0.004308
,,,,9.528,0.000804
,,,,9.529,0.006513
,,,,9.53,0.001824
,,,,9.531,-0.00254
,,,,9.532,0.000242
,,,,9.533,-0.0069
,,,,9.534,0.002923
,,,,9.535,0.012412
,,,,9.536,0.005899
,,,,9.537,-0.00682
,,,,9.538,0.003372
,,,,9.539,0.000274
,,,,9.54,0.00877
,,,,9.541,0.005681
,,,,9.542,-0.00055
,,,,9.543,0.007449
,,,,9.544,-0.00248
,,,,9.545,-0.00189
,,,,9.546,-0.00067
,,,,9.547,0.002239
,,,,9.548,-0.00622
,,,,9.549,-0.00662
,,,,9.55,0.006792
,,,,9.551,0.001122
,,,,9.552,0.000652
,,,,9.553,-0.00298
,,,,9.554,-0.00526
,,,,9.555,0.005631
,,,,9.556,-0.01046
,,,,9.557,0.001477
,,,,9.558,0.00229
,,,,9.559,0.006639
,,,,9.56,-0.00074
,,,,9.561,0.007994
,,,,9.562,0.00409
,,,,9.563,0.005539
,,,,9.564,0.007621
,,,,9.565,-0.00778
,,,,9.566,0.001486
,,,,9.567,0.008613
,,,,9.568,-0.01403
,,,,9.569,-0.00039
,,,,9.57,0.0000322
,,,,9.571,-0.0055
,,,,9.572,-0.00637
,,,,9.573,0.010986
,,,,9.574,0.0000446
,,,,9.575,0.001942
,,,,9.576,-0.00992
,,,,9.577,0.003117
,,,,9.578,0.005047
,,,,9.579,0.009998
,,,,9.58,-0.01189
,,,,9.581,0.00689
,,,,9.582,0.006006
,,,,9.583,0.003884
,,,,9.584,-0.00862
,,,,9.585,0.004874
,,,,9.586,0.00448
,,,,9.587,-0.00756
,,,,9.588,-0.00366
,,,,9.589,0.005945
,,,,9.59,0.003812
,,,,9.591,0.002265
,,,,9.592,0.009582
,,,,9.593,0.005958
,,,,9.594,0.001471
,,,,9.595,-0.01258
,,,,9.596,-0.00158
,,,,9.597,0.004783
,,,,9.598,-0.0009
,,,,9.599,-0.00488
,,,,9.6,0.000455
,,,,9.601,0.007342
,,,,9.602,0.010325
,,,,9.603,0.004419
,,,,9.604,0.007999
,,,,9.605,0.013046
,,,,9.606,0.002306
,,,,9.607,-0.00368
,,,,9.608,0.009472
,,,,9.609,0.006866
,,,,9.61,0.000959
,,,,9.611,-0.00879
,,,,9.612,-0.00637
,,,,9.613,0.012648
,,,,9.614,-0.0104
,,,,9.615,-0.00697
,,,,9.616,0.000995
,,,,9.617,-0.00264
,,,,9.618,0.002555
,,,,9.619,-0.00164
,,,,9.62,-0.00356
,,,,9.621,0.009272
,,,,9.622,-0.00674
,,,,9.623,0.005939
,,,,9.624,0.012472
,,,,9.625,0.003116
,,,,9.626,-0.00347
,,,,9.627,0.004564
,,,,9.628,0.002733
,,,,9.629,0.000555
,,,,9.63,-0.00488
,,,,9.631,-0.00254
,,,,9.632,0.017307
,,,,9.633,0.006427
,,,,9.634,-0.00214
,,,,9.635,0.004025
,,,,9.636,0.007933
,,,,9.637,-0.00145
,,,,9.638,-0.00438
,,,,9.639,-0.0094
,,,,9.64,0.006248
,,,,9.641,0.007106
,,,,9.642,-0.00822
,,,,9.643,-0.01232
,,,,9.644,0.003137
,,,,9.645,0.003315
,,,,9.646,0.000858
,,,,9.647,0.016172
,,,,9.648,0.003458
,,,,9.649,0.00327
,,,,9.65,-0.0062
,,,,9.651,0.000526
,,,,9.652,0.005511
,,,,9.653,0.005458
,,,,9.654,-0.00269
,,,,9.655,0.005886
,,,,9.656,0.001445
,,,,9.657,-0.00337
,,,,9.658,-0.00946
,,,,9.659,0.007197
,,,,9.66,0.005108
,,,,9.661,-0.00263
,,,,9.662,-0.00145
,,,,9.663,0.001928
,,,,9.664,0.00047
,,,,9.665,-0.00643
,,,,9.666,0.001956
,,,,9.667,0.011103
,,,,9.668,0.001155
,,,,9.669,-0.0044
,,,,9.67,0.005821
,,,,9.671,0.004154
,,,,9.672,0.005322
,,,,9.673,-0.00332
,,,,9.674,-0.0042
,,,,9.675,0.012785
,,,,9.676,0.001817
,,,,9.677,-0.0051
,,,,9.678,0.001946
,,,,9.679,0.000414
,,,,9.68,-0.00018
,,,,9.681,0.002216
,,,,9.682,-0.00148
,,,,9.683,0.006059
,,,,9.684,0.001456
,,,,9.685,0.007817
,,,,9.686,0.007098
,,,,9.687,0.002652
,,,,9.688,0.0000294
,,,,9.689,0.007318
,,,,9.69,0.010817
,,,,9.691,0.0000718
,,,,9.692,-0.01029
,,,,9.693,-0.00383
,,,,9.694,-0.00152
,,,,9.695,0.005163
,,,,9.696,0.001537
,,,,9.697,0.004736
,,,,9.698,0.011059
,,,,9.699,0.002152
,,,,9.7,-0.00406
,,,,9.701,-0.00182
,,,,9.702,0.012849
,,,,9.703,-0.00073
,,,,9.704,-0.00164
,,,,9.705,0.001535
,,,,9.706,0.002363
,,,,9.707,0.004798
,,,,9.708,-0.00097
,,,,9.709,-0.01156
,,,,9.71,0.003987
,,,,9.711,-0.00306
,,,,9.712,-0.01708
,,,,9.713,0.003421
,,,,9.714,0.002646
,,,,9.715,-0.00012
,,,,9.716,-0.00478
,,,,9.717,0.004783
,,,,9.718,0.005871
,,,,9.719,0.006566
,,,,9.72,-0.00453
,,,,9.721,0.005964
,,,,9.722,-0.00134
,,,,9.723,-0.00561
,,,,9.724,-0.00503
,,,,9.725,0.00409
,,,,9.726,0.009884
,,,,9.727,-0.00372
,,,,9.728,-0.00542
,,,,9.729,0.009711
,,,,9.73,0.001558
,,,,9.731,-0.00332
,,,,9.732,0.006986
,,,,9.733,0.00221
,,,,9.734,0.003051
,,,,9.735,-0.00095
,,,,9.736,-0.00889
,,,,9.737,0.011318
,,,,9.738,0.002197
,,,,9.739,-0.0111
,,,,9.74,0.001669
,,,,9.741,0.007595
,,,,9.742,-0.00756
,,,,9.743,-0.00363
,,,,9.744,0.00542
,,,,9.745,0.011594
,,,,9.746,0.005537
,,,,9.747,-0.00268
,,,,9.748,-0.00245
,,,,9.749,-0.00431
,,,,9.75,-0.00322
,,,,9.751,-0.00537
,,,,9.752,0.011259
,,,,9.753,0.008444
,,,,9.754,-0.00108
,,,,9.755,0.007398
,,,,9.756,0.006958
,,,,9.757,0.005246
,,,,9.758,-0.00785
,,,,9.759,-0.00625
,,,,9.76,0.007934
,,,,9.761,0.003412
,,,,9.762,-0.00362
,,,,9.763,-0.00102
,,,,9.764,0.011156
,,,,9.765,0.002045
,,,,9.766,-0.00067
,,,,9.767,0.001461
,,,,9.768,-0.00466
,,,,9.769,0.005151
,,,,9.77,0.000261
,,,,9.771,-0.0071
,,,,9.772,0.009488
,,,,9.773,-0.01093
,,,,9.774,0.003214
,,,,9.775,0.005987
,,,,9.776,-0.00436
,,,,9.777,-0.01116
,,,,9.778,-0.00432
,,,,9.779,0.007798
,,,,9.78,0.002986
,,,,9.781,-0.00679
,,,,9.782,-0.01085
,,,,9.783,-0.00437
,,,,9.784,0.008807
,,,,9.785,-0.00175
,,,,9.786,0.000436
,,,,9.787,-0.00349
,,,,9.788,0.007533
,,,,9.789,-0.00927
,,,,9.79,0.000734
,,,,9.791,-0.00277
,,,,9.792,0.008105
,,,,9.793,-0.00643
,,,,9.794,-0.00509
,,,,9.795,0.001432
,,,,9.796,0.004587
,,,,9.797,-0.0085
,,,,9.798,0.004442
,,,,9.799,0.010671
,,,,9.8,0.000766
,,,,9.801,-0.00468
,,,,9.802,-0.00509
,,,,9.803,0.011645
,,,,9.804,0.002396
,,,,9.805,-0.00702
,,,,9.806,-0.00393
,,,,9.807,0.014669
,,,,9.808,-0.0097
,,,,9.809,0.004235
,,,,9.81,0.000745
,,,,9.811,0.002751
,,,,9.812,0.005419
,,,,9.813,0.000536
,,,,9.814,-0.00151
,,,,9.815,0.006891
,,,,9.816,0.005768
,,,,9.817,-0.00326
,,,,9.818,-0.00114
,,,,9.819,-0.00069
,,,,9.82,0.003514
,,,,9.821,0.004825
,,,,9.822,0.001335
,,,,9.823,0.002796
,,,,9.824,0.004764
,,,,9.825,-0.00432
,,,,9.826,0.006644
,,,,9.827,0.007109
,,,,9.828,-0.00757
,,,,9.829,-0.00649
,,,,9.83,0.012709
,,,,9.831,0.004907
,,,,9.832,-0.00517
,,,,9.833,-0.00651
,,,,9.834,0.004979
,,,,9.835,0.004135
,,,,9.836,-0.00226
,,,,9.837,-0.00309
,,,,9.838,0.005149
,,,,9.839,0.003541
,,,,9.84,0.000621
,,,,9.841,0.010523
,,,,9.842,0.006929
,,,,9.843,-0.00503
,,,,9.844,-0.00755
,,,,9.845,0.010446
,,,,9.846,-0.00858
,,,,9.847,0.005873
,,,,9.848,0.001824
,,,,9.849,-0.00929
,,,,9.85,0.000496
,,,,9.851,-0.00117
,,,,9.852,-0.00352
,,,,9.853,-0.00126
,,,,9.854,0.007094
,,,,9.855,0.001679
,,,,9.856,-0.0116
,,,,9.857,0.0013
,,,,9.858,0.002198
,,,,9.859,-0.00112
,,,,9.86,0.003082
,,,,9.861,0.005825
,,,,9.862,0.002403
,,,,9.863,-0.00621
,,,,9.864,0.003205
,,,,9.865,0.005069
,,,,9.866,0.001155
,,,,9.867,-0.00592
,,,,9.868,0.000922
,,,,9.869,-0.001
,,,,9.87,-0.00454
,,,,9.871,-0.00721
,,,,9.872,0.009415
,,,,9.873,0.009035
,,,,9.874,-0.00917
,,,,9.875,-0.00172
,,,,9.876,0.003448
,,,,9.877,0.004051
,,,,9.878,0.002472
,,,,9.879,-0.00337
,,,,9.88,-0.00625
,,,,9.881,0.009036
,,,,9.882,-0.00555
,,,,9.883,-0.00145
,,,,9.884,0.004067
,,,,9.885,0.004105
,,,,9.886,0.005197
,,,,9.887,0.001979
,,,,9.888,-0.00138
,,,,9.889,0.011954
,,,,9.89,-0.0076
,,,,9.891,0.005486
,,,,9.892,0.003968
,,,,9.893,0.009298
,,,,9.894,-0.00992
,,,,9.895,0.000205
,,,,9.896,0.012653
,,,,9.897,-0.00435
,,,,9.898,0.005481
,,,,9.899,0.01309
,,,,9.9,0.004117
,,,,9.901,0.007624
,,,,9.902,-0.00754
,,,,9.903,0.001711
,,,,9.904,0.000548
,,,,9.905,-0.00774
,,,,9.906,-0.00704
,,,,9.907,-0.00276
,,,,9.908,0.00539
,,,,9.909,0.007943
,,,,9.91,0.00731
,,,,9.911,0.00297
,,,,9.912,-0.00168
,,,,9.913,-0.00461
,,,,9.914,-0.00588
,,,,9.915,0.005645
,,,,9.916,0.012533
,,,,9.917,-0.00278
,,,,9.918,-0.00662
,,,,9.919,0.006965
,,,,9.92,0.007641
,,,,9.921,0.015448
,,,,9.922,-0.00089
,,,,9.923,0.00753
,,,,9.924,0.001386
,,,,9.925,-0.00713
,,,,9.926,0.001245
,,,,9.927,0.008931
,,,,9.928,0.005017
,,,,9.929,-0.01085
,,,,9.93,-0.00411
,,,,9.931,0.004438
,,,,9.932,-0.00147
,,,,9.933,-0.00152
,,,,9.934,0.002009
,,,,9.935,-0.00734
,,,,9.936,0.010479
,,,,9.937,-0.01383
,,,,9.938,0.000283
,,,,9.939,0.000475
,,,,9.94,-0.00087
,,,,9.941,-0.00316
,,,,9.942,0.001974
,,,,9.943,0.004588
,,,,9.944,-0.00488
,,,,9.945,-0.00265
,,,,9.946,0.005037
,,,,9.947,0.006946
,,,,9.948,-0.00784
,,,,9.949,-0.0011
,,,,9.95,0.010425
,,,,9.951,-0.00085
,,,,9.952,0.012689
,,,,9.953,-0.006
,,,,9.954,0.00603
,,,,9.955,0.012143
,,,,9.956,-0.00274
,,,,9.957,0.002584
,,,,9.958,0.006036
,,,,9.959,-0.00237
,,,,9.96,-0.00176
,,,,9.961,0.007572
,,,,9.962,0.00029
,,,,9.963,0.00203
,,,,9.964,-0.00514
,,,,9.965,-0.00179
,,,,9.966,0.001309
,,,,9.967,-0.00045
,,,,9.968,-0.00547
,,,,9.969,0.008086
,,,,9.97,0.00908
,,,,9.971,0.003758
,,,,9.972,0.001057
,,,,9.973,0.002033
,,,,9.974,0.004581
,,,,9.975,-0.00084
,,,,9.976,-0.00767
,,,,9.977,0.004829
,,,,9.978,0.001951
,,,,9.979,-0.000041
,,,,9.98,-0.014
,,,,9.981,0.002604
,,,,9.982,0.007227
,,,,9.983,-0.00631
,,,,9.984,-0.00403
,,,,9.985,0.001564
,,,,9.986,0.002558
,,,,9.987,-0.00865
,,,,9.988,0.006133
,,,,9.989,0.004941
,,,,9.99,0.002602
,,,,9.991,-0.00653
,,,,9.992,0.001051
,,,,9.993,-0.00074
,,,,9.994,0.004431
,,,,9.995,-0.00378
,,,,9.996,-0.00584
,,,,9.997,0.005785
,,,,9.998,-0.00042
,,,,9.999,0.000903
,,,,10,0.006704
,,,,10.001,0.008781
,,,,10.002,0.002193
,,,,10.003,-0.00264
,,,,10.004,0.0103
,,,,10.005,0.015908
,,,,10.006,0.005498
,,,,10.007,-0.01053
,,,,10.008,0.008994
,,,,10.009,0.00123
,,,,10.01,0.000284
,,,,10.011,-0.00039
,,,,10.012,0.001469
,,,,10.013,0.003514
,,,,10.014,0.004782
,,,,10.015,-0.00841
,,,,10.016,0.008956
,,,,10.017,-0.00308
,,,,10.018,-0.00407
,,,,10.019,0.004069
,,,,10.02,0.011286
,,,,10.021,0.001978
,,,,10.022,0.00086
,,,,10.023,-0.00902
,,,,10.024,0.005668
,,,,10.025,-0.00351
,,,,10.026,-0.00746
,,,,10.027,0.000882
,,,,10.028,0.014708
,,,,10.029,-0.00583
,,,,10.03,0.004419
,,,,10.031,0.003809
,,,,10.032,0.000458
,,,,10.033,0.000705
,,,,10.034,-0.00024
,,,,10.035,0.004337
,,,,10.036,0.010572
,,,,10.037,-0.01195
,,,,10.038,-0.01212
,,,,10.039,0.000385
,,,,10.04,0.000187
,,,,10.041,-0.00258
,,,,10.042,-0.00211
,,,,10.043,-0.00083
,,,,10.044,0.016202
,,,,10.045,-0.00948
,,,,10.046,-0.0027
,,,,10.047,0.004276
,,,,10.048,-0.00263
,,,,10.049,-0.0028
,,,,10.05,-0.00482
,,,,10.051,0.009413
,,,,10.052,-0.0017
,,,,10.053,-0.01171
,,,,10.054,-0.0035
,,,,10.055,0.003468
,,,,10.056,0.001911
,,,,10.057,0.002044
,,,,10.058,-0.01036
,,,,10.059,0.004779
,,,,10.06,0.00125
,,,,10.061,0.003261
,,,,10.062,0.006031
,,,,10.063,0.015153
,,,,10.064,0.006627
,,,,10.065,-0.0042
,,,,10.066,-0.01016
,,,,10.067,0.006723
,,,,10.068,0.000394
,,,,10.069,-0.00038
,,,,10.07,0.003145
,,,,10.071,0.006631
,,,,10.072,0.002724
,,,,10.073,-0.00817
,,,,10.074,0.001753
,,,,10.075,-0.00472
,,,,10.076,0.005155
,,,,10.077,-0.00409
,,,,10.078,0.004454
,,,,10.079,0.010877
,,,,10.08,-0.00989
,,,,10.081,-0.00138
,,,,10.082,0.015458
,,,,10.083,0.004415
,,,,10.084,-0.00175
,,,,10.085,0.017139
,,,,10.086,0.004705
,,,,10.087,0.01038
,,,,10.088,-0.00383
,,,,10.089,-0.00871
,,,,10.09,0.004919
,,,,10.091,-0.00261
,,,,10.092,-0.01353
,,,,10.093,0.00655
,,,,10.094,0.015765
,,,,10.095,-0.00423
,,,,10.096,-0.0059
,,,,10.097,0.005407
,,,,10.098,0.007717
,,,,10.099,0.00693
,,,,10.1,-0.00185
,,,,10.101,0.000418
,,,,10.102,0.008757
,,,,10.103,0.002252
,,,,10.104,-0.00152
,,,,10.105,0.000822
,,,,10.106,-0.00063
,,,,10.107,-0.00808
,,,,10.108,0.001273
,,,,10.109,-0.00122
,,,,10.11,0.013079
,,,,10.111,0.005881
,,,,10.112,-0.00464
,,,,10.113,-0.00032
,,,,10.114,0.008425
,,,,10.115,-0.00296
,,,,10.116,-0.00283
,,,,10.117,0.00996
,,,,10.118,0.005968
,,,,10.119,-0.00214
,,,,10.12,-0.0044
,,,,10.121,-0.00031
,,,,10.122,-0.00149
,,,,10.123,-0.00421
,,,,10.124,0.005223
,,,,10.125,0.013256
,,,,10.126,0.008378
,,,,10.127,-0.00096
,,,,10.128,0.006109
,,,,10.129,0.005808
,,,,10.13,0.00076
,,,,10.131,-0.00211
,,,,10.132,0.009417
,,,,10.133,0.00126
,,,,10.134,0.003756
,,,,10.135,-0.00286
,,,,10.136,-0.00261
,,,,10.137,0.014278
,,,,10.138,-0.00281
,,,,10.139,0.004082
,,,,10.14,0.001005
,,,,10.141,0.004599
,,,,10.142,0.000891
,,,,10.143,-0.00189
,,,,10.144,-0.01155
,,,,10.145,0.007196
,,,,10.146,0.000561
,,,,10.147,-0.00246
,,,,10.148,-0.00185
,,,,10.149,0.001485
,,,,10.15,0.002205
,,,,10.151,-0.00406
,,,,10.152,-0.00293
,,,,10.153,0.0000829
,,,,10.154,-0.00293
,,,,10.155,0.004218
,,,,10.156,0.004489
,,,,10.157,-0.0076
,,,,10.158,-0.01302
,,,,10.159,-0.00031
,,,,10.16,0.012028
,,,,10.161,0.00145
,,,,10.162,-0.00671
,,,,10.163,0.001676
,,,,10.164,0.000198
,,,,10.165,0.001566
,,,,10.166,-0.00454
,,,,10.167,-0.00224
,,,,10.168,0.009491
,,,,10.169,0.003717
,,,,10.17,-0.00467
,,,,10.171,0.010504
,,,,10.172,0.00872
,,,,10.173,0.000798
,,,,10.174,-0.00299
,,,,10.175,0.001868
,,,,10.176,0.001859
,,,,10.177,-0.00385
,,,,10.178,-0.00409
,,,,10.179,-0.00115
,,,,10.18,0.003833
,,,,10.181,-0.00332
,,,,10.182,0.0000457
,,,,10.183,0.001916
,,,,10.184,0.003968
,,,,10.185,-0.00514
,,,,10.186,-0.00142
,,,,10.187,0.008848
,,,,10.188,-0.00157
,,,,10.189,-0.00566
,,,,10.19,-0.00322
,,,,10.191,0.003379
,,,,10.192,-0.00481
,,,,10.193,0.00048
,,,,10.194,0.000707
,,,,10.195,0.000451
,,,,10.196,-0.00033
,,,,10.197,0.00369
,,,,10.198,-0.00496
,,,,10.199,0.011573
,,,,10.2,-0.00143
,,,,10.201,-0.00835
,,,,10.202,0.001602
,,,,10.203,0.013273
,,,,10.204,0.001517
,,,,10.205,-0.00698
,,,,10.206,-0.00277
,,,,10.207,0.00731
,,,,10.208,0.005317
,,,,10.209,-0.00575
,,,,10.21,0.009763
,,,,10.211,0.017532
,,,,10.212,0.00208
,,,,10.213,-0.00421
,,,,10.214,0.010956
,,,,10.215,0.004477
,,,,10.216,-0.00834
,,,,10.217,0.005486
,,,,10.218,0.009068
,,,,10.219,0.000842
,,,,10.22,-0.00228
,,,,10.221,-0.00503
,,,,10.222,0.001294
,,,,10.223,-0.00171
,,,,10.224,0.003368
,,,,10.225,0.003015
,,,,10.226,0.008015
,,,,10.227,0.006713
,,,,10.228,-0.0026
,,,,10.229,-0.00444
,,,,10.23,0.012686
,,,,10.231,0.012795
,,,,10.232,-0.00729
,,,,10.233,0.007913
,,,,10.234,-0.00518
,,,,10.235,0.002
,,,,10.236,-0.00944
,,,,10.237,0.00488
,,,,10.238,0.006315
,,,,10.239,-0.00369
,,,,10.24,0.000761
,,,,10.241,0.011555
,,,,10.242,-0.00053
,,,,10.243,-0.00483
,,,,10.244,-0.0019
,,,,10.245,-0.00321
,,,,10.246,0.001453
,,,,10.247,0.002979
,,,,10.248,-0.00703
,,,,10.249,0.000939
,,,,10.25,0.002051
,,,,10.251,0.000952
,,,,10.252,0.009778
,,,,10.253,-0.00068
,,,,10.254,0.006285
,,,,10.255,-0.00527
,,,,10.256,-0.00103
,,,,10.257,0.014974
,,,,10.258,-0.00833
,,,,10.259,-0.00834
,,,,10.26,-0.0011
,,,,10.261,-0.000024
,,,,10.262,-0.00039
,,,,10.263,0.010828
,,,,10.264,0.001944
,,,,10.265,0.008382
,,,,10.266,0.006193
,,,,10.267,-0.00859
,,,,10.268,0.012452
,,,,10.269,-0.00147
,,,,10.27,-0.00548
,,,,10.271,-0.00217
,,,,10.272,0.003731
,,,,10.273,-0.00017
,,,,10.274,0.006634
,,,,10.275,-0.00869
,,,,10.276,0.002355
,,,,10.277,0.010206
,,,,10.278,-0.00303
,,,,10.279,-0.00043
,,,,10.28,-0.00468
,,,,10.281,0.002577
,,,,10.282,0.000868
,,,,10.283,0.001972
,,,,10.284,0.000932
,,,,10.285,0.007065
,,,,10.286,0.001108
,,,,10.287,0.009439
,,,,10.288,0.0000851
,,,,10.289,-0.00058
,,,,10.29,-0.00245
,,,,10.291,-0.00312
,,,,10.292,0.008019
,,,,10.293,-0.00212
,,,,10.294,-0.00201
,,,,10.295,0.003382
,,,,10.296,0.009417
,,,,10.297,0.007503
,,,,10.298,0.002266
,,,,10.299,0.00661
,,,,10.3,0.00314
,,,,10.301,-0.00814
,,,,10.302,-0.00543
,,,,10.303,-0.00526
,,,,10.304,0.014405
,,,,10.305,0.001132
,,,,10.306,-0.00841
,,,,10.307,0.002361
,,,,10.308,0.01443
,,,,10.309,-0.00346
,,,,10.31,0.002269
,,,,10.311,-0.0043
,,,,10.312,0.0000198
,,,,10.313,0.000971
,,,,10.314,-0.00522
,,,,10.315,0.011907
,,,,10.316,-0.00141
,,,,10.317,-0.00271
,,,,10.318,0.004786
,,,,10.319,0.018482
,,,,10.32,0.008828
,,,,10.321,-0.00186
,,,,10.322,0.003324
,,,,10.323,-0.0007
,,,,10.324,0.008352
,,,,10.325,-0.00835
,,,,10.326,0.002195
,,,,10.327,0.011271
,,,,10.328,0.001332
,,,,10.329,-0.00226
,,,,10.33,0.003195
,,,,10.331,0.00935
,,,,10.332,0.001515
,,,,10.333,-0.00815
,,,,10.334,-0.00518
,,,,10.335,0.000624
,,,,10.336,-0.00751
,,,,10.337,-0.00737
,,,,10.338,-0.00246
,,,,10.339,0.005117
,,,,10.34,0.003251
,,,,10.341,0.006289
,,,,10.342,-0.00096
,,,,10.343,0.014615
,,,,10.344,0.001288
,,,,10.345,0.001186
,,,,10.346,0.003729
,,,,10.347,-0.00501
,,,,10.348,0.004975
,,,,10.349,-0.00139
,,,,10.35,0.000807
,,,,10.351,0.002841
,,,,10.352,0.001075
,,,,10.353,-0.00192
,,,,10.354,0.013647
,,,,10.355,0.005667
,,,,10.356,0.001429
,,,,10.357,-0.00075
,,,,10.358,0.008089
,,,,10.359,-0.00908
,,,,10.36,-0.00192
,,,,10.361,-0.00253
,,,,10.362,0.010987
,,,,10.363,0.006884
,,,,10.364,-0.00078
,,,,10.365,-0.00057
,,,,10.366,0.000217
,,,,10.367,0.000655
,,,,10.368,-0.0003
,,,,10.369,-0.0058
,,,,10.37,0.013149
,,,,10.371,0.001135
,,,,10.372,-0.00902
,,,,10.373,0.012086
,,,,10.374,0.000402
,,,,10.375,0.000387
,,,,10.376,-0.01049
,,,,10.377,0.001527
,,,,10.378,0.003045
,,,,10.379,0.003788
,,,,10.38,0.001162
,,,,10.381,0.013186
,,,,10.382,0.006678
,,,,10.383,-0.00246
,,,,10.384,-0.00421
,,,,10.385,0.004688
,,,,10.386,-0.00365
,,,,10.387,-0.0028
,,,,10.388,0.008331
,,,,10.389,0.016572
,,,,10.39,0.003232
,,,,10.391,-0.00722
,,,,10.392,-0.00283
,,,,10.393,0.004537
,,,,10.394,0.009651
,,,,10.395,-0.01364
,,,,10.396,0.006803
,,,,10.397,0.007069
,,,,10.398,0.003044
,,,,10.399,-0.00553
,,,,10.4,0.005386
,,,,10.401,0.007265
,,,,10.402,0.001189
,,,,10.403,-0.00808
,,,,10.404,0.002279
,,,,10.405,0.00663
,,,,10.406,-0.01012
,,,,10.407,0.000522
,,,,10.408,0.001959
,,,,10.409,0.006895
,,,,10.41,-0.00228
,,,,10.411,-0.00364
,,,,10.412,-0.00269
,,,,10.413,0.003656
,,,,10.414,-0.01139
,,,,10.415,-0.00074
,,,,10.416,0.001347
,,,,10.417,-0.00208
,,,,10.418,-0.01367
,,,,10.419,-0.00157
,,,,10.42,0.004878
,,,,10.421,0.011143
,,,,10.422,-0.00955
,,,,10.423,0.000417
,,,,10.424,0.007353
,,,,10.425,-0.00523
,,,,10.426,0.003843
,,,,10.427,-0.00027
,,,,10.428,0.003512
,,,,10.429,0.005011
,,,,10.43,0.010273
,,,,10.431,-0.00392
,,,,10.432,0.011554
,,,,10.433,-0.00098
,,,,10.434,-0.01362
,,,,10.435,-0.00347
,,,,10.436,0.004718
,,,,10.437,0.005066
,,,,10.438,-0.00327
,,,,10.439,-0.0005
,,,,10.44,-0.00474
,,,,10.441,-0.0018
,,,,10.442,-0.00773
,,,,10.443,0.002877
,,,,10.444,0.003552
,,,,10.445,0.000605
,,,,10.446,0.000916
,,,,10.447,0.005029
,,,,10.448,0.006918
,,,,10.449,-0.00185
,,,,10.45,-0.00095
,,,,10.451,0.002671
,,,,10.452,-0.00503
,,,,10.453,0.004403
,,,,10.454,0.005598
,,,,10.455,0.004103
,,,,10.456,0.003954
,,,,10.457,0.00485
,,,,10.458,0.000829
,,,,10.459,-0.0029
,,,,10.46,-0.00096
,,,,10.461,-0.0005
,,,,10.462,-0.0064
,,,,10.463,0.000471
,,,,10.464,-0.0031
,,,,10.465,-0.00598
,,,,10.466,0.00477
,,,,10.467,0.005844
,,,,10.468,0.002692
,,,,10.469,0.000562
,,,,10.47,-0.0003
,,,,10.471,0.007344
,,,,10.472,0.008211
,,,,10.473,-0.00145
,,,,10.474,0.014426
,,,,10.475,0.010192
,,,,10.476,-0.00104
,,,,10.477,-0.00455
,,,,10.478,-0.00033
,,,,10.479,-0.00237
,,,,10.48,0.001795
,,,,10.481,-0.00019
,,,,10.482,0.002853
,,,,10.483,0.001189
,,,,10.484,-0.0065
,,,,10.485,-0.0017
,,,,10.486,0.006777
,,,,10.487,0.000998
,,,,10.488,0.001809
,,,,10.489,0.011994
,,,,10.49,0.008164
,,,,10.491,0.004612
,,,,10.492,-0.00295
,,,,10.493,-0.00096
,,,,10.494,0.005989
,,,,10.495,-0.00669
,,,,10.496,-0.00646
,,,,10.497,0.005929
,,,,10.498,0.008804
,,,,10.499,0.001592
,,,,10.5,-0.00025
,,,,10.501,0.002149
,,,,10.502,0.006776
,,,,10.503,-0.00636
,,,,10.504,-0.00801
,,,,10.505,0.017893
,,,,10.506,0.001978
,,,,10.507,-0.00768
,,,,10.508,-0.00129
,,,,10.509,0.012421
,,,,10.51,0.00614
,,,,10.511,-0.00593
,,,,10.512,0.002946
,,,,10.513,0.006568
,,,,10.514,0.000878
,,,,10.515,0.007653
,,,,10.516,-0.00566
,,,,10.517,0.006175
,,,,10.518,0.004158
,,,,10.519,-0.00569
,,,,10.52,-0.00841
,,,,10.521,0.00579
,,,,10.522,-0.0037
,,,,10.523,-0.00267
,,,,10.524,0.002689
,,,,10.525,0.006847
,,,,10.526,-0.00215
,,,,10.527,-0.01039
,,,,10.528,-0.00615
,,,,10.529,0.012985
,,,,10.53,-0.01043
,,,,10.531,0.001514
,,,,10.532,-0.00193
,,,,10.533,0.002687
,,,,10.534,0.001892
,,,,10.535,-0.00673
,,,,10.536,0.002605
,,,,10.537,0.00599
,,,,10.538,0.004106
,,,,10.539,-0.01326
,,,,10.54,0.001614
,,,,10.541,0.009356
,,,,10.542,-0.00236
,,,,10.543,0.002698
,,,,10.544,-0.00558
,,,,10.545,0.000727
,,,,10.546,0.003328
,,,,10.547,-0.00479
,,,,10.548,0.009983
,,,,10.549,0.005057
,,,,10.55,-0.00254
,,,,10.551,-0.00026
,,,,10.552,0.009318
,,,,10.553,0.004626
,,,,10.554,-0.0062
,,,,10.555,-0.00227
,,,,10.556,-0.00104
,,,,10.557,-0.00833
,,,,10.558,-0.00028
,,,,10.559,0.004763
,,,,10.56,0.006353
,,,,10.561,0.002162
,,,,10.562,-0.00281
,,,,10.563,0.012673
,,,,10.564,0.005354
,,,,10.565,0.005934
,,,,10.566,-0.00794
,,,,10.567,0.006905
,,,,10.568,-0.00192
,,,,10.569,-0.00398
,,,,10.57,-0.00067
,,,,10.571,-0.0027
,,,,10.572,-0.00319
,,,,10.573,-0.01025
,,,,10.574,-0.01001
,,,,10.575,0.006509
,,,,10.576,0.015708
,,,,10.577,-0.0017
,,,,10.578,0.001858
,,,,10.579,0.008643
,,,,10.58,0.000294
,,,,10.581,-0.0022
,,,,10.582,-0.00482
,,,,10.583,0.015912
,,,,10.584,-0.00214
,,,,10.585,-0.00424
,,,,10.586,0.010791
,,,,10.587,0.005387
,,,,10.588,0.005747
,,,,10.589,0.002204
,,,,10.59,-0.00176
,,,,10.591,-0.0007
,,,,10.592,0.00113
,,,,10.593,-0.00814
,,,,10.594,-0.0004
,,,,10.595,0.007767
,,,,10.596,-0.00394
,,,,10.597,-0.0004
,,,,10.598,-0.0003
,,,,10.599,0.023101
,,,,10.6,0.001168
,,,,10.601,-0.0092
,,,,10.602,-0.00517
,,,,10.603,-0.0011
,,,,10.604,-0.00164
,,,,10.605,-0.00195
,,,,10.606,0.007408
,,,,10.607,-0.00476
,,,,10.608,0.003298
,,,,10.609,-0.00067
,,,,10.61,0.004012
,,,,10.611,-0.00423
,,,,10.612,-0.00406
,,,,10.613,0.002895
,,,,10.614,-0.00839
,,,,10.615,0.012214
,,,,10.616,-0.00192
,,,,10.617,-0.00058
,,,,10.618,-0.00169
,,,,10.619,0.002692
,,,,10.62,-0.0125
,,,,10.621,-0.00238
,,,,10.622,0.0061
,,,,10.623,0.003168
,,,,10.624,-0.00764
,,,,10.625,0.00298
,,,,10.626,-0.00053
,,,,10.627,0.000436
,,,,10.628,-0.00346
,,,,10.629,-0.00328
,,,,10.63,0.006874
,,,,10.631,-0.01027
,,,,10.632,0.00525
,,,,10.633,-0.00369
,,,,10.634,0.003249
,,,,10.635,-0.00301
,,,,10.636,0.001445
,,,,10.637,0.011058
,,,,10.638,0.013532
,,,,10.639,0.001033
,,,,10.64,-0.00399
,,,,10.641,0.010503
,,,,10.642,0.003578
,,,,10.643,-0.00524
,,,,10.644,0.000381
,,,,10.645,0.001986
,,,,10.646,0.014403
,,,,10.647,-0.00293
,,,,10.648,-0.00185
,,,,10.649,0.012807
,,,,10.65,0.008359
,,,,10.651,0.001464
,,,,10.652,-0.00838
,,,,10.653,0.010722
,,,,10.654,-0.00168
,,,,10.655,-0.00447
,,,,10.656,0.002816
,,,,10.657,0.013151
,,,,10.658,-0.00882
,,,,10.659,0.001381
,,,,10.66,0.005194
,,,,10.661,0.009998
,,,,10.662,0.007734
,,,,10.663,0.002327
,,,,10.664,0.002819
,,,,10.665,0.002415
,,,,10.666,0.002851
,,,,10.667,-0.0104
,,,,10.668,-0.00315
,,,,10.669,-0.00045
,,,,10.67,-0.00065
,,,,10.671,-0.01154
,,,,10.672,0.008686
,,,,10.673,-0.00413
,,,,10.674,-0.00604
,,,,10.675,-0.00405
,,,,10.676,0.016487
,,,,10.677,0.01393
,,,,10.678,-0.01126
,,,,10.679,0.002111
,,,,10.68,0.007997
,,,,10.681,-0.0022
,,,,10.682,-0.00407
,,,,10.683,-0.00284
,,,,10.684,0.007144
,,,,10.685,0.007566
,,,,10.686,-0.00653
,,,,10.687,-0.00116
,,,,10.688,0.009076
,,,,10.689,0.008408
,,,,10.69,-0.00194
,,,,10.691,0.003945
,,,,10.692,-0.0016
,,,,10.693,0.001543
,,,,10.694,0.002225
,,,,10.695,0.004888
,,,,10.696,0.00233
,,,,10.697,0.010411
,,,,10.698,-0.00746
,,,,10.699,0.00156
,,,,10.7,-0.00241
,,,,10.701,-0.00712
,,,,10.702,-0.01162
,,,,10.703,-0.00169
,,,,10.704,0.000931
,,,,10.705,-0.00421
,,,,10.706,-0.01052
,,,,10.707,0.000471
,,,,10.708,0.000049
,,,,10.709,0.007684
,,,,10.71,0.0000698
,,,,10.711,0.014578
,,,,10.712,-0.0066
,,,,10.713,-0.00806
,,,,10.714,-0.01009
,,,,10.715,0.008766
,,,,10.716,-0.00335
,,,,10.717,-0.00534
,,,,10.718,-0.0011
,,,,10.719,0.013842
,,,,10.72,-0.00632
,,,,10.721,-0.0108
,,,,10.722,-0.00051
,,,,10.723,0.014908
,,,,10.724,-0.0142
,,,,10.725,-0.00754
,,,,10.726,0.001678
,,,,10.727,0.005961
,,,,10.728,-0.00014
,,,,10.729,0.003737
,,,,10.73,-0.00116
,,,,10.731,-0.00289
,,,,10.732,-0.00981
,,,,10.733,-0.00435
,,,,10.734,0.005911
,,,,10.735,-0.00339
,,,,10.736,0.00691
,,,,10.737,-0.00547
,,,,10.738,-0.00114
,,,,10.739,0.003168
,,,,10.74,-0.00603
,,,,10.741,0.001792
,,,,10.742,0.008961
,,,,10.743,0.001147
,,,,10.744,-0.00676
,,,,10.745,0.003315
,,,,10.746,0.007173
,,,,10.747,-0.00205
,,,,10.748,0.002968
,,,,10.749,0.002141
,,,,10.75,0.001028
,,,,10.751,-0.00717
,,,,10.752,-0.00437
,,,,10.753,0.001193
,,,,10.754,0.004571
,,,,10.755,-0.00314
,,,,10.756,0.004332
,,,,10.757,0.000414
,,,,10.758,0.007892
,,,,10.759,0.001921
,,,,10.76,-0.00012
,,,,10.761,0.005204
,,,,10.762,0.009992
,,,,10.763,0.005382
,,,,10.764,-0.00388
,,,,10.765,0.001796
,,,,10.766,-0.00222
,,,,10.767,0.001439
,,,,10.768,-0.0013
,,,,10.769,0.003654
,,,,10.77,0.006074
,,,,10.771,-0.00419
,,,,10.772,0.003955
,,,,10.773,0.000855
,,,,10.774,0.001349
,,,,10.775,-0.0102
,,,,10.776,-0.00077
,,,,10.777,-0.00033
,,,,10.778,0.000231
,,,,10.779,-0.00804
,,,,10.78,-0.00314
,,,,10.781,0.0084
,,,,10.782,-0.00054
,,,,10.783,-0.00058
,,,,10.784,-0.00842
,,,,10.785,0.001297
,,,,10.786,0.006905
,,,,10.787,-0.00675
,,,,10.788,0.010071
,,,,10.789,0.000331
,,,,10.79,0.009232
,,,,10.791,-0.00023
,,,,10.792,0.008359
,,,,10.793,0.012012
,,,,10.794,-0.00545
,,,,10.795,-0.00058
,,,,10.796,-0.0072
,,,,10.797,0.006972
,,,,10.798,-0.00877
,,,,10.799,-0.00158
,,,,10.8,0.000184
,,,,10.801,-0.00173
,,,,10.802,-0.00169
,,,,10.803,-0.00742
,,,,10.804,0.004741
,,,,10.805,0.006385
,,,,10.806,0.003219
,,,,10.807,-0.01095
,,,,10.808,0.001876
,,,,10.809,-0.00097
,,,,10.81,0.000481
,,,,10.811,-0.00435
,,,,10.812,0.000688
,,,,10.813,0.001482
,,,,10.814,-0.00155
,,,,10.815,0.0000688
,,,,10.816,-0.00147
,,,,10.817,0.004142
,,,,10.818,-0.00088
,,,,10.819,-0.00014
,,,,10.82,0.00383
,,,,10.821,-0.00846
,,,,10.822,-0.00609
,,,,10.823,0.003741
,,,,10.824,0.009203
,,,,10.825,-0.00579
,,,,10.826,-0.00253
,,,,10.827,-0.00661
,,,,10.828,0.005969
,,,,10.829,-0.0004
,,,,10.83,-0.00481
,,,,10.831,0.005582
,,,,10.832,0.003373
,,,,10.833,-0.01406
,,,,10.834,0.005609
,,,,10.835,0.004498
,,,,10.836,0.002148
,,,,10.837,-0.00345
,,,,10.838,-0.00428
,,,,10.839,0.006947
,,,,10.84,-0.00047
,,,,10.841,-0.00237
,,,,10.842,-0.00141
,,,,10.843,0.006386
,,,,10.844,0.01054
,,,,10.845,-0.00853
,,,,10.846,-0.0075
,,,,10.847,0.0083
,,,,10.848,-0.0036
,,,,10.849,-0.00725
,,,,10.85,-0.00323
,,,,10.851,-0.00288
,,,,10.852,-0.00053
,,,,10.853,-0.00757
,,,,10.854,-0.00604
,,,,10.855,0.008975
,,,,10.856,-0.001
,,,,10.857,-0.00666
,,,,10.858,0.008616
,,,,10.859,0.008334
,,,,10.86,0.0019
,,,,10.861,0.000622
,,,,10.862,-0.00027
,,,,10.863,0.008463
,,,,10.864,-0.00099
,,,,10.865,0.000545
,,,,10.866,0.006395
,,,,10.867,0.000452
,,,,10.868,-0.00796
,,,,10.869,0.003997
,,,,10.87,0.003749
,,,,10.871,0.003072
,,,,10.872,-0.00936
,,,,10.873,-0.00288
,,,,10.874,0.001298
,,,,10.875,0.002483
,,,,10.876,-0.00041
,,,,10.877,-0.00192
,,,,10.878,-0.00158
,,,,10.879,0.009667
,,,,10.88,-0.00583
,,,,10.881,-0.00162
,,,,10.882,0.008789
,,,,10.883,-0.00766
,,,,10.884,-0.00374
,,,,10.885,0.001634
,,,,10.886,-0.00259
,,,,10.887,-0.00153
,,,,10.888,0.00534
,,,,10.889,0.001323
,,,,10.89,0.008057
,,,,10.891,-0.0015
,,,,10.892,-0.00595
,,,,10.893,0.003602
,,,,10.894,-0.0033
,,,,10.895,0.001225
,,,,10.896,0.002571
,,,,10.897,0.000146
,,,,10.898,-0.00317
,,,,10.899,0.00148
,,,,10.9,-0.00468
,,,,10.901,0.001345
,,,,10.902,-0.00298
,,,,10.903,-0.00016
,,,,10.904,0.010897
,,,,10.905,0.005575
,,,,10.906,0.001003
,,,,10.907,-0.00273
,,,,10.908,-0.00631
,,,,10.909,0.012049
,,,,10.91,0.013086
,,,,10.911,-0.00184
,,,,10.912,0.001246
,,,,10.913,0.004094
,,,,10.914,0.004769
,,,,10.915,-0.00473
,,,,10.916,-0.00037
,,,,10.917,0.007763
,,,,10.918,0.005279
,,,,10.919,-0.00694
,,,,10.92,-0.00016
,,,,10.921,0.011496
,,,,10.922,-0.00018
,,,,10.923,-0.01071
,,,,10.924,0.009195
,,,,10.925,0.010622
,,,,10.926,-0.00895
,,,,10.927,-0.00111
,,,,10.928,0.005111
,,,,10.929,-0.00241
,,,,10.93,0.008508
,,,,10.931,0.006013
,,,,10.932,0.005069
,,,,10.933,0.007517
,,,,10.934,-0.00192
,,,,10.935,-0.00087
,,,,10.936,0.01755
,,,,10.937,-0.00939
,,,,10.938,0.007489
,,,,10.939,0.005528
,,,,10.94,-0.00442
,,,,10.941,0.000317
,,,,10.942,-0.00287
,,,,10.943,-0.00392
,,,,10.944,0.010797
,,,,10.945,-0.00268
,,,,10.946,-0.0037
,,,,10.947,-0.00577
,,,,10.948,-0.00329
,,,,10.949,0.006745
,,,,10.95,-0.01065
,,,,10.951,0.005295
,,,,10.952,0.00711
,,,,10.953,-0.00652
,,,,10.954,-0.00309
,,,,10.955,-0.00138
,,,,10.956,-0.00173
,,,,10.957,0.004795
,,,,10.958,-0.00819
,,,,10.959,-0.00217
,,,,10.96,0.010172
,,,,10.961,-0.00133
,,,,10.962,-0.0002
,,,,10.963,0.003949
,,,,10.964,0.006921
,,,,10.965,0.006198
,,,,10.966,-0.00138
,,,,10.967,0.005958
,,,,10.968,0.004198
,,,,10.969,0.002742
,,,,10.97,0.006782
,,,,10.971,-0.00644
,,,,10.972,0.002852
,,,,10.973,-0.0036
,,,,10.974,0.001493
,,,,10.975,0.003706
,,,,10.976,0.015215
,,,,10.977,-0.00463
,,,,10.978,-0.00639
,,,,10.979,0.001008
,,,,10.98,0.00716
,,,,10.981,0.011078
,,,,10.982,-0.0032
,,,,10.983,0.010487
,,,,10.984,0.005286
,,,,10.985,-0.00534
,,,,10.986,-0.00794
,,,,10.987,0.00425
,,,,10.988,-0.00506
,,,,10.989,-0.00804
,,,,10.99,0.016575
,,,,10.991,0.000838
,,,,10.992,-0.00061
,,,,10.993,0.00059
,,,,10.994,-0.00852
,,,,10.995,0.004893
,,,,10.996,-0.01198
,,,,10.997,-0.00777
,,,,10.998,0.00465
,,,,10.999,0.000592
,,,,11,-0.00929
,,,,11.001,0.009584
,,,,11.002,0.00951
,,,,11.003,0.009945
,,,,11.004,-0.00289
,,,,11.005,-0.00235
,,,,11.006,-0.00163
,,,,11.007,0.010701
,,,,11.008,-0.01024
,,,,11.009,0.001098
,,,,11.01,0.013201
,,,,11.011,0.002042
,,,,11.012,-0.0015
,,,,11.013,-0.00359
,,,,11.014,0.002678
,,,,11.015,-0.0088
,,,,11.016,-0.0064
,,,,11.017,-0.01075
,,,,11.018,0.003818
,,,,11.019,-0.00582
,,,,11.02,-0.01266
,,,,11.021,-0.00319
,,,,11.022,0.006993
,,,,11.023,0.008134
,,,,11.024,-0.00542
,,,,11.025,0.005935
,,,,11.026,0.016298
,,,,11.027,0.004074
,,,,11.028,-0.00125
,,,,11.029,0.008402
,,,,11.03,-0.00017
,,,,11.031,-0.00487
,,,,11.032,-0.00312
,,,,11.033,0.006776
,,,,11.034,0.00295
,,,,11.035,-0.00213
,,,,11.036,0.0000675
,,,,11.037,0.006109
,,,,11.038,-0.00578
,,,,11.039,-0.01049
,,,,11.04,-0.00154
,,,,11.041,0.010248
,,,,11.042,-0.00126
,,,,11.043,0.007742
,,,,11.044,0.004733
,,,,11.045,-0.00086
,,,,11.046,0.002971
,,,,11.047,-0.00786
,,,,11.048,0.002876
,,,,11.049,0.007998
,,,,11.05,-0.00105
,,,,11.051,0.001959
,,,,11.052,0.010965
,,,,11.053,0.012458
,,,,11.054,0.011991
,,,,11.055,-0.00434
,,,,11.056,-0.00508
,,,,11.057,0.009153
,,,,11.058,0.003424
,,,,11.059,0.005462
,,,,11.06,0.012349
,,,,11.061,0.008238
,,,,11.062,0.015803
,,,,11.063,0.006172
,,,,11.064,0.000711
,,,,11.065,0.009561
,,,,11.066,-0.00846
,,,,11.067,-0.00748
,,,,11.068,0.004881
,,,,11.069,-0.00655
,,,,11.07,-0.00167
,,,,11.071,0.000614
,,,,11.072,0.007647
,,,,11.073,0.008369
,,,,11.074,0.000138
,,,,11.075,-0.00482
,,,,11.076,0.002938
,,,,11.077,-0.00562
,,,,11.078,-0.00954
,,,,11.079,-0.00518
,,,,11.08,-0.00032
,,,,11.081,0.002285
,,,,11.082,-0.0018
,,,,11.083,-0.0028
,,,,11.084,0.014319
,,,,11.085,0.002343
,,,,11.086,-0.0011
,,,,11.087,0.009143
,,,,11.088,0.00416
,,,,11.089,0.003263
,,,,11.09,-0.0127
,,,,11.091,0.005153
,,,,11.092,0.00811
,,,,11.093,-0.01321
,,,,11.094,0.000919
,,,,11.095,0.005986
,,,,11.096,-0.00568
,,,,11.097,-0.000021
,,,,11.098,-0.00909
,,,,11.099,0.002956
,,,,11.1,0.003492
,,,,11.101,-0.00844
,,,,11.102,-0.00118
,,,,11.103,0.005637
,,,,11.104,0.001235
,,,,11.105,-0.01074
,,,,11.106,0.010856
,,,,11.107,0.013461
,,,,11.108,0.002368
,,,,11.109,-0.00649
,,,,11.11,0.003848
,,,,11.111,0.003219
,,,,11.112,0.004421
,,,,11.113,-0.00135
,,,,11.114,0.008428
,,,,11.115,0.005148
,,,,11.116,0.011671
,,,,11.117,-0.00648
,,,,11.118,0.001214
,,,,11.119,0.00485
,,,,11.12,-0.00034
,,,,11.121,-0.00791
,,,,11.122,0.0000631
,,,,11.123,-0.00114
,,,,11.124,0.005932
,,,,11.125,-0.00637
,,,,11.126,0.000418
,,,,11.127,0.017213
,,,,11.128,0.000509
,,,,11.129,-0.00111
,,,,11.13,0.002759
,,,,11.131,0.012306
,,,,11.132,-0.0021
,,,,11.133,0.001813
,,,,11.134,0.000847
,,,,11.135,-0.000089
,,,,11.136,-0.00871
,,,,11.137,0.002308
,,,,11.138,0.012419
,,,,11.139,-0.00241
,,,,11.14,-0.00117
,,,,11.141,0.00808
,,,,11.142,0.013067
,,,,11.143,0.003096
,,,,11.144,-0.00859
,,,,11.145,0.003452
,,,,11.146,0.012338
,,,,11.147,-0.00281
,,,,11.148,-0.00877
,,,,11.149,0.001686
,,,,11.15,0.01151
,,,,11.151,0.006563
,,,,11.152,-0.00245
,,,,11.153,0.013714
,,,,11.154,0.004201
,,,,11.155,-0.0007
,,,,11.156,-0.00799
,,,,11.157,0.004605
,,,,11.158,0.014624
,,,,11.159,-0.00104
,,,,11.16,0.000954
,,,,11.161,0.007426
,,,,11.162,-0.00024
,,,,11.163,-0.00154
,,,,11.164,-0.00645
,,,,11.165,0.008249
,,,,11.166,0.004862
,,,,11.167,-0.00243
,,,,11.168,-0.0000095
,,,,11.169,0.001017
,,,,11.17,0.000868
,,,,11.171,-0.00089
,,,,11.172,-0.00407
,,,,11.173,0.004803
,,,,11.174,0.002658
,,,,11.175,-0.0045
,,,,11.176,0.009567
,,,,11.177,0.00436
,,,,11.178,-0.00651
,,,,11.179,-0.00609
,,,,11.18,-0.0018
,,,,11.181,0.006511
,,,,11.182,0.000797
,,,,11.183,0.001141
,,,,11.184,0.005428
,,,,11.185,0.005339
,,,,11.186,0.001704
,,,,11.187,-0.0047
,,,,11.188,0.009285
,,,,11.189,0.00884
,,,,11.19,-0.00266
,,,,11.191,-0.01155
,,,,11.192,0.005341
,,,,11.193,0.007843
,,,,11.194,-0.00382
,,,,11.195,-0.00436
,,,,11.196,0.006991
,,,,11.197,0.009341
,,,,11.198,-0.00944
,,,,11.199,-0.01129
,,,,11.2,0.003027
,,,,11.201,0.000092
,,,,11.202,0.002228
,,,,11.203,0.003328
,,,,11.204,0.016038
,,,,11.205,-0.00289
,,,,11.206,0.011224
,,,,11.207,0.00438
,,,,11.208,0.005565
,,,,11.209,-0.000037
,,,,11.21,-0.00706
,,,,11.211,-0.00381
,,,,11.212,0.00456
,,,,11.213,0.005189
,,,,11.214,-0.00919
,,,,11.215,-0.00403
,,,,11.216,0.0000936
,,,,11.217,-0.00702
,,,,11.218,-0.00648
,,,,11.219,0.003776
,,,,11.22,-0.000028
,,,,11.221,-0.00172
,,,,11.222,-0.00184
,,,,11.223,0.00987
,,,,11.224,0.00407
,,,,11.225,0.001502
,,,,11.226,0.000464
,,,,11.227,-0.00375
,,,,11.228,-0.00059
,,,,11.229,0.004968
,,,,11.23,-0.00087
,,,,11.231,-0.00261
,,,,11.232,-0.00026
,,,,11.233,0.000408
,,,,11.234,-0.00454
,,,,11.235,0.000592
,,,,11.236,0.000914
,,,,11.237,-0.00136
,,,,11.238,0.003653
,,,,11.239,0.006984
,,,,11.24,-0.00221
,,,,11.241,-0.00141
,,,,11.242,0.009313
,,,,11.243,0.0000348
,,,,11.244,0.016848
,,,,11.245,0.001151
,,,,11.246,-0.00179
,,,,11.247,0.006352
,,,,11.248,0.008986
,,,,11.249,0.000416
,,,,11.25,0.000588
,,,,11.251,0.012886
,,,,11.252,-0.00662
,,,,11.253,-0.00622
,,,,11.254,0.004119
,,,,11.255,0.006141
,,,,11.256,0.007914
,,,,11.257,-0.00272
,,,,11.258,0.007607
,,,,11.259,0.008047
,,,,11.26,-0.00787
,,,,11.261,-0.00588
,,,,11.262,0.019017
,,,,11.263,0.001196
,,,,11.264,0.001803
,,,,11.265,0.007289
,,,,11.266,0.001604
,,,,11.267,0.007357
,,,,11.268,-0.00545
,,,,11.269,0.002279
,,,,11.27,0.009898
,,,,11.271,-0.00097
,,,,11.272,0.008409
,,,,11.273,0.002538
,,,,11.274,-0.00114
,,,,11.275,-0.00026
,,,,11.276,-0.00856
,,,,11.277,0.000625
,,,,11.278,0.007428
,,,,11.279,0.000959
,,,,11.28,-0.00389
,,,,11.281,0.007682
,,,,11.282,0.002347
,,,,11.283,0.000728
,,,,11.284,-0.01685
,,,,11.285,-0.00181
,,,,11.286,0.014872
,,,,11.287,-0.0035
,,,,11.288,-0.00111
,,,,11.289,0.005562
,,,,11.29,0.004954
,,,,11.291,0.000339
,,,,11.292,-0.00209
,,,,11.293,-0.00481
,,,,11.294,0.005942
,,,,11.295,-0.00261
,,,,11.296,-0.01198
,,,,11.297,0.008798
,,,,11.298,-0.00169
,,,,11.299,-0.00347
,,,,11.3,0.001342
,,,,11.301,-0.00791
,,,,11.302,0.002831
,,,,11.303,-0.00866
,,,,11.304,0.004263
,,,,11.305,0.005463
,,,,11.306,0.003352
,,,,11.307,-0.00957
,,,,11.308,0.009619
,,,,11.309,-0.0002
,,,,11.31,0.00235
,,,,11.311,-0.00213
,,,,11.312,0.005928
,,,,11.313,0.012438
,,,,11.314,-0.00601
,,,,11.315,-0.00306
,,,,11.316,0.003582
,,,,11.317,0.000036
,,,,11.318,-0.00823
,,,,11.319,-0.00159
,,,,11.32,0.005327
,,,,11.321,0.008623
,,,,11.322,-0.00505
,,,,11.323,-0.00304
,,,,11.324,-0.0068
,,,,11.325,0.006501
,,,,11.326,0.003755
,,,,11.327,0.007086
,,,,11.328,0.003327
,,,,11.329,0.008784
,,,,11.33,-0.00032
,,,,11.331,0.000109
,,,,11.332,0.006363
,,,,11.333,0.003986
,,,,11.334,-0.00178
,,,,11.335,-0.00676
,,,,11.336,0.002373
,,,,11.337,0.005434
,,,,11.338,-0.00467
,,,,11.339,0.004381
,,,,11.34,0.003884
,,,,11.341,-0.000001
,,,,11.342,-0.00681
,,,,11.343,-0.0082
,,,,11.344,-0.00125
,,,,11.345,0.005982
,,,,11.346,-0.00545
,,,,11.347,0.0111
,,,,11.348,0.00018
,,,,11.349,-0.01284
,,,,11.35,-0.00337
,,,,11.351,0.009752
,,,,11.352,0.005616
,,,,11.353,0.007867
,,,,11.354,0.001506
,,,,11.355,0.004345
,,,,11.356,0.001956
,,,,11.357,-0.00219
,,,,11.358,-0.00473
,,,,11.359,0.010373
,,,,11.36,0.013937
,,,,11.361,0.001097
,,,,11.362,0.002992
,,,,11.363,0.004422
,,,,11.364,0.007011
,,,,11.365,-0.00619
,,,,11.366,-0.00439
,,,,11.367,0.000942
,,,,11.368,0.003875
,,,,11.369,-0.00156
,,,,11.37,-0.00066
,,,,11.371,0.004227
,,,,11.372,0.010892
,,,,11.373,-0.01421
,,,,11.374,0.008183
,,,,11.375,-0.00244
,,,,11.376,0.00978
,,,,11.377,-0.00621
,,,,11.378,0.006524
,,,,11.379,0.002297
,,,,11.38,-0.00288
,,,,11.381,-0.01353
,,,,11.382,-0.00142
,,,,11.383,0.003382
,,,,11.384,-0.00052
,,,,11.385,-0.00522
,,,,11.386,0.012829
,,,,11.387,0.010879
,,,,11.388,0.007366
,,,,11.389,0.004585
,,,,11.39,0.010672
,,,,11.391,0.006056
,,,,11.392,0.003916
,,,,11.393,-0.00645
,,,,11.394,0.003191
,,,,11.395,-0.00152
,,,,11.396,-0.00655
,,,,11.397,-0.00559
,,,,11.398,-0.00318
,,,,11.399,0.014825
,,,,11.4,-0.00451
,,,,11.401,0.001137
,,,,11.402,0.010253
,,,,11.403,-0.00274
,,,,11.404,-0.00916
,,,,11.405,0.00924
,,,,11.406,0.002936
,,,,11.407,0.000964
,,,,11.408,0.003794
,,,,11.409,-0.00059
,,,,11.41,0.005594
,,,,11.411,0.004689
,,,,11.412,-0.0026
,,,,11.413,-0.00186
,,,,11.414,0.009796
,,,,11.415,-0.00091
,,,,11.416,-0.00669
,,,,11.417,-0.00274
,,,,11.418,0.001503
,,,,11.419,0.010372
,,,,11.42,-0.00326
,,,,11.421,0.001454
,,,,11.422,-0.00668
,,,,11.423,-0.0002
,,,,11.424,0.003789
,,,,11.425,-0.0005
,,,,11.426,-0.00931
,,,,11.427,-0.00544
,,,,11.428,0.000827
,,,,11.429,0.005393
,,,,11.43,0.005064
,,,,11.431,0.00161
,,,,11.432,0.008758
,,,,11.433,0.008185
,,,,11.434,-0.00193
,,,,11.435,-0.01086
,,,,11.436,0.000535
,,,,11.437,0.015388
,,,,11.438,-0.00342
,,,,11.439,0.005261
,,,,11.44,-0.00236
,,,,11.441,0.015696
,,,,11.442,0.00424
,,,,11.443,-0.00372
,,,,11.444,0.004081
,,,,11.445,0.001224
,,,,11.446,0.004188
,,,,11.447,-0.00918
,,,,11.448,-0.0034
,,,,11.449,-0.00091
,,,,11.45,0.005573
,,,,11.451,0.000631
,,,,11.452,0.001494
,,,,11.453,0.006612
,,,,11.454,-0.01082
,,,,11.455,0.00205
,,,,11.456,-0.00336
,,,,11.457,-0.00087
,,,,11.458,0.007976
,,,,11.459,0.002281
,,,,11.46,0.006902
,,,,11.461,0.001163
,,,,11.462,0.003013
,,,,11.463,-0.00461
,,,,11.464,0.005083
,,,,11.465,-0.00362
,,,,11.466,-0.00661
,,,,11.467,-0.00085
,,,,11.468,-0.00642
,,,,11.469,0.00046
,,,,11.47,-0.00493
,,,,11.471,0.003546
,,,,11.472,-0.00091
,,,,11.473,-0.00232
,,,,11.474,0.000965
,,,,11.475,0.000182
,,,,11.476,0.001731
,,,,11.477,0.003672
,,,,11.478,0.008519
,,,,11.479,0.000543
,,,,11.48,0.004487
,,,,11.481,0.00681
,,,,11.482,-0.00712
,,,,11.483,0.011896
,,,,11.484,0.000833
,,,,11.485,0.000708
,,,,11.486,-0.00799
,,,,11.487,0.004831
,,,,11.488,0.001605
,,,,11.489,-0.00603
,,,,11.49,-0.00308
,,,,11.491,0.010076
,,,,11.492,0.004441
,,,,11.493,0.005295
,,,,11.494,0.001986
,,,,11.495,0.003374
,,,,11.496,0.004734
,,,,11.497,-0.00979
,,,,11.498,0.003712
,,,,11.499,-0.00262
,,,,11.5,0.001834
,,,,11.501,-0.00083
,,,,11.502,0.003937
,,,,11.503,0.006481
,,,,11.504,0.01274
,,,,11.505,-0.00706
,,,,11.506,0.003688
,,,,11.507,0.003908
,,,,11.508,0.002774
,,,,11.509,-0.00795
,,,,11.51,0.001626
,,,,11.511,0.008642
,,,,11.512,0.008269
,,,,11.513,0.002064
,,,,11.514,0.007441
,,,,11.515,0.003577
,,,,11.516,-0.00342
,,,,11.517,-0.00659
,,,,11.518,0.006733
,,,,11.519,0.005796
,,,,11.52,0.000852
,,,,11.521,0.003815
,,,,11.522,0.003494
,,,,11.523,0.002873
,,,,11.524,-0.00188
,,,,11.525,-0.00507
,,,,11.526,-0.00673
,,,,11.527,0.011303
,,,,11.528,0.003758
,,,,11.529,0.007399
,,,,11.53,-0.00504
,,,,11.531,0.006616
,,,,11.532,0.000109
,,,,11.533,0.005745
,,,,11.534,0.004464
,,,,11.535,-0.00413
,,,,11.536,0.000441
,,,,11.537,-0.00332
,,,,11.538,-0.00101
,,,,11.539,0.009847
,,,,11.54,-0.00559
,,,,11.541,-0.00075
,,,,11.542,-0.0006
,,,,11.543,-0.00344
,,,,11.544,-0.0095
,,,,11.545,0.003288
,,,,11.546,0.009016
,,,,11.547,-0.00421
,,,,11.548,0.002993
,,,,11.549,-0.0003
,,,,11.55,0.006315
,,,,11.551,-0.00612
,,,,11.552,-0.00863
,,,,11.553,0.007207
,,,,11.554,0.00381
,,,,11.555,-0.00518
,,,,11.556,-0.00621
,,,,11.557,0.003024
,,,,11.558,-0.000078
,,,,11.559,0.000838
,,,,11.56,-0.00356
,,,,11.561,0.005808
,,,,11.562,-0.01059
,,,,11.563,-0.00674
,,,,11.564,-0.00617
,,,,11.565,0.005948
,,,,11.566,0.000781
,,,,11.567,-0.00992
,,,,11.568,-0.002
,,,,11.569,0.009216
,,,,11.57,0.000101
,,,,11.571,-0.00392
,,,,11.572,0.011016
,,,,11.573,0.01339
,,,,11.574,0.003576
,,,,11.575,-0.00014
,,,,11.576,-0.00316
,,,,11.577,-0.00562
,,,,11.578,-0.00197
,,,,11.579,-0.0013
,,,,11.58,-0.00494
,,,,11.581,0.006182
,,,,11.582,0.00077
,,,,11.583,-0.00515
,,,,11.584,0.001797
,,,,11.585,-0.00206
,,,,11.586,-0.01368
,,,,11.587,-0.00549
,,,,11.588,0.013129
,,,,11.589,-0.00064
,,,,11.59,0.000855
,,,,11.591,0.002333
,,,,11.592,0.009555
,,,,11.593,0.00164
,,,,11.594,-0.00207
,,,,11.595,-0.01357
,,,,11.596,-0.00025
,,,,11.597,0.002065
,,,,11.598,-0.00076
,,,,11.599,-0.00449
,,,,11.6,0.000238
,,,,11.601,-0.00326
,,,,11.602,0.007019
,,,,11.603,-0.00217
,,,,11.604,0.01119
,,,,11.605,-0.00503
,,,,11.606,-0.00431
,,,,11.607,-0.00816
,,,,11.608,0.004961
,,,,11.609,-0.00223
,,,,11.61,0.004178
,,,,11.611,0.000994
,,,,11.612,0.001385
,,,,11.613,-0.0014
,,,,11.614,-0.00396
,,,,11.615,-0.00427
,,,,11.616,0.002544
,,,,11.617,0.006157
,,,,11.618,0.003847
,,,,11.619,0.000863
,,,,11.62,0.004693
,,,,11.621,-0.00906
,,,,11.622,-0.01112
,,,,11.623,0.014787
,,,,11.624,-0.00214
,,,,11.625,0.00379
,,,,11.626,0.000451
,,,,11.627,0.003616
,,,,11.628,-0.00173
,,,,11.629,-0.00571
,,,,11.63,0.002531
,,,,11.631,0.001789
,,,,11.632,-0.00562
,,,,11.633,-0.00119
,,,,11.634,0.005529
,,,,11.635,0.002985
,,,,11.636,0.000758
,,,,11.637,0.003676
,,,,11.638,-0.00662
,,,,11.639,0.010073
,,,,11.64,-0.00385
,,,,11.641,-0.00052
,,,,11.642,0.000136
,,,,11.643,0.00555
,,,,11.644,-0.00363
,,,,11.645,-0.00201
,,,,11.646,0.008723
,,,,11.647,0.021897
,,,,11.648,-0.00536
,,,,11.649,-0.00589
,,,,11.65,0.016618
,,,,11.651,-0.00672
,,,,11.652,0.002659
,,,,11.653,-0.00183
,,,,11.654,0.009442
,,,,11.655,0.013367
,,,,11.656,-0.00658
,,,,11.657,-0.00922
,,,,11.658,0.005712
,,,,11.659,0.005403
,,,,11.66,0.000208
,,,,11.661,-0.00659
,,,,11.662,0.003452
,,,,11.663,0.005891
,,,,11.664,-0.0002
,,,,11.665,0.002587
,,,,11.666,0.012076
,,,,11.667,0.011392
,,,,11.668,-0.00048
,,,,11.669,-0.00093
,,,,11.67,0.00307
,,,,11.671,0.003383
,,,,11.672,-0.00548
,,,,11.673,-0.00431
,,,,11.674,0.002716
,,,,11.675,-0.00229
,,,,11.676,-0.00442
,,,,11.677,0.007819
,,,,11.678,-0.00102
,,,,11.679,0.002712
,,,,11.68,-0.00073
,,,,11.681,-0.00746
,,,,11.682,0.004537
,,,,11.683,0.000422
,,,,11.684,0.003292
,,,,11.685,0.001526
,,,,11.686,0.018274
,,,,11.687,0.01141
,,,,11.688,-0.00468
,,,,11.689,-0.00055
,,,,11.69,0.009167
,,,,11.691,0.001147
,,,,11.692,-0.00277
,,,,11.693,0.009712
,,,,11.694,-0.00179
,,,,11.695,-0.00461
,,,,11.696,-0.00166
,,,,11.697,-0.00088
,,,,11.698,0.000316
,,,,11.699,-0.00864
,,,,11.7,0.002976
,,,,11.701,0.007794
,,,,11.702,-0.00195
,,,,11.703,-0.00178
,,,,11.704,-0.00534
,,,,11.705,0.005448
,,,,11.706,0.007189
,,,,11.707,-0.00552
,,,,11.708,-0.00236
,,,,11.709,0.003978
,,,,11.71,-0.00743
,,,,11.711,-0.01067
,,,,11.712,0.005903
,,,,11.713,-0.00024
,,,,11.714,-0.00274
,,,,11.715,0.005152
,,,,11.716,0.002269
,,,,11.717,0.006048
,,,,11.718,-0.00588
,,,,11.719,0.004083
,,,,11.72,0.006839
,,,,11.721,0.00117
,,,,11.722,-0.00412
,,,,11.723,0.003741
,,,,11.724,0.000673
,,,,11.725,0.002571
,,,,11.726,-0.00797
,,,,11.727,0.002216
,,,,11.728,0.002823
,,,,11.729,0.000627
,,,,11.73,-0.00292
,,,,11.731,0.008727
,,,,11.732,0.004328
,,,,11.733,-0.00056
,,,,11.734,0.006278
,,,,11.735,-0.00389
,,,,11.736,0.009254
,,,,11.737,0.005977
,,,,11.738,-0.00181
,,,,11.739,0.00677
,,,,11.74,0.003805
,,,,11.741,-0.00476
,,,,11.742,-0.00612
,,,,11.743,0.00304
,,,,11.744,0.000494
,,,,11.745,-0.00342
,,,,11.746,-0.00216
,,,,11.747,0.0000555
,,,,11.748,0.009739
,,,,11.749,0.002625
,,,,11.75,-0.00845
,,,,11.751,0.013104
,,,,11.752,0.006229
,,,,11.753,-0.00759
,,,,11.754,-0.00375
,,,,11.755,0.005756
,,,,11.756,0.004898
,,,,11.757,0.000936
,,,,11.758,0.004413
,,,,11.759,0.007418
,,,,11.76,0.006283
,,,,11.761,-0.01229
,,,,11.762,-0.00062
,,,,11.763,0.003337
,,,,11.764,0.003601
,,,,11.765,-0.00668
,,,,11.766,-0.00611
,,,,11.767,0.015359
,,,,11.768,-0.00245
,,,,11.769,0.000866
,,,,11.77,0.00095
,,,,11.771,0.009361
,,,,11.772,-0.00114
,,,,11.773,-0.00418
,,,,11.774,0.007366
,,,,11.775,0.010748
,,,,11.776,0.003629
,,,,11.777,0.0000074
,,,,11.778,-0.0056
,,,,11.779,0.009982
,,,,11.78,-0.00472
,,,,11.781,-0.00874
,,,,11.782,-0.00411
,,,,11.783,0.002922
,,,,11.784,0.005333
,,,,11.785,0.000663
,,,,11.786,0.0000775
,,,,11.787,0.004797
,,,,11.788,-0.01082
,,,,11.789,-0.00796
,,,,11.79,0.005226
,,,,11.791,-0.00215
,,,,11.792,0.006779
,,,,11.793,0.012452
,,,,11.794,0.009992
,,,,11.795,0.012332
,,,,11.796,0.00041
,,,,11.797,0.004079
,,,,11.798,-0.00055
,,,,11.799,0.000774
,,,,11.8,-0.00628
,,,,11.801,0.00686
,,,,11.802,0.006498
,,,,11.803,0.004238
,,,,11.804,-0.00112
,,,,11.805,0.001314
,,,,11.806,0.007716
,,,,11.807,0.003703
,,,,11.808,0.00332
,,,,11.809,0.010226
,,,,11.81,-0.00055
,,,,11.811,-0.0038
,,,,11.812,-0.00173
,,,,11.813,-0.00172
,,,,11.814,0.001992
,,,,11.815,-0.00133
,,,,11.816,-0.00106
,,,,11.817,0.008196
,,,,11.818,0.004159
,,,,11.819,-0.0034
,,,,11.82,0.006312
,,,,11.821,0.005177
,,,,11.822,0.002043
,,,,11.823,0.003667
,,,,11.824,0.001022
,,,,11.825,0.003831
,,,,11.826,0.004508
,,,,11.827,0.003224
,,,,11.828,0.00219
,,,,11.829,0.011026
,,,,11.83,-0.00285
,,,,11.831,0.000469
,,,,11.832,-0.0049
,,,,11.833,0.003035
,,,,11.834,0.0019
,,,,11.835,-0.00597
,,,,11.836,-0.00047
,,,,11.837,-0.00067
,,,,11.838,0.001934
,,,,11.839,-0.0044
,,,,11.84,0.00024
,,,,11.841,0.010976
,,,,11.842,0.00303
,,,,11.843,-0.00139
,,,,11.844,0.002688
,,,,11.845,0.009903
,,,,11.846,-0.0062
,,,,11.847,-0.00379
,,,,11.848,0.003327
,,,,11.849,0.003192
,,,,11.85,-0.00785
,,,,11.851,-0.00864
,,,,11.852,0.014264
,,,,11.853,-0.00255
,,,,11.854,-0.00637
,,,,11.855,0.000126
,,,,11.856,-0.00104
,,,,11.857,0.001953
,,,,11.858,-0.00546
,,,,11.859,-0.00033
,,,,11.86,0.011013
,,,,11.861,0.003217
,,,,11.862,0.001514
,,,,11.863,0.000123
,,,,11.864,0.002672
,,,,11.865,0.0044
,,,,11.866,0.00261
,,,,11.867,0.003444
,,,,11.868,0.016603
,,,,11.869,0.001408
,,,,11.87,-0.0038
,,,,11.871,0.006225
,,,,11.872,0.001825
,,,,11.873,-0.00728
,,,,11.874,-0.01059
,,,,11.875,-0.00181
,,,,11.876,0.000391
,,,,11.877,-0.01312
,,,,11.878,-0.00703
,,,,11.879,-0.00129
,,,,11.88,0.000574
,,,,11.881,0.006969
,,,,11.882,0.002297
,,,,11.883,0.005639
,,,,11.884,0.007955
,,,,11.885,-0.000055
,,,,11.886,-0.00249
,,,,11.887,0.010735
,,,,11.888,0.008794
,,,,11.889,0.006839
,,,,11.89,0.002579
,,,,11.891,0.003508
,,,,11.892,0.001658
,,,,11.893,0.001614
,,,,11.894,0.003534
,,,,11.895,-0.00088
,,,,11.896,0.000842
,,,,11.897,0.004775
,,,,11.898,0.008572
,,,,11.899,-0.00138
,,,,11.9,-0.01052
,,,,11.901,-0.00563
,,,,11.902,0.001825
,,,,11.903,0.003093
,,,,11.904,-0.000051
,,,,11.905,0.001159
,,,,11.906,0.002333
,,,,11.907,0.003764
,,,,11.908,0.003273
,,,,11.909,-0.01101
,,,,11.91,-0.00686
,,,,11.911,0.003583
,,,,11.912,-0.00367
,,,,11.913,0.00362
,,,,11.914,0.009918
,,,,11.915,0.006233
,,,,11.916,-0.00242
,,,,11.917,0.002496
,,,,11.918,0.0045
,,,,11.919,0.007512
,,,,11.92,-0.00454
,,,,11.921,-0.00324
,,,,11.922,0.006954
,,,,11.923,-0.00745
,,,,11.924,-0.00254
,,,,11.925,0.000785
,,,,11.926,0.012827
,,,,11.927,0.009551
,,,,11.928,-0.00984
,,,,11.929,0.011644
,,,,11.93,0.000541
,,,,11.931,-0.00642
,,,,11.932,-0.00647
,,,,11.933,-0.00324
,,,,11.934,0.011488
,,,,11.935,-0.00204
,,,,11.936,0.002541
,,,,11.937,0.010155
,,,,11.938,0.009137
,,,,11.939,-0.011
,,,,11.94,-0.00199
,,,,11.941,0.008052
,,,,11.942,0.009524
,,,,11.943,0.001103
,,,,11.944,-0.00123
,,,,11.945,-0.00218
,,,,11.946,0.009407
,,,,11.947,-0.00164
,,,,11.948,-0.00671
,,,,11.949,0.001204
,,,,11.95,-0.00237
,,,,11.951,0.000822
,,,,11.952,0.007741
,,,,11.953,0.006094
,,,,11.954,0.00371
,,,,11.955,-0.00746
,,,,11.956,-0.00208
,,,,11.957,0.00656
,,,,11.958,0.00304
,,,,11.959,-0.00224
,,,,11.96,-0.00676
,,,,11.961,-0.00634
,,,,11.962,0.007543
,,,,11.963,-0.00788
,,,,11.964,-0.00115
,,,,11.965,0.010966
,,,,11.966,0.000516
,,,,11.967,-0.01217
,,,,11.968,0.011681
,,,,11.969,0.002852
,,,,11.97,-0.00516
,,,,11.971,-0.0045
,,,,11.972,0.004601
,,,,11.973,0.010429
,,,,11.974,-0.00537
,,,,11.975,-0.00627
,,,,11.976,0.001192
,,,,11.977,0.003375
,,,,11.978,0.009524
,,,,11.979,0.002187
,,,,11.98,0.009188
,,,,11.981,0.009485
,,,,11.982,-0.01429
,,,,11.983,-0.00427
,,,,11.984,0.014875
,,,,11.985,-0.00466
,,,,11.986,0.005746
,,,,11.987,-0.00061
,,,,11.988,0.001946
,,,,11.989,0.007806
,,,,11.99,-0.00412
,,,,11.991,-0.00473
,,,,11.992,0.002913
,,,,11.993,-0.00777
,,,,11.994,0.000926
,,,,11.995,0.003089
,,,,11.996,-0.00502
,,,,11.997,0.005275
,,,,11.998,-0.00627
,,,,11.999,0.008564
,,,,12,0.010268
,,,,12.001,0.000735
,,,,12.002,-0.00157
,,,,12.003,0.002258
,,,,12.004,0.00044
,,,,12.005,0.003936
,,,,12.006,-0.00699
,,,,12.007,-0.00608
,,,,12.008,0.004047
,,,,12.009,-0.01387
,,,,12.01,-0.00678
,,,,12.011,0.002601
,,,,12.012,0.002381
,,,,12.013,0.00876
,,,,12.014,0.000727
,,,,12.015,-0.00162
,,,,12.016,0.013936
,,,,12.017,-0.01007
,,,,12.018,-0.00529
,,,,12.019,0.002628
,,,,12.02,0.003771
,,,,12.021,-0.00548
,,,,12.022,0.007256
,,,,12.023,0.000515
,,,,12.024,0.000037
,,,,12.025,-0.00262
,,,,12.026,-0.00123
,,,,12.027,0.013949
,,,,12.028,-0.00504
,,,,12.029,-0.00342
,,,,12.03,0.010976
,,,,12.031,0.003567
,,,,12.032,0.006321
,,,,12.033,0.000687
,,,,12.034,0.004956
,,,,12.035,0.005691
,,,,12.036,-0.01022
,,,,12.037,0.004815
,,,,12.038,0.002864
,,,,12.039,0.005178
,,,,12.04,0.009547
,,,,12.041,-0.0108
,,,,12.042,0.00322
,,,,12.043,0.00387
,,,,12.044,-0.00683
,,,,12.045,-0.00645
,,,,12.046,0.007766
,,,,12.047,-0.00579
,,,,12.048,-0.0058
,,,,12.049,0.006169
,,,,12.05,-0.00209
,,,,12.051,0.005857
,,,,12.052,-0.01158
,,,,12.053,-0.00444
,,,,12.054,0.009841
,,,,12.055,-0.00868
,,,,12.056,-0.00081
,,,,12.057,0.012105
,,,,12.058,-0.00024
,,,,12.059,0.007858
,,,,12.06,-0.0008
,,,,12.061,0.0047
,,,,12.062,-0.00389
,,,,12.063,0.002978
,,,,12.064,0.000214
,,,,12.065,0.004281
,,,,12.066,0.004245
,,,,12.067,0.001824
,,,,12.068,-0.00312
,,,,12.069,0.003874
,,,,12.07,0.00902
,,,,12.071,-0.01216
,,,,12.072,0.002229
,,,,12.073,-0.00465
,,,,12.074,-0.00588
,,,,12.075,-0.00728
,,,,12.076,-0.00216
,,,,12.077,-0.00577
,,,,12.078,0.002323
,,,,12.079,-0.0037
,,,,12.08,-0.00945
,,,,12.081,0.012269
,,,,12.082,0.00116
,,,,12.083,0.002043
,,,,12.084,-0.00351
,,,,12.085,0.00275
,,,,12.086,0.002993
,,,,12.087,0.003879
,,,,12.088,0.006575
,,,,12.089,0.013489
,,,,12.09,0.011258
,,,,12.091,0.0054
,,,,12.092,-0.0025
,,,,12.093,0.009505
,,,,12.094,0.005043
,,,,12.095,-0.01015
,,,,12.096,0.002355
,,,,12.097,0.018204
,,,,12.098,0.000545
,,,,12.099,-0.00483
,,,,12.1,-0.00394
,,,,12.101,-0.00027
,,,,12.102,0.000305
,,,,12.103,-0.00777
,,,,12.104,0.000874
,,,,12.105,0.003829
,,,,12.106,-0.00883
,,,,12.107,-0.00472
,,,,12.108,0.004923
,,,,12.109,0.00637
,,,,12.11,-0.00066
,,,,12.111,-0.00271
,,,,12.112,0.007555
,,,,12.113,-0.00145
,,,,12.114,-0.00678
,,,,12.115,0.004102
,,,,12.116,0.00021
,,,,12.117,0.00599
,,,,12.118,0.001263
,,,,12.119,-0.0026
,,,,12.12,0.011234
,,,,12.121,0.001272
,,,,12.122,-0.01638
,,,,12.123,0.002634
,,,,12.124,0.00142
,,,,12.125,0.001549
,,,,12.126,-0.00024
,,,,12.127,0.004255
,,,,12.128,0.009114
,,,,12.129,-0.00029
,,,,12.13,-0.00279
,,,,12.131,0.006408
,,,,12.132,0.003758
,,,,12.133,-0.01155
,,,,12.134,-0.01077
,,,,12.135,0.001934
,,,,12.136,-0.00314
,,,,12.137,0.008235
,,,,12.138,0.001659
,,,,12.139,0.00632
,,,,12.14,0.012763
,,,,12.141,-0.00355
,,,,12.142,-0.00325
,,,,12.143,0.000921
,,,,12.144,-0.00624
,,,,12.145,-0.00704
,,,,12.146,0.006202
,,,,12.147,-0.00347
,,,,12.148,0.007352
,,,,12.149,-0.01773
,,,,12.15,-0.00205
,,,,12.151,0.009212
,,,,12.152,0.00154
,,,,12.153,0.000776
,,,,12.154,-0.0016
,,,,12.155,-0.0006
,,,,12.156,0.005393
,,,,12.157,-0.00591
,,,,12.158,-0.00555
,,,,12.159,0.007079
,,,,12.16,0.001452
,,,,12.161,0.00652
,,,,12.162,-0.00091
,,,,12.163,-0.01
,,,,12.164,0.0000522
,,,,12.165,-0.00614
,,,,12.166,0.001377
,,,,12.167,0.010225
,,,,12.168,0.004403
,,,,12.169,-0.0066
,,,,12.17,-0.0088
,,,,12.171,0.007368
,,,,12.172,-0.00107
,,,,12.173,-0.00678
,,,,12.174,0.002416
,,,,12.175,-0.0003
,,,,12.176,0.00518
,,,,12.177,-0.01168
,,,,12.178,0.010814
,,,,12.179,0.005621
,,,,12.18,-0.00231
,,,,12.181,-0.00219
,,,,12.182,0.002073
,,,,12.183,0.002659
,,,,12.184,-0.00469
,,,,12.185,0.002087
,,,,12.186,0.007825
,,,,12.187,0.001257
,,,,12.188,-0.00273
,,,,12.189,-0.00579
,,,,12.19,0.006716
,,,,12.191,0.001997
,,,,12.192,-0.01122
,,,,12.193,0.004777
,,,,12.194,-0.0014
,,,,12.195,0.007364
,,,,12.196,-0.00405
,,,,12.197,-0.01087
,,,,12.198,0.007889
,,,,12.199,-0.00242
,,,,12.2,0.002436
,,,,12.201,0.002159
,,,,12.202,0.012754
,,,,12.203,0.006191
,,,,12.204,0.001485
,,,,12.205,0.009626
,,,,12.206,0.004063
,,,,12.207,-0.01128
,,,,12.208,-0.01641
,,,,12.209,0.003582
,,,,12.21,-0.00125
,,,,12.211,-0.0123
,,,,12.212,0.002552
,,,,12.213,0.005064
,,,,12.214,0.004588
,,,,12.215,-0.00038
,,,,12.216,-0.00511
,,,,12.217,0.003511
,,,,12.218,0.001861
,,,,12.219,-0.01302
,,,,12.22,-0.01426
,,,,12.221,0.00232
,,,,12.222,-0.00105
,,,,12.223,-0.00436
,,,,12.224,0.003752
,,,,12.225,0.009724
,,,,12.226,0.004086
,,,,12.227,-0.00128
,,,,12.228,0.001501
,,,,12.229,0.009387
,,,,12.23,0.01662
,,,,12.231,0.000123
,,,,12.232,0.001983
,,,,12.233,0.008364
,,,,12.234,0.00331
,,,,12.235,-0.00243
,,,,12.236,0.011571
,,,,12.237,0.004671
,,,,12.238,-0.00031
,,,,12.239,0.006474
,,,,12.24,-0.00367
,,,,12.241,-0.00322
,,,,12.242,-0.00459
,,,,12.243,-0.00385
,,,,12.244,0.007834
,,,,12.245,0.007984
,,,,12.246,-0.00222
,,,,12.247,-0.00219
,,,,12.248,0.009143
,,,,12.249,-0.01079
,,,,12.25,0.002053
,,,,12.251,0.001528
,,,,12.252,0.013412
,,,,12.253,0.008405
,,,,12.254,-0.01143
,,,,12.255,0.007648
,,,,12.256,0.004299
,,,,12.257,0.002612
,,,,12.258,-0.00482
,,,,12.259,0.003035
,,,,12.26,0.003177
,,,,12.261,0.007333
,,,,12.262,-0.00347
,,,,12.263,0.007024
,,,,12.264,0.007694
,,,,12.265,-0.00964
,,,,12.266,-0.00547
,,,,12.267,-0.00768
,,,,12.268,-0.00191
,,,,12.269,0.006061
,,,,12.27,-0.0028
,,,,12.271,-0.00471
,,,,12.272,0.003399
,,,,12.273,-0.00603
,,,,12.274,-0.00296
,,,,12.275,0.000999
,,,,12.276,-0.00236
,,,,12.277,-0.00618
,,,,12.278,0.00223
,,,,12.279,0.001379
,,,,12.28,0.0025
,,,,12.281,-0.00539
,,,,12.282,-0.00054
,,,,12.283,-0.00454
,,,,12.284,0.00938
,,,,12.285,-0.00641
,,,,12.286,0.002856
,,,,12.287,0.003183
,,,,12.288,0.000458
,,,,12.289,-0.0015
,,,,12.29,-0.00578
,,,,12.291,0.009512
,,,,12.292,0.002906
,,,,12.293,-0.00025
,,,,12.294,0.009376
,,,,12.295,0.013033
,,,,12.296,-0.00068
,,,,12.297,-0.00521
,,,,12.298,0.002731
,,,,12.299,0.003304
,,,,12.3,-0.00907
,,,,12.301,-0.00963
,,,,12.302,0.011948
,,,,12.303,0.006439
,,,,12.304,0.007665
,,,,12.305,-0.00211
,,,,12.306,0.006582
,,,,12.307,0.008566
,,,,12.308,0.001695
,,,,12.309,0.000447
,,,,12.31,0.00873
,,,,12.311,-0.00343
,,,,12.312,0.006214
,,,,12.313,-0.00278
,,,,12.314,-0.00132
,,,,12.315,0.010306
,,,,12.316,-0.00246
,,,,12.317,0.0071
,,,,12.318,0.009922
,,,,12.319,-0.00386
,,,,12.32,-0.0127
,,,,12.321,0.003001
,,,,12.322,0.006519
,,,,12.323,-0.00097
,,,,12.324,-0.0000032
,,,,12.325,0.010506
,,,,12.326,0.010123
,,,,12.327,0.004102
,,,,12.328,-0.00441
,,,,12.329,0.0000892
,,,,12.33,-0.00275
,,,,12.331,0.004399
,,,,12.332,-0.00087
,,,,12.333,-0.00065
,,,,12.334,0.004703
,,,,12.335,-0.00178
,,,,12.336,-0.00238
,,,,12.337,0.002098
,,,,12.338,0.002604
,,,,12.339,0.004722
,,,,12.34,-0.00605
,,,,12.341,-0.00309
,,,,12.342,0.003771
,,,,12.343,0.001334
,,,,12.344,-0.00772
,,,,12.345,0.003057
,,,,12.346,-0.00881
,,,,12.347,-0.000095
,,,,12.348,0.0012
,,,,12.349,-0.00408
,,,,12.35,-0.00217
,,,,12.351,-0.00368
,,,,12.352,0.000828
,,,,12.353,0.013644
,,,,12.354,-0.00214
,,,,12.355,-0.00962
,,,,12.356,0.006221
,,,,12.357,0.008795
,,,,12.358,-0.00781
,,,,12.359,-0.00736
,,,,12.36,0.002622
,,,,12.361,0.004927
,,,,12.362,0.006292
,,,,12.363,-0.00483
,,,,12.364,0.000747
,,,,12.365,0.009286
,,,,12.366,-0.00271
,,,,12.367,-0.00098
,,,,12.368,-0.00589
,,,,12.369,0.004126
,,,,12.37,-0.01011
,,,,12.371,0.000648
,,,,12.372,0.002173
,,,,12.373,-0.00451
,,,,12.374,-0.00105
,,,,12.375,-0.00863
,,,,12.376,-0.00007
,,,,12.377,0.017246
,,,,12.378,-0.00971
,,,,12.379,-0.00051
,,,,12.38,0.002004
,,,,12.381,0.001493
,,,,12.382,-0.00056
,,,,12.383,-0.00541
,,,,12.384,0.006249
,,,,12.385,0.003645
,,,,12.386,0.001245
,,,,12.387,0.010838
,,,,12.388,0.004032
,,,,12.389,-0.00452
,,,,12.39,0.006591
,,,,12.391,0.000573
,,,,12.392,-0.00057
,,,,12.393,-0.00012
,,,,12.394,-0.00471
,,,,12.395,0.009599
,,,,12.396,0.007737
,,,,12.397,0.001499
,,,,12.398,0.008848
,,,,12.399,0.005095
,,,,12.4,0.00196
,,,,12.401,-0.00015
,,,,12.402,-0.00041
,,,,12.403,0.007526
,,,,12.404,-0.00771
,,,,12.405,0.001437
,,,,12.406,-0.00839
,,,,12.407,0.003617
,,,,12.408,0.001895
,,,,12.409,-0.00101
,,,,12.41,-0.00515
,,,,12.411,-0.000069
,,,,12.412,0.005209
,,,,12.413,-0.00494
,,,,12.414,0.000188
,,,,12.415,0.007654
,,,,12.416,-0.00138
,,,,12.417,0.00815
,,,,12.418,0.000552
,,,,12.419,0.001653
,,,,12.42,-0.00355
,,,,12.421,-0.00343
,,,,12.422,0.008934
,,,,12.423,0.000594
,,,,12.424,-0.00223
,,,,12.425,-0.00383
,,,,12.426,-0.00615
,,,,12.427,0.000179
,,,,12.428,0.005685
,,,,12.429,0.001282
,,,,12.43,0.002452
,,,,12.431,0.007862
,,,,12.432,0.003175
,,,,12.433,-0.0053
,,,,12.434,0.006371
,,,,12.435,0.000386
,,,,12.436,-0.00395
,,,,12.437,0.002402
,,,,12.438,-0.00095
,,,,12.439,0.004177
,,,,12.44,-0.00503
,,,,12.441,-0.0073
,,,,12.442,0.002247
,,,,12.443,-0.01226
,,,,12.444,-0.00265
,,,,12.445,-0.00709
,,,,12.446,0.01172
,,,,12.447,0.010969
,,,,12.448,0.000995
,,,,12.449,-0.00153
,,,,12.45,0.007583
,,,,12.451,-0.00779
,,,,12.452,-0.006
,,,,12.453,-0.00109
,,,,12.454,0.002336
,,,,12.455,-0.00685
,,,,12.456,0.006481
,,,,12.457,-0.00479
,,,,12.458,0.002576
,,,,12.459,-0.0114
,,,,12.46,0.005329
,,,,12.461,0.007828
,,,,12.462,0.013937
,,,,12.463,-0.00408
,,,,12.464,-0.01388
,,,,12.465,0.007285
,,,,12.466,0.010177
,,,,12.467,-0.00176
,,,,12.468,-0.00242
,,,,12.469,-0.00544
,,,,12.47,0.005419
,,,,12.471,-0.00263
,,,,12.472,-0.00125
,,,,12.473,0.006782
,,,,12.474,0.004518
,,,,12.475,-0.00484
,,,,12.476,-0.00332
,,,,12.477,0.017545
,,,,12.478,0.008146
,,,,12.479,0.001097
,,,,12.48,-0.00369
,,,,12.481,-0.00065
,,,,12.482,-0.00363
,,,,12.483,-0.00498
,,,,12.484,-0.00037
,,,,12.485,0.001928
,,,,12.486,0.002319
,,,,12.487,-0.00321
,,,,12.488,0.007264
,,,,12.489,0.006854
,,,,12.49,0.004469
,,,,12.491,0.001506
,,,,12.492,0.007839
,,,,12.493,0.005371
,,,,12.494,0.001475
,,,,12.495,-0.0071
,,,,12.496,0.006938
,,,,12.497,-0.00344
,,,,12.498,-0.00581
,,,,12.499,-0.00614
,,,,12.5,0.007043
,,,,12.501,0.008186
,,,,12.502,-0.00527
,,,,12.503,0.002066
,,,,12.504,0.004443
,,,,12.505,0.005029
,,,,12.506,-0.00497
,,,,12.507,-0.00021
,,,,12.508,-0.00372
,,,,12.509,0.008803
,,,,12.51,-0.01101
,,,,12.511,-0.00204
,,,,12.512,0.005245
,,,,12.513,-0.00217
,,,,12.514,-0.00734
,,,,12.515,0.003089
,,,,12.516,0.003344
,,,,12.517,-0.00143
,,,,12.518,-0.00337
,,,,12.519,-0.0001
,,,,12.52,0.001987
,,,,12.521,-0.0038
,,,,12.522,0.00271
,,,,12.523,0.002527
,,,,12.524,0.007466
,,,,12.525,0.0000881
,,,,12.526,0.000441
,,,,12.527,-0.00012
,,,,12.528,0.01144
,,,,12.529,-0.00555
,,,,12.53,-0.00026
,,,,12.531,0.003996
,,,,12.532,0.006377
,,,,12.533,-0.00255
,,,,12.534,-0.00186
,,,,12.535,0.004557
,,,,12.536,0.003831
,,,,12.537,-0.00663
,,,,12.538,-0.00051
,,,,12.539,-0.00324
,,,,12.54,-0.00093
,,,,12.541,0.000694
,,,,12.542,0.010018
,,,,12.543,0.005888
,,,,12.544,-0.00638
,,,,12.545,0.003751
,,,,12.546,-0.00215
,,,,12.547,0.008921
,,,,12.548,-0.00819
,,,,12.549,-0.00321
,,,,12.55,0.007202
,,,,12.551,0.001441
,,,,12.552,0.006726
,,,,12.553,-0.00897
,,,,12.554,-0.00627
,,,,12.555,0.009777
,,,,12.556,-0.00538
,,,,12.557,-0.01113
,,,,12.558,0.005819
,,,,12.559,0.011378
,,,,12.56,-0.00161
,,,,12.561,-0.00327
,,,,12.562,0.002664
,,,,12.563,0.0000737
,,,,12.564,-0.0095
,,,,12.565,0.006945
,,,,12.566,0.003723
,,,,12.567,-0.00234
,,,,12.568,-0.00466
,,,,12.569,-0.0046
,,,,12.57,0.002537
,,,,12.571,-0.00306
,,,,12.572,-0.00433
,,,,12.573,-0.00164
,,,,12.574,0.012798
,,,,12.575,-0.00608
,,,,12.576,0.000522
,,,,12.577,-0.00065
,,,,12.578,0.00838
,,,,12.579,-0.00334
,,,,12.58,-0.00952
,,,,12.581,-0.00222
,,,,12.582,0.011004
,,,,12.583,0.001255
,,,,12.584,-0.00853
,,,,12.585,-0.0047
,,,,12.586,0.006799
,,,,12.587,-0.00652
,,,,12.588,-0.00283
,,,,12.589,-0.00388
,,,,12.59,-0.00124
,,,,12.591,-0.00308
,,,,12.592,-0.00407
,,,,12.593,-0.00206
,,,,12.594,0.00776
,,,,12.595,0.002378
,,,,12.596,0.002281
,,,,12.597,0.009272
,,,,12.598,0.00335
,,,,12.599,-0.00062
,,,,12.6,-0.00208
,,,,12.601,-0.00663
,,,,12.602,0.003675
,,,,12.603,-0.01049
,,,,12.604,-0.00664
,,,,12.605,-0.00737
,,,,12.606,-0.00281
,,,,12.607,-0.00282
,,,,12.608,-0.00098
,,,,12.609,0.000829
,,,,12.61,-0.00022
,,,,12.611,-0.0018
,,,,12.612,0.000464
,,,,12.613,0.004685
,,,,12.614,0.003787
,,,,12.615,-0.00115
,,,,12.616,0.003841
,,,,12.617,0.010055
,,,,12.618,-0.00569
,,,,12.619,0.004354
,,,,12.62,0.005623
,,,,12.621,0.007701
,,,,12.622,-0.000068
,,,,12.623,-0.0053
,,,,12.624,0.003737
,,,,12.625,0.014974
,,,,12.626,-0.00394
,,,,12.627,-0.00437
,,,,12.628,0.002578
,,,,12.629,0.002121
,,,,12.63,-0.01038
,,,,12.631,-0.01699
,,,,12.632,0.007692
,,,,12.633,0.013733
,,,,12.634,0.004438
,,,,12.635,-0.00348
,,,,12.636,0.01053
,,,,12.637,0.007021
,,,,12.638,-0.00015
,,,,12.639,-0.00171
,,,,12.64,0.004984
,,,,12.641,-0.00321
,,,,12.642,-0.00299
,,,,12.643,-0.00451
,,,,12.644,0.003345
,,,,12.645,-0.00276
,,,,12.646,-0.00735
,,,,12.647,-0.00996
,,,,12.648,0.007917
,,,,12.649,0.006289
,,,,12.65,-0.00128
,,,,12.651,0.000114
,,,,12.652,0.018329
,,,,12.653,0.006994
,,,,12.654,-0.00506
,,,,12.655,-0.00063
,,,,12.656,0.011668
,,,,12.657,0.004803
,,,,12.658,-0.00796
,,,,12.659,0.003214
,,,,12.66,0.009156
,,,,12.661,-0.00116
,,,,12.662,-0.01319
,,,,12.663,0.0013
,,,,12.664,-0.00123
,,,,12.665,-0.00527
,,,,12.666,-0.00022
,,,,12.667,0.005948
,,,,12.668,-0.00061
,,,,12.669,-0.00324
,,,,12.67,-0.00201
,,,,12.671,0.008348
,,,,12.672,-0.01172
,,,,12.673,0.001162
,,,,12.674,0.004341
,,,,12.675,0.002386
,,,,12.676,0.005384
,,,,12.677,-0.0071
,,,,12.678,-0.00507
,,,,12.679,0.01304
,,,,12.68,0.007723
,,,,12.681,-0.00573
,,,,12.682,-0.00178
,,,,12.683,0.001817
,,,,12.684,-0.00081
,,,,12.685,0.004461
,,,,12.686,0.0000947
,,,,12.687,0.009461
,,,,12.688,-0.00536
,,,,12.689,-0.00166
,,,,12.69,0.001174
,,,,12.691,0.006289
,,,,12.692,-0.00577
,,,,12.693,-0.00356
,,,,12.694,0.004252
,,,,12.695,-0.00051
,,,,12.696,-0.01066
,,,,12.697,-0.01071
,,,,12.698,-0.00084
,,,,12.699,0.001565
,,,,12.7,-0.00642
,,,,12.701,-0.01048
,,,,12.702,0.004587
,,,,12.703,0.004155
,,,,12.704,-0.00506
,,,,12.705,-0.00384
,,,,12.706,0.003638
,,,,12.707,-0.0067
,,,,12.708,-0.00018
,,,,12.709,0.011012
,,,,12.71,0.011089
,,,,12.711,0.008115
,,,,12.712,-0.00294
,,,,12.713,0.000582
,,,,12.714,0.016022
,,,,12.715,0.001557
,,,,12.716,0.000283
,,,,12.717,0.005529
,,,,12.718,0.004556
,,,,12.719,0.002189
,,,,12.72,-0.00501
,,,,12.721,-0.00697
,,,,12.722,0.006465
,,,,12.723,-0.00377
,,,,12.724,0.003433
,,,,12.725,0.003046
,,,,12.726,0.003773
,,,,12.727,-0.00058
,,,,12.728,-0.00411
,,,,12.729,0.004133
,,,,12.73,0.011273
,,,,12.731,-0.00894
,,,,12.732,-0.01137
,,,,12.733,0.001321
,,,,12.734,0.008829
,,,,12.735,-0.01121
,,,,12.736,-0.00042
,,,,12.737,-0.00279
,,,,12.738,0.003021
,,,,12.739,-0.00508
,,,,12.74,-0.00157
,,,,12.741,0.003125
,,,,12.742,-0.00338
,,,,12.743,-0.00404
,,,,12.744,0.008091
,,,,12.745,-0.000056
,,,,12.746,0.005235
,,,,12.747,-0.01093
,,,,12.748,-0.00678
,,,,12.749,0.007645
,,,,12.75,-0.00192
,,,,12.751,-0.00989
,,,,12.752,0.00225
,,,,12.753,0.003054
,,,,12.754,-0.00316
,,,,12.755,-0.00056
,,,,12.756,-0.00714
,,,,12.757,0.007368
,,,,12.758,-0.00681
,,,,12.759,0.000423
,,,,12.76,0.007644
,,,,12.761,0.010958
,,,,12.762,-0.00293
,,,,12.763,-0.00079
,,,,12.764,0.001483
,,,,12.765,0.003822
,,,,12.766,-0.00127
,,,,12.767,-0.00072
,,,,12.768,0.005369
,,,,12.769,-0.00137
,,,,12.77,-0.0028
,,,,12.771,-0.0002
,,,,12.772,0.006901
,,,,12.773,-0.00284
,,,,12.774,-0.0064
,,,,12.775,-0.00091
,,,,12.776,-0.006
,,,,12.777,0.0000118
,,,,12.778,-0.00793
,,,,12.779,0.00475
,,,,12.78,0.005124
,,,,12.781,0.014692
,,,,12.782,0.009604
,,,,12.783,0.001497
,,,,12.784,0.00665
,,,,12.785,0.001414
,,,,12.786,-0.01447
,,,,12.787,-0.00248
,,,,12.788,0.005056
,,,,12.789,-0.00556
,,,,12.79,0.000778
,,,,12.791,0.005253
,,,,12.792,-0.00144
,,,,12.793,-0.00968
,,,,12.794,-0.0033
,,,,12.795,0.000151
,,,,12.796,0.00887
,,,,12.797,-0.00749
,,,,12.798,-0.00512
,,,,12.799,0.002213
,,,,12.8,0.004303
,,,,12.801,-0.00133
,,,,12.802,0.000115
,,,,12.803,0.005697
,,,,12.804,0.0000805
,,,,12.805,0.011469
,,,,12.806,-0.00552
,,,,12.807,0.006028
,,,,12.808,0.009267
,,,,12.809,-0.00733
,,,,12.81,0.003471
,,,,12.811,0.001557
,,,,12.812,0.005227
,,,,12.813,-0.00891
,,,,12.814,-0.00073
,,,,12.815,0.000454
,,,,12.816,0.000944
,,,,12.817,-0.01518
,,,,12.818,0.003087
,,,,12.819,0.004421
,,,,12.82,-0.00392
,,,,12.821,-0.00328
,,,,12.822,0.017679
,,,,12.823,0.001292
,,,,12.824,0.00544
,,,,12.825,-0.00608
,,,,12.826,0.011633
,,,,12.827,0.007076
,,,,12.828,-0.00352
,,,,12.829,-0.00727
,,,,12.83,0.004769
,,,,12.831,-0.00689
,,,,12.832,-0.0036
,,,,12.833,-0.01096
,,,,12.834,0.001605
,,,,12.835,-0.00106
,,,,12.836,0.0000395
,,,,12.837,-0.00124
,,,,12.838,0.008588
,,,,12.839,0.004775
,,,,12.84,-0.00182
,,,,12.841,0.000577
,,,,12.842,0.009621
,,,,12.843,-0.00659
,,,,12.844,-0.00593
,,,,12.845,0.003282
,,,,12.846,-0.00198
,,,,12.847,0.002748
,,,,12.848,-0.00108
,,,,12.849,-0.00763
,,,,12.85,0.006385
,,,,12.851,-0.00322
,,,,12.852,-0.00456
,,,,12.853,-0.00126
,,,,12.854,0.003271
,,,,12.855,-0.00748
,,,,12.856,-0.00625
,,,,12.857,-0.00291
,,,,12.858,-0.00219
,,,,12.859,-0.00738
,,,,12.86,0.002924
,,,,12.861,-0.00095
,,,,12.862,0.0097
,,,,12.863,-0.00201
,,,,12.864,0.006892
,,,,12.865,0.001993
,,,,12.866,0.002571
,,,,12.867,-0.00814
,,,,12.868,0.007421
,,,,12.869,0.00423
,,,,12.87,0.006291
,,,,12.871,-0.00403
,,,,12.872,-0.00417
,,,,12.873,0.006223
,,,,12.874,0.001666
,,,,12.875,0.002282
,,,,12.876,0.0000688
,,,,12.877,-0.00733
,,,,12.878,-0.00324
,,,,12.879,-0.00111
,,,,12.88,0.003402
,,,,12.881,0.011387
,,,,12.882,-0.00196
,,,,12.883,-0.006
,,,,12.884,0.00187
,,,,12.885,0.004666
,,,,12.886,0.006143
,,,,12.887,0.013119
,,,,12.888,0.011397
,,,,12.889,0.008776
,,,,12.89,-0.00216
,,,,12.891,-0.00404
,,,,12.892,0.001896
,,,,12.893,0.000659
,,,,12.894,0.001381
,,,,12.895,-0.00106
,,,,12.896,-0.00221
,,,,12.897,0.002663
,,,,12.898,-0.00605
,,,,12.899,-0.00384
,,,,12.9,0.006452
,,,,12.901,0.004751
,,,,12.902,0.003815
,,,,12.903,0.001482
,,,,12.904,0.000216
,,,,12.905,-0.00103
,,,,12.906,-0.00538
,,,,12.907,0.004486
,,,,12.908,0.004223
,,,,12.909,-0.000057
,,,,12.91,0.00011
,,,,12.911,0.002918
,,,,12.912,0.003676
,,,,12.913,-0.00093
,,,,12.914,-0.00322
,,,,12.915,-0.00512
,,,,12.916,0.000144
,,,,12.917,-0.00312
,,,,12.918,-0.01366
,,,,12.919,0.016737
,,,,12.92,-0.00649
,,,,12.921,0.004668
,,,,12.922,-0.00482
,,,,12.923,0.007097
,,,,12.924,0.009725
,,,,12.925,-0.00618
,,,,12.926,-0.00066
,,,,12.927,0.006374
,,,,12.928,0.000413
,,,,12.929,-0.00201
,,,,12.93,-0.00225
,,,,12.931,0.012929
,,,,12.932,0.013927
,,,,12.933,-0.00144
,,,,12.934,-0.00288
,,,,12.935,0.005193
,,,,12.936,-0.00283
,,,,12.937,-0.00322
,,,,12.938,-0.0017
,,,,12.939,-0.00262
,,,,12.94,0.007955
,,,,12.941,0.0000153
,,,,12.942,-0.00142
,,,,12.943,0.006101
,,,,12.944,-0.0023
,,,,12.945,-0.00961
,,,,12.946,0.002468
,,,,12.947,0.012163
,,,,12.948,0.001922
,,,,12.949,-0.00149
,,,,12.95,0.005323
,,,,12.951,0.006951
,,,,12.952,0.002964
,,,,12.953,-0.00944
,,,,12.954,0.000714
,,,,12.955,0.005222
,,,,12.956,-0.0077
,,,,12.957,0.001531
,,,,12.958,0.004493
,,,,12.959,0.012582
,,,,12.96,-0.01166
,,,,12.961,0.0008
,,,,12.962,0.013686
,,,,12.963,-0.00584
,,,,12.964,-0.00455
,,,,12.965,-0.00574
,,,,12.966,0.004004
,,,,12.967,0.003143
,,,,12.968,0.002954
,,,,12.969,-0.0031
,,,,12.97,0.001148
,,,,12.971,-0.000047
,,,,12.972,-0.00418
,,,,12.973,0.001316
,,,,12.974,-0.00129
,,,,12.975,-0.00102
,,,,12.976,-0.00741
,,,,12.977,-0.00473
,,,,12.978,0.014399
,,,,12.979,0.000158
,,,,12.98,0.005528
,,,,12.981,-0.00481
,,,,12.982,0.005657
,,,,12.983,-0.00376
,,,,12.984,-0.01097
,,,,12.985,0.003309
,,,,12.986,0.012842
,,,,12.987,-0.0022
,,,,12.988,-0.00023
,,,,12.989,-0.00063
,,,,12.99,-0.00282
,,,,12.991,-0.00199
,,,,12.992,0.002562
,,,,12.993,0.007408
,,,,12.994,0.009666
,,,,12.995,-0.00404
,,,,12.996,0.005769
,,,,12.997,0.019114
,,,,12.998,0.005227
,,,,12.999,-0.00706
,,,,13,0.005202
,,,,13.001,0.008142
,,,,13.002,0.012628
,,,,13.003,-0.00462
,,,,13.004,-0.00139
,,,,13.005,0.010001
,,,,13.006,0.003342
,,,,13.007,-0.00771
,,,,13.008,-0.00133
,,,,13.009,0.009922
,,,,13.01,0.009659
,,,,13.011,-0.00929
,,,,13.012,-0.00151
,,,,13.013,0.00842
,,,,13.014,-0.00184
,,,,13.015,0.004386
,,,,13.016,0.01526
,,,,13.017,0.008714
,,,,13.018,-0.00298
,,,,13.019,-0.00147
,,,,13.02,0.008555
,,,,13.021,0.022208
,,,,13.022,0.001325
,,,,13.023,-0.00088
,,,,13.024,0.006327
,,,,13.025,0.007182
,,,,13.026,-0.00376
,,,,13.027,-0.00162
,,,,13.028,0.009312
,,,,13.029,0.007516
,,,,13.03,0.001558
,,,,13.031,0.003028
,,,,13.032,0.011641
,,,,13.033,0.002848
,,,,13.034,-0.00791
,,,,13.035,-0.00501
,,,,13.036,0.00391
,,,,13.037,-0.00254
,,,,13.038,-0.00108
,,,,13.039,-0.00604
,,,,13.04,0.003724
,,,,13.041,-0.00179
,,,,13.042,-0.00531
,,,,13.043,-0.00124
,,,,13.044,0.004203
,,,,13.045,0.004411
,,,,13.046,-0.00813
,,,,13.047,0.000381
,,,,13.048,0.00514
,,,,13.049,-0.00398
,,,,13.05,-0.0072
,,,,13.051,0.011866
,,,,13.052,0.008107
,,,,13.053,-0.00472
,,,,13.054,0.002853
,,,,13.055,-0.00524
,,,,13.056,-0.00771
,,,,13.057,-0.00525
,,,,13.058,-0.00401
,,,,13.059,0.010137
,,,,13.06,-0.0001
,,,,13.061,0.001918
,,,,13.062,0.000586
,,,,13.063,0.006533
,,,,13.064,0.00829
,,,,13.065,0.005929
,,,,13.066,0.005418
,,,,13.067,0.01042
,,,,13.068,-0.0034
,,,,13.069,0.00286
,,,,13.07,0.002464
,,,,13.071,-0.00413
,,,,13.072,0.003349
,,,,13.073,-0.00726
,,,,13.074,0.003742
,,,,13.075,0.002698
,,,,13.076,-0.00585
,,,,13.077,-0.00149
,,,,13.078,0.008996
,,,,13.079,-0.0024
,,,,13.08,0.008283
,,,,13.081,-0.00668
,,,,13.082,-0.00214
,,,,13.083,0.000973
,,,,13.084,-0.00453
,,,,13.085,-0.00923
,,,,13.086,-0.00188
,,,,13.087,0.001765
,,,,13.088,-0.00313
,,,,13.089,-0.00068
,,,,13.09,0.009446
,,,,13.091,0.001249
,,,,13.092,-0.00247
,,,,13.093,-0.00951
,,,,13.094,-0.0013
,,,,13.095,0.003843
,,,,13.096,-0.00551
,,,,13.097,0.000686
,,,,13.098,0.010278
,,,,13.099,0.008054
,,,,13.1,-0.01651
,,,,13.101,0.001288
,,,,13.102,0.00972
,,,,13.103,0.008405
,,,,13.104,-0.00206
,,,,13.105,0.004878
,,,,13.106,0.009829
,,,,13.107,0.002442
,,,,13.108,-0.00434
,,,,13.109,-0.00243
,,,,13.11,0.00374
,,,,13.111,0.003513
,,,,13.112,-0.00055
,,,,13.113,0.008698
,,,,13.114,-0.0011
,,,,13.115,0.00076
,,,,13.116,-0.00724
,,,,13.117,0.002173
,,,,13.118,0.001855
,,,,13.119,-0.00251
,,,,13.12,0.000248
,,,,13.121,0.002073
,,,,13.122,-0.00486
,,,,13.123,-0.00107
,,,,13.124,0.002256
,,,,13.125,0.0049
,,,,13.126,-0.00494
,,,,13.127,-0.01145
,,,,13.128,0.001475
,,,,13.129,0.00765
,,,,13.13,0.01018
,,,,13.131,-0.00028
,,,,13.132,-0.00793
,,,,13.133,0.011547
,,,,13.134,0.001494
,,,,13.135,0.001257
,,,,13.136,0.007591
,,,,13.137,-0.00263
,,,,13.138,-0.00569
,,,,13.139,-0.00782
,,,,13.14,0.002171
,,,,13.141,0.002245
,,,,13.142,0.004621
,,,,13.143,0.0000925
,,,,13.144,0.004802
,,,,13.145,0.005092
,,,,13.146,0.005914
,,,,13.147,-0.00706
,,,,13.148,-0.00095
,,,,13.149,-0.00069
,,,,13.15,-0.00517
,,,,13.151,-0.00809
,,,,13.152,-0.00182
,,,,13.153,0.003353
,,,,13.154,-0.00739
,,,,13.155,0.004653
,,,,13.156,-0.00169
,,,,13.157,0.009689
,,,,13.158,-0.00659
,,,,13.159,0.000922
,,,,13.16,0.008583
,,,,13.161,0.005187
,,,,13.162,-0.00197
,,,,13.163,-0.00748
,,,,13.164,0.008267
,,,,13.165,0.006967
,,,,13.166,0.004477
,,,,13.167,-0.01163
,,,,13.168,0.009888
,,,,13.169,0.004439
,,,,13.17,-0.00129
,,,,13.171,-0.00046
,,,,13.172,0.003357
,,,,13.173,-0.01113
,,,,13.174,-0.00978
,,,,13.175,0.001583
,,,,13.176,-0.0017
,,,,13.177,0.009444
,,,,13.178,-0.0008
,,,,13.179,-0.00506
,,,,13.18,0.000734
,,,,13.181,-0.0068
,,,,13.182,-0.00196
,,,,13.183,0.009393
,,,,13.184,0.00546
,,,,13.185,0.005732
,,,,13.186,-0.00623
,,,,13.187,0.006596
,,,,13.188,0.002865
,,,,13.189,-0.00971
,,,,13.19,0.006791
,,,,13.191,0.000509
,,,,13.192,0.004162
,,,,13.193,0.005007
,,,,13.194,-0.00192
,,,,13.195,-0.0009
,,,,13.196,0.011003
,,,,13.197,-0.00582
,,,,13.198,0.007108
,,,,13.199,0.010501
,,,,13.2,-0.00069
,,,,13.201,-0.00519
,,,,13.202,-0.00248
,,,,13.203,0.003347
,,,,13.204,0.000851
,,,,13.205,0.00153
,,,,13.206,0.005282
,,,,13.207,0.003188
,,,,13.208,-0.00651
,,,,13.209,0.006224
,,,,13.21,0.005136
,,,,13.211,0.012996
,,,,13.212,0.007504
,,,,13.213,-0.00173
,,,,13.214,0.000439
,,,,13.215,0.01129
,,,,13.216,0.003459
,,,,13.217,-0.00882
,,,,13.218,-0.00068
,,,,13.219,0.003043
,,,,13.22,0.00491
,,,,13.221,-0.00468
,,,,13.222,0.0000675
,,,,13.223,0.000988
,,,,13.224,-0.00616
,,,,13.225,-0.00288
,,,,13.226,0.003447
,,,,13.227,0.005935
,,,,13.228,0.004427
,,,,13.229,0.010469
,,,,13.23,0.006736
,,,,13.231,-0.00521
,,,,13.232,-0.00095
,,,,13.233,-0.00126
,,,,13.234,-0.00489
,,,,13.235,0.001084
,,,,13.236,-0.00018
,,,,13.237,0.0000489
,,,,13.238,-0.00386
,,,,13.239,0.004506
,,,,13.24,-0.00666
,,,,13.241,-0.00369
,,,,13.242,-0.00181
,,,,13.243,-0.00056
,,,,13.244,-0.00678
,,,,13.245,-0.00284
,,,,13.246,0.00748
,,,,13.247,0.003032
,,,,13.248,-0.00278
,,,,13.249,0.006042
,,,,13.25,0.011235
,,,,13.251,-0.00688
,,,,13.252,0.003081
,,,,13.253,0.006008
,,,,13.254,0.006957
,,,,13.255,-0.00548
,,,,13.256,0.001946
,,,,13.257,0.013006
,,,,13.258,0.00305
,,,,13.259,-0.00618
,,,,13.26,-0.00033
,,,,13.261,0.003237
,,,,13.262,0.00122
,,,,13.263,-0.00154
,,,,13.264,0.00172
,,,,13.265,0.004658
,,,,13.266,0.011507
,,,,13.267,-0.00342
,,,,13.268,-0.00685
,,,,13.269,0.009293
,,,,13.27,0.008421
,,,,13.271,0.001402
,,,,13.272,0.008246
,,,,13.273,0.004873
,,,,13.274,0.008234
,,,,13.275,-0.00781
,,,,13.276,-0.01089
,,,,13.277,0.007174
,,,,13.278,-0.00405
,,,,13.279,-0.00247
,,,,13.28,-0.00286
,,,,13.281,0.000283
,,,,13.282,-0.00308
,,,,13.283,-0.00273
,,,,13.284,-0.00274
,,,,13.285,-0.00569
,,,,13.286,-0.00373
,,,,13.287,-0.000087
,,,,13.288,0.012527
,,,,13.289,0.01582
,,,,13.29,0.004046
,,,,13.291,0.004219
,,,,13.292,0.007342
,,,,13.293,-0.00036
,,,,13.294,-0.00422
,,,,13.295,-0.00366
,,,,13.296,0.003057
,,,,13.297,0.002917
,,,,13.298,-0.00297
,,,,13.299,0.01052
,,,,13.3,0.006639
,,,,13.301,0.007924
,,,,13.302,-0.005
,,,,13.303,-0.00096
,,,,13.304,0.014874
,,,,13.305,0.0000277
,,,,13.306,-0.00202
,,,,13.307,0.003682
,,,,13.308,0.007829
,,,,13.309,-0.0082
,,,,13.31,-0.00498
,,,,13.311,0.004919
,,,,13.312,0.008084
,,,,13.313,-0.00393
,,,,13.314,0.007622
,,,,13.315,0.005805
,,,,13.316,0.001428
,,,,13.317,-0.00067
,,,,13.318,-0.0015
,,,,13.319,0.006739
,,,,13.32,0.006378
,,,,13.321,-0.00524
,,,,13.322,-0.01125
,,,,13.323,0.004022
,,,,13.324,0.003991
,,,,13.325,-0.00746
,,,,13.326,0.003496
,,,,13.327,0.012091
,,,,13.328,0.008068
,,,,13.329,0.001343
,,,,13.33,-0.00162
,,,,13.331,0.007932
,,,,13.332,0.005762
,,,,13.333,-0.0057
,,,,13.334,0.015495
,,,,13.335,0.008113
,,,,13.336,-0.00443
,,,,13.337,-0.0049
,,,,13.338,-0.0055
,,,,13.339,0.01948
,,,,13.34,0.000197
,,,,13.341,-0.01357
,,,,13.342,0.002107
,,,,13.343,0.003919
,,,,13.344,0.007083
,,,,13.345,0.004037
,,,,13.346,0.006093
,,,,13.347,-0.00075
,,,,13.348,0.006856
,,,,13.349,-0.00763
,,,,13.35,0.005198
,,,,13.351,0.004334
,,,,13.352,0.011642
,,,,13.353,-0.000013
,,,,13.354,-0.00467
,,,,13.355,0.012672
,,,,13.356,-0.000097
,,,,13.357,-0.00073
,,,,13.358,0.012466
,,,,13.359,-0.00123
,,,,13.36,0.004464
,,,,13.361,-0.00909
,,,,13.362,0.017612
,,,,13.363,0.007343
,,,,13.364,0.0048
,,,,13.365,0.009212
,,,,13.366,0.012361
,,,,13.367,0.001872
,,,,13.368,-0.00088
,,,,13.369,0.010644
,,,,13.37,0.010742
,,,,13.371,0.014965
,,,,13.372,0.00152
,,,,13.373,0.002998
,,,,13.374,0.012752
,,,,13.375,-0.00328
,,,,13.376,0.006326
,,,,13.377,0.005461
,,,,13.378,0.003628
,,,,13.379,0.012467
,,,,13.38,-0.00169
,,,,13.381,0.013122
,,,,13.382,0.009125
,,,,13.383,0.009466
,,,,13.384,-0.00835
,,,,13.385,0.007237
,,,,13.386,0.01043
,,,,13.387,-0.00511
,,,,13.388,-0.00218
,,,,13.389,0.009753
,,,,13.39,0.014496
,,,,13.391,-0.00299
,,,,13.392,-0.0023
,,,,13.393,0.005979
,,,,13.394,0.018382
,,,,13.395,0.014794
,,,,13.396,0.006769
,,,,13.397,0.012173
,,,,13.398,0.0027
,,,,13.399,-0.00576
,,,,13.4,0.013275
,,,,13.401,0.020558
,,,,13.402,-0.00291
,,,,13.403,-0.00455
,,,,13.404,0.007002
,,,,13.405,0.01467
,,,,13.406,0.013109
,,,,13.407,0.002823
,,,,13.408,0.00472
,,,,13.409,0.005297
,,,,13.41,-0.000041
,,,,13.411,0.001875
,,,,13.412,0.014214
,,,,13.413,0.003805
,,,,13.414,0.009418
,,,,13.415,-0.00308
,,,,13.416,0.008345
,,,,13.417,0.01524
,,,,13.418,-0.00574
,,,,13.419,0.003982
,,,,13.42,0.008142
,,,,13.421,0.000724
,,,,13.422,0.005484
,,,,13.423,0.001659
,,,,13.424,0.006491
,,,,13.425,0.009257
,,,,13.426,-0.0012
,,,,13.427,-0.00124
,,,,13.428,0.006247
,,,,13.429,0.007978
,,,,13.43,0.001838
,,,,13.431,0.005287
,,,,13.432,0.014553
,,,,13.433,0.003524
,,,,13.434,0.000476
,,,,13.435,0.012122
,,,,13.436,0.025489
,,,,13.437,0.009718
,,,,13.438,0.008553
,,,,13.439,0.010256
,,,,13.44,0.010102
,,,,13.441,0.013504
,,,,13.442,0.007999
,,,,13.443,0.009649
,,,,13.444,0.004275
,,,,13.445,-0.00317
,,,,13.446,-0.00197
,,,,13.447,0.007696
,,,,13.448,0.014508
,,,,13.449,0.00692
,,,,13.45,0.014757
,,,,13.451,0.009096
,,,,13.452,0.01423
,,,,13.453,0.003163
,,,,13.454,0.002498
,,,,13.455,0.018612
,,,,13.456,0.006058
,,,,13.457,0.008448
,,,,13.458,0.001805
,,,,13.459,0.007449
,,,,13.46,0.006958
,,,,13.461,-0.00481
,,,,13.462,0.007482
,,,,13.463,0.009112
,,,,13.464,0.005136
,,,,13.465,0.006454
,,,,13.466,0.001317
,,,,13.467,0.013434
,,,,13.468,0.013104
,,,,13.469,-0.00375
,,,,13.47,0.000199
,,,,13.471,0.015419
,,,,13.472,0.013091
,,,,13.473,0.003746
,,,,13.474,0.013271
,,,,13.475,0.012292
,,,,13.476,0.011147
,,,,13.477,0.005642
,,,,13.478,-0.00566
,,,,13.479,0.013385
,,,,13.48,0.00284
,,,,13.481,0.00901
,,,,13.482,0.008934
,,,,13.483,0.006601
,,,,13.484,0.006491
,,,,13.485,0.010294
,,,,13.486,0.015536
,,,,13.487,0.013353
,,,,13.488,0.004695
,,,,13.489,0.009895
,,,,13.49,0.016305
,,,,13.491,0.012436
,,,,13.492,0.004397
,,,,13.493,0.013427
,,,,13.494,0.011054
,,,,13.495,0.013094
,,,,13.496,0.000626
,,,,13.497,0.009481
,,,,13.498,0.013388
,,,,13.499,0.008764
,,,,13.5,0.006546
,,,,13.501,0.003409
,,,,13.502,0.010843
,,,,13.503,0.008221
,,,,13.504,0.006817
,,,,13.505,0.00314
,,,,13.506,0.010941
,,,,13.507,0.005659
,,,,13.508,0.000724
,,,,13.509,0.019778
,,,,13.51,0.003621
,,,,13.511,0.004941
,,,,13.512,-0.00197
,,,,13.513,0.006733
,,,,13.514,0.017242
,,,,13.515,0.004703
,,,,13.516,0.014992
,,,,13.517,0.019352
,,,,13.518,0.009458
,,,,13.519,0.009049
,,,,13.52,0.006307
,,,,13.521,0.01405
,,,,13.522,0.009805
,,,,13.523,0.014945
,,,,13.524,0.008242
,,,,13.525,0.022594
,,,,13.526,0.015356
,,,,13.527,0.006801
,,,,13.528,0.018195
,,,,13.529,0.009061
,,,,13.53,0.017409
,,,,13.531,-0.000078
,,,,13.532,0.007775
,,,,13.533,0.013082
,,,,13.534,0.011567
,,,,13.535,0.010626
,,,,13.536,0.016074
,,,,13.537,0.005527
,,,,13.538,0.011391
,,,,13.539,0.011645
,,,,13.54,0.020003
,,,,13.541,0.00967
,,,,13.542,0.004553
,,,,13.543,0.005381
,,,,13.544,0.015061
,,,,13.545,0.010705
,,,,13.546,0.008192
,,,,13.547,0.025158
,,,,13.548,0.0174
,,,,13.549,0.021269
,,,,13.55,0.014702
,,,,13.551,0.005317
,,,,13.552,0.016095
,,,,13.553,0.012344
,,,,13.554,0.003651
,,,,13.555,0.010254
,,,,13.556,0.013918
,,,,13.557,0.01458
,,,,13.558,0.008905
,,,,13.559,0.011899
,,,,13.56,0.015197
,,,,13.561,0.005808
,,,,13.562,0.01499
,,,,13.563,0.016767
,,,,13.564,0.023605
,,,,13.565,0.006812
,,,,13.566,0.007227
,,,,13.567,0.012482
,,,,13.568,0.011478
,,,,13.569,0.015114
,,,,13.57,0.006634
,,,,13.571,0.011282
,,,,13.572,0.013126
,,,,13.573,0.008707
,,,,13.574,0.013481
,,,,13.575,0.016802
,,,,13.576,0.022752
,,,,13.577,0.005789
,,,,13.578,0.009551
,,,,13.579,0.011945
,,,,13.58,0.021849
,,,,13.581,0.012559
,,,,13.582,0.006439
,,,,13.583,0.015613
,,,,13.584,0.014609
,,,,13.585,0.003895
,,,,13.586,0.010897
,,,,13.587,0.019372
,,,,13.588,0.011217
,,,,13.589,0.015231
,,,,13.59,0.011296
,,,,13.591,0.016417
,,,,13.592,0.021527
,,,,13.593,0.008313
,,,,13.594,0.010119
,,,,13.595,0.015121
,,,,13.596,0.016978
,,,,13.597,0.011189
,,,,13.598,0.019101
,,,,13.599,0.016151
,,,,13.6,0.021952
,,,,13.601,0.017081
,,,,13.602,0.010069
,,,,13.603,0.015208
,,,,13.604,0.016425
,,,,13.605,0.005722
,,,,13.606,0.008148
,,,,13.607,0.02209
,,,,13.608,0.011532
,,,,13.609,0.007358
,,,,13.61,0.014075
,,,,13.611,0.014865
,,,,13.612,0.006649
,,,,13.613,0.006058
,,,,13.614,0.012497
,,,,13.615,0.00879
,,,,13.616,0.011496
,,,,13.617,0.019028
,,,,13.618,0.014704
,,,,13.619,0.020196
,,,,13.62,0.008188
,,,,13.621,0.011428
,,,,13.622,0.022206
,,,,13.623,0.010708
,,,,13.624,0.009817
,,,,13.625,0.012181
,,,,13.626,0.010077
,,,,13.627,0.011032
,,,,13.628,0.01141
,,,,13.629,0.009407
,,,,13.63,0.014594
,,,,13.631,0.006831
,,,,13.632,0.009215
,,,,13.633,0.010838
,,,,13.634,0.010905
,,,,13.635,0.017434
,,,,13.636,0.011942
,,,,13.637,0.005391
,,,,13.638,0.020404
,,,,13.639,0.00808
,,,,13.64,0.001192
,,,,13.641,0.021003
,,,,13.642,0.018158
,,,,13.643,0.018121
,,,,13.644,0.002006
,,,,13.645,0.012774
,,,,13.646,0.010996
,,,,13.647,0.012175
,,,,13.648,0.003512
,,,,13.649,0.011637
,,,,13.65,0.011213
,,,,13.651,0.008892
,,,,13.652,0.008321
,,,,13.653,0.016149
,,,,13.654,0.014762
,,,,13.655,0.005087
,,,,13.656,0.010831
,,,,13.657,0.01474
,,,,13.658,0.020117
,,,,13.659,0.012138
,,,,13.66,0.018736
,,,,13.661,0.020231
,,,,13.662,0.009921
,,,,13.663,0.014027
,,,,13.664,0.006812
,,,,13.665,0.027322
,,,,13.666,0.015064
,,,,13.667,0.00391
,,,,13.668,0.011812
,,,,13.669,0.020558
,,,,13.67,0.012568
,,,,13.671,0.00686
,,,,13.672,0.013116
,,,,13.673,0.023702
,,,,13.674,0.021689
,,,,13.675,0.019164
,,,,13.676,0.018008
,,,,13.677,0.0086
,,,,13.678,0.013151
,,,,13.679,0.000791
,,,,13.68,0.01771
,,,,13.681,0.012739
,,,,13.682,0.009742
,,,,13.683,0.016611
,,,,13.684,0.005314
,,,,13.685,0.011599
,,,,13.686,0.009121
,,,,13.687,0.003169
,,,,13.688,0.02104
,,,,13.689,0.014242
,,,,13.69,0.001776
,,,,13.691,0.011623
,,,,13.692,0.016322
,,,,13.693,0.025766
,,,,13.694,0.01216
,,,,13.695,0.00526
,,,,13.696,0.018871
,,,,13.697,0.004017
,,,,13.698,0.010085
,,,,13.699,0.016033
,,,,13.7,0.025355
,,,,13.701,0.010151
,,,,13.702,0.010185
,,,,13.703,0.0146
,,,,13.704,0.008547
,,,,13.705,0.019621
,,,,13.706,-0.00044
,,,,13.707,0.020372
,,,,13.708,0.018329
,,,,13.709,0.006851
,,,,13.71,0.010921
,,,,13.711,0.015575
,,,,13.712,0.022203
,,,,13.713,0.010626
,,,,13.714,0.007484
,,,,13.715,0.016752
,,,,13.716,0.014985
,,,,13.717,0.0000788
,,,,13.718,0.004052
,,,,13.719,0.021306
,,,,13.72,0.017756
,,,,13.721,0.018404
,,,,13.722,0.008349
,,,,13.723,0.013745
,,,,13.724,0.014883
,,,,13.725,0.001499
,,,,13.726,0.010051
,,,,13.727,0.008982
,,,,13.728,0.011624
,,,,13.729,0.000536
,,,,13.73,0.01665
,,,,13.731,0.017446
,,,,13.732,0.009676
,,,,13.733,0.01234
,,,,13.734,0.014843
,,,,13.735,0.018562
,,,,13.736,0.019346
,,,,13.737,0.003918
,,,,13.738,0.016716
,,,,13.739,0.007639
,,,,13.74,0.015173
,,,,13.741,0.007233
,,,,13.742,0.025305
,,,,13.743,0.016443
,,,,13.744,0.014435
,,,,13.745,0.013265
,,,,13.746,0.013082
,,,,13.747,0.017579
,,,,13.748,0.007231
,,,,13.749,0.011452
,,,,13.75,0.007895
,,,,13.751,0.014606
,,,,13.752,0.009435
,,,,13.753,0.00258
,,,,13.754,0.024038
,,,,13.755,0.014524
,,,,13.756,0.004882
,,,,13.757,0.013966
,,,,13.758,0.012709
,,,,13.759,0.01318
,,,,13.76,0.003974
,,,,13.761,0.009509
,,,,13.762,0.01592
,,,,13.763,0.017984
,,,,13.764,0.000809
,,,,13.765,0.018956
,,,,13.766,0.016469
,,,,13.767,0.021111
,,,,13.768,0.005027
,,,,13.769,0.016929
,,,,13.77,0.017406
,,,,13.771,-0.00035
,,,,13.772,0.008585
,,,,13.773,0.014786
,,,,13.774,0.014618
,,,,13.775,0.007189
,,,,13.776,0.008138
,,,,13.777,0.012292
,,,,13.778,0.01848
,,,,13.779,0.000555
,,,,13.78,0.006895
,,,,13.781,0.028549
,,,,13.782,0.015326
,,,,13.783,0.006299
,,,,13.784,0.012033
,,,,13.785,0.014166
,,,,13.786,0.008496
,,,,13.787,0.0000765
,,,,13.788,-0.00158
,,,,13.789,0.025355
,,,,13.79,0.016673
,,,,13.791,0.00791
,,,,13.792,0.014745
,,,,13.793,0.010937
,,,,13.794,0.006918
,,,,13.795,0.009493
,,,,13.796,0.013839
,,,,13.797,0.027716
,,,,13.798,0.012806
,,,,13.799,0.018313
,,,,13.8,0.017361
,,,,13.801,0.023909
,,,,13.802,0.007538
,,,,13.803,0.011042
,,,,13.804,0.018992
,,,,13.805,0.012537
,,,,13.806,0.013466
,,,,13.807,-0.00053
,,,,13.808,0.018323
,,,,13.809,0.020755
,,,,13.81,0.014934
,,,,13.811,0.014969
,,,,13.812,0.021604
,,,,13.813,0.008462
,,,,13.814,0.010144
,,,,13.815,0.006466
,,,,13.816,0.014558
,,,,13.817,0.016078
,,,,13.818,0.001371
,,,,13.819,0.022605
,,,,13.82,0.014351
,,,,13.821,0.018897
,,,,13.822,0.007709
,,,,13.823,0.014583
,,,,13.824,0.015216
,,,,13.825,0.00816
,,,,13.826,0.017481
,,,,13.827,0.006533
,,,,13.828,0.007046
,,,,13.829,0.008172
,,,,13.83,0.001117
,,,,13.831,0.018624
,,,,13.832,0.014729
,,,,13.833,0.006617
,,,,13.834,0.012439
,,,,13.835,0.011874
,,,,13.836,0.012473
,,,,13.837,0.013392
,,,,13.838,0.015852
,,,,13.839,0.018304
,,,,13.84,0.015475
,,,,13.841,0.008063
,,,,13.842,0.003486
,,,,13.843,0.020496
,,,,13.844,0.016067
,,,,13.845,0.009857
,,,,13.846,0.007911
,,,,13.847,0.024733
,,,,13.848,0.010792
,,,,13.849,0.010027
,,,,13.85,0.012204
,,,,13.851,0.018896
,,,,13.852,0.017317
,,,,13.853,0.010319
,,,,13.854,0.012205
,,,,13.855,0.016038
,,,,13.856,0.008327
,,,,13.857,-0.00061
,,,,13.858,0.006831
,,,,13.859,0.010874
,,,,13.86,0.011322
,,,,13.861,0.007378
,,,,13.862,0.018492
,,,,13.863,0.012601
,,,,13.864,0.005083
,,,,13.865,0.006394
,,,,13.866,0.015996
,,,,13.867,0.015583
,,,,13.868,0.00618
,,,,13.869,0.005664
,,,,13.87,0.010744
,,,,13.871,0.00677
,,,,13.872,0.005266
,,,,13.873,0.017389
,,,,13.874,0.015322
,,,,13.875,0.011247
,,,,13.876,-0.00038
,,,,13.877,0.008777
,,,,13.878,0.015327
,,,,13.879,0.015863
,,,,13.88,0.009296
,,,,13.881,0.005431
,,,,13.882,0.01638
,,,,13.883,0.014267
,,,,13.884,0.002618
,,,,13.885,0.008941
,,,,13.886,0.014338
,,,,13.887,0.005724
,,,,13.888,0.01167
,,,,13.889,0.011954
,,,,13.89,0.021032
,,,,13.891,0.009806
,,,,13.892,-0.00208
,,,,13.893,0.010577
,,,,13.894,0.014018
,,,,13.895,0.010499
,,,,13.896,0.002664
,,,,13.897,0.022386
,,,,13.898,0.012604
,,,,13.899,0.014336
,,,,13.9,0.00686
,,,,13.901,0.008215
,,,,13.902,0.010036
,,,,13.903,0.002188
,,,,13.904,0.009244
,,,,13.905,0.016666
,,,,13.906,0.001531
,,,,13.907,0.009645
,,,,13.908,0.00987
,,,,13.909,0.028438
,,,,13.91,0.011298
,,,,13.911,0.007062
,,,,13.912,0.008407
,,,,13.913,0.009703
,,,,13.914,0.014936
,,,,13.915,0.012234
,,,,13.916,0.012418
,,,,13.917,0.016743
,,,,13.918,0.012736
,,,,13.919,-0.00183
,,,,13.92,0.004463
,,,,13.921,0.02042
,,,,13.922,0.008232
,,,,13.923,0.008726
,,,,13.924,0.012979
,,,,13.925,0.012692
,,,,13.926,0.017084
,,,,13.927,0.01194
,,,,13.928,0.015537
,,,,13.929,0.018138
,,,,13.93,0.012926
,,,,13.931,0.003336
,,,,13.932,0.021705
,,,,13.933,0.003107
,,,,13.934,0.011209
,,,,13.935,0.001062
,,,,13.936,0.008715
,,,,13.937,0.014234
,,,,13.938,0.008618
,,,,13.939,0.005839
,,,,13.94,0.013472
,,,,13.941,0.00742
,,,,13.942,0.009976
,,,,13.943,0.008691
,,,,13.944,0.012959
,,,,13.945,0.029519
,,,,13.946,0.013299
,,,,13.947,0.012748
,,,,13.948,0.01358
,,,,13.949,0.01629
,,,,13.95,-0.00054
,,,,13.951,0.00834
,,,,13.952,0.01614
,,,,13.953,0.015755
,,,,13.954,0.005437
,,,,13.955,0.018007
,,,,13.956,0.007862
,,,,13.957,0.010155
,,,,13.958,0.004758
,,,,13.959,0.013913
,,,,13.96,0.005991
,,,,13.961,0.010937
,,,,13.962,0.007941
,,,,13.963,0.014343
,,,,13.964,0.017266
,,,,13.965,0.00102
,,,,13.966,0.006864
,,,,13.967,0.012365
,,,,13.968,0.013812
,,,,13.969,0.009452
,,,,13.97,0.002999
,,,,13.971,0.013272
,,,,13.972,0.012708
,,,,13.973,-0.00405
,,,,13.974,0.013421
,,,,13.975,0.010569
,,,,13.976,0.007418
,,,,13.977,0.002637
,,,,13.978,0.014952
,,,,13.979,0.013482
,,,,13.98,0.018904
,,,,13.981,0.017922
,,,,13.982,0.012827
,,,,13.983,0.014886
,,,,13.984,0.014297
,,,,13.985,0.005699
,,,,13.986,0.013169
,,,,13.987,0.011068
,,,,13.988,0.003938
,,,,13.989,0.012636
,,,,13.99,0.01084
,,,,13.991,0.024965
,,,,13.992,0.010019
,,,,13.993,0.009082
,,,,13.994,0.016608
,,,,13.995,0.015293
,,,,13.996,0.005315
,,,,13.997,0.001947
,,,,13.998,0.012284
,,,,13.999,0.01053
,,,,14,0.008296
,,,,14.001,0.007772
,,,,14.002,0.015095
,,,,14.003,0.017161
,,,,14.004,0.010498
,,,,14.005,0.007893
,,,,14.006,0.013485
,,,,14.007,0.011848
,,,,14.008,0.005518
,,,,14.009,0.012432
,,,,14.01,0.010524
,,,,14.011,0.011221
,,,,14.012,0.00597
,,,,14.013,0.002402
,,,,14.014,0.018786
,,,,14.015,0.014745
,,,,14.016,0.001105
,,,,14.017,0.01599
,,,,14.018,0.023308
,,,,14.019,0.012756
,,,,14.02,0.009551
,,,,14.021,0.010098
,,,,14.022,0.01961
,,,,14.023,0.012175
,,,,14.024,0.008611
,,,,14.025,-0.00704
,,,,14.026,0.002514
,,,,14.027,0.000567
,,,,14.028,-0.00328
,,,,14.029,0.010577
,,,,14.03,0.011337
,,,,14.031,0.012647
,,,,14.032,0.003436
,,,,14.033,0.009641
,,,,14.034,0.01848
,,,,14.035,0.01116
,,,,14.036,0.00114
,,,,14.037,0.010814
,,,,14.038,0.013014
,,,,14.039,0.011976
,,,,14.04,0.016055
,,,,14.041,0.007287
,,,,14.042,0.018501
,,,,14.043,0.005323
,,,,14.044,0.007203
,,,,14.045,0.012048
,,,,14.046,0.014668
,,,,14.047,0.00398
,,,,14.048,0.01981
,,,,14.049,0.013787
,,,,14.05,0.011283
,,,,14.051,0.002048
,,,,14.052,0.015211
,,,,14.053,0.024035
,,,,14.054,0.01492
,,,,14.055,0.003264
,,,,14.056,0.013113
,,,,14.057,0.014942
,,,,14.058,0.021049
,,,,14.059,0.001631
,,,,14.06,0.00682
,,,,14.061,0.015175
,,,,14.062,0.003628
,,,,14.063,0.008652
,,,,14.064,0.011158
,,,,14.065,0.010454
,,,,14.066,0.01044
,,,,14.067,0.015023
,,,,14.068,0.024272
,,,,14.069,0.02457
,,,,14.07,0.008688
,,,,14.071,0.004345
,,,,14.072,0.015644
,,,,14.073,0.01323
,,,,14.074,0.010536
,,,,14.075,0.009119
,,,,14.076,0.015245
,,,,14.077,0.014358
,,,,14.078,0.004994
,,,,14.079,0.008263
,,,,14.08,0.016358
,,,,14.081,0.013825
,,,,14.082,0.011328
,,,,14.083,0.018747
,,,,14.084,0.021146
,,,,14.085,0.0121
,,,,14.086,0.002099
,,,,14.087,0.009077
,,,,14.088,0.012374
,,,,14.089,0.016131
,,,,14.09,0.010146
,,,,14.091,0.012728
,,,,14.092,0.019601
,,,,14.093,0.008145
,,,,14.094,0.009615
,,,,14.095,0.020641
,,,,14.096,0.014546
,,,,14.097,0.003995
,,,,14.098,0.00717
,,,,14.099,0.016406
,,,,14.1,0.010562
,,,,14.101,0.0044
,,,,14.102,0.009633
,,,,14.103,0.012682
,,,,14.104,-0.0003
,,,,14.105,0.007198
,,,,14.106,0.006717
,,,,14.107,0.009745
,,,,14.108,0.013579
,,,,14.109,-0.00029
,,,,14.11,0.008627
,,,,14.111,0.016309
,,,,14.112,0.006949
,,,,14.113,0.003828
,,,,14.114,0.004318
,,,,14.115,0.026649
,,,,14.116,0.005949
,,,,14.117,0.009301
,,,,14.118,0.016981
,,,,14.119,0.023401
,,,,14.12,0.010834
,,,,14.121,-0.00509
,,,,14.122,0.005608
,,,,14.123,0.023592
,,,,14.124,0.011336
,,,,14.125,0.001986
,,,,14.126,0.013963
,,,,14.127,0.023676
,,,,14.128,0.014607
,,,,14.129,0.001716
,,,,14.13,0.01858
,,,,14.131,0.020299
,,,,14.132,0.002025
,,,,14.133,0.006832
,,,,14.134,0.012947
,,,,14.135,0.012151
,,,,14.136,0.008056
,,,,14.137,0.017516
,,,,14.138,0.015644
,,,,14.139,0.019247
,,,,14.14,0.011708
,,,,14.141,0.0022
,,,,14.142,0.014714
,,,,14.143,0.013009
,,,,14.144,0.007454
,,,,14.145,0.017442
,,,,14.146,0.009426
,,,,14.147,0.023153
,,,,14.148,0.001484
,,,,14.149,0.011038
,,,,14.15,0.01875
,,,,14.151,0.012609
,,,,14.152,0.006179
,,,,14.153,0.005492
,,,,14.154,0.018039
,,,,14.155,0.006655
,,,,14.156,0.009235
,,,,14.157,0.00886
,,,,14.158,0.019201
,,,,14.159,0.00836
,,,,14.16,0.006213
,,,,14.161,0.016054
,,,,14.162,0.017118
,,,,14.163,0.016302
,,,,14.164,0.00646
,,,,14.165,0.013863
,,,,14.166,0.019065
,,,,14.167,0.006317
,,,,14.168,0.004376
,,,,14.169,0.032427
,,,,14.17,0.017952
,,,,14.171,0.00575
,,,,14.172,0.013758
,,,,14.173,0.008765
,,,,14.174,0.015345
,,,,14.175,0.019472
,,,,14.176,0.008209
,,,,14.177,0.015502
,,,,14.178,0.012352
,,,,14.179,0.00324
,,,,14.18,0.005828
,,,,14.181,0.016351
,,,,14.182,0.009823
,,,,14.183,0.008114
,,,,14.184,0.012169
,,,,14.185,0.017446
,,,,14.186,0.008801
